[
    {
        "model": 1,
        "sequence": 21,
        "status": 1,
        "fuel": 7290,
        "fault": 0.3615,
        "weapon": 0,
        "pilot_injury": 0.2999,
        "pilot_skill": 0.0344,
        "mission_priority": 0.6349,
        "estimated_landing_time": 1980.0,
        "wait_time": 0,
        "Landing_success_rate": 0.9357
    },
    {
        "model": 0,
        "sequence": 4,
        "status": 1,
        "fuel": 6931,
        "fault": 0.4321,
        "weapon": 0,
        "pilot_injury": 0.3903,
        "pilot_skill": 0.891,
        "mission_priority": 0.8136,
        "estimated_landing_time": 382.0,
        "wait_time": 0,
        "Landing_success_rate": 0.9109
    },
    {
        "model": 1,
        "sequence": 14,
        "status": 1,
        "fuel": 7007,
        "fault": 0.6043,
        "weapon": 0,
        "pilot_injury": 0.9102,
        "pilot_skill": 0.1544,
        "mission_priority": 0.6268,
        "estimated_landing_time": 1322.0,
        "wait_time": 0,
        "Landing_success_rate": 0.8947
    },
    {
        "model": 2,
        "sequence": 6,
        "status": 1,
        "fuel": 6447,
        "fault": 0.0167,
        "weapon": 1,
        "pilot_injury": 0.2771,
        "pilot_skill": 0.4497,
        "mission_priority": 0.3453,
        "estimated_landing_time": 570.0,
        "wait_time": 0,
        "Landing_success_rate": 0.9198
    },
    {
        "model": 1,
        "sequence": 18,
        "status": 1,
        "fuel": 5880,
        "fault": 0.32,
        "weapon": 1,
        "pilot_injury": 0.882,
        "pilot_skill": 0.9591,
        "mission_priority": 0.1923,
        "estimated_landing_time": 1698.0,
        "wait_time": 0,
        "Landing_success_rate": 0.8694
    },
    {
        "model": 1,
        "sequence": 1,
        "status": 1,
        "fuel": 7011,
        "fault": 0.8638,
        "weapon": 0,
        "pilot_injury": 0.3434,
        "pilot_skill": 0.0191,
        "mission_priority": 0.6898,
        "estimated_landing_time": 100.0,
        "wait_time": 0,
        "Landing_success_rate": 0.8654
    },
    {
        "model": 0,
        "sequence": 7,
        "status": 1,
        "fuel": 6422,
        "fault": 0.02,
        "weapon": 1,
        "pilot_injury": 0.4353,
        "pilot_skill": 0.5252,
        "mission_priority": 0.1996,
        "estimated_landing_time": 664.0,
        "wait_time": 0,
        "Landing_success_rate": 0.9178
    },
    {
        "model": 2,
        "sequence": 3,
        "status": 1,
        "fuel": 5912,
        "fault": 0.4227,
        "weapon": 0,
        "pilot_injury": 0.1455,
        "pilot_skill": 0.878,
        "mission_priority": 0.2692,
        "estimated_landing_time": 288.0,
        "wait_time": 0,
        "Landing_success_rate": 0.8678
    },
    {
        "model": 1,
        "sequence": 8,
        "status": 1,
        "fuel": 6027,
        "fault": 0.8131,
        "weapon": 1,
        "pilot_injury": 0.1779,
        "pilot_skill": 0.3517,
        "mission_priority": 0.4402,
        "estimated_landing_time": 758.0,
        "wait_time": 0,
        "Landing_success_rate": 0.8574
    },
    {
        "model": 0,
        "sequence": 11,
        "status": 1,
        "fuel": 7408,
        "fault": 0.8299,
        "weapon": 1,
        "pilot_injury": 0.5976,
        "pilot_skill": 0.7389,
        "mission_priority": 0.0292,
        "estimated_landing_time": 1040.0,
        "wait_time": 0,
        "Landing_success_rate": 0.8743
    },
    {
        "model": 0,
        "sequence": 19,
        "status": 1,
        "fuel": 7142,
        "fault": 0.4481,
        "weapon": 0,
        "pilot_injury": 0.7011,
        "pilot_skill": 0.0557,
        "mission_priority": 0.9117,
        "estimated_landing_time": 1792.0,
        "wait_time": 0,
        "Landing_success_rate": 0.918
    },
    {
        "model": 1,
        "sequence": 10,
        "status": 1,
        "fuel": 7240,
        "fault": 0.9956,
        "weapon": 1,
        "pilot_injury": 0.4415,
        "pilot_skill": 0.1307,
        "mission_priority": 0.291,
        "estimated_landing_time": 946.0,
        "wait_time": 0,
        "Landing_success_rate": 0.8506
    },
    {
        "model": 0,
        "sequence": 5,
        "status": 1,
        "fuel": 6145,
        "fault": 0.8008,
        "weapon": 1,
        "pilot_injury": 0.0007,
        "pilot_skill": 0.5941,
        "mission_priority": 0.7193,
        "estimated_landing_time": 476.0,
        "wait_time": 0,
        "Landing_success_rate": 0.8596
    },
    {
        "model": 1,
        "sequence": 13,
        "status": 1,
        "fuel": 6487,
        "fault": 0.1923,
        "weapon": 0,
        "pilot_injury": 0.2177,
        "pilot_skill": 0.2503,
        "mission_priority": 0.8317,
        "estimated_landing_time": 1228.0,
        "wait_time": 0,
        "Landing_success_rate": 0.9098
    },
    {
        "model": 1,
        "sequence": 17,
        "status": 1,
        "fuel": 6769,
        "fault": 0.9523,
        "weapon": 0,
        "pilot_injury": 0.9349,
        "pilot_skill": 0.6371,
        "mission_priority": 0.8987,
        "estimated_landing_time": 1604.0,
        "wait_time": 0,
        "Landing_success_rate": 0.8545
    },
    {
        "model": 1,
        "sequence": 16,
        "status": 1,
        "fuel": 6443,
        "fault": 0.3758,
        "weapon": 1,
        "pilot_injury": 0.9299,
        "pilot_skill": 0.4587,
        "mission_priority": 0.1816,
        "estimated_landing_time": 1510.0,
        "wait_time": 0,
        "Landing_success_rate": 0.8941
    },
    {
        "model": 2,
        "sequence": 22,
        "status": 1,
        "fuel": 7218,
        "fault": 0.2205,
        "weapon": 0,
        "pilot_injury": 0.4683,
        "pilot_skill": 0.8531,
        "mission_priority": 0.9336,
        "estimated_landing_time": 2074.0,
        "wait_time": 0,
        "Landing_success_rate": 0.9504
    },
    {
        "model": 1,
        "sequence": 15,
        "status": 1,
        "fuel": 6709,
        "fault": 0.4189,
        "weapon": 1,
        "pilot_injury": 0.3821,
        "pilot_skill": 0.0282,
        "mission_priority": 0.8552,
        "estimated_landing_time": 1416.0,
        "wait_time": 0,
        "Landing_success_rate": 0.9027
    },
    {
        "model": 0,
        "sequence": 20,
        "status": 1,
        "fuel": 6258,
        "fault": 0.2854,
        "weapon": 0,
        "pilot_injury": 0.7149,
        "pilot_skill": 0.4298,
        "mission_priority": 0.3064,
        "estimated_landing_time": 1886.0,
        "wait_time": 0,
        "Landing_success_rate": 0.8906
    },
    {
        "model": 2,
        "sequence": 12,
        "status": 1,
        "fuel": 6983,
        "fault": 0.648,
        "weapon": 0,
        "pilot_injury": 0.2894,
        "pilot_skill": 0.4796,
        "mission_priority": 0.9728,
        "estimated_landing_time": 1134.0,
        "wait_time": 0,
        "Landing_success_rate": 0.8892
    },
    {
        "model": 0,
        "sequence": 24,
        "status": 1,
        "fuel": 7127,
        "fault": 0.6145,
        "weapon": 1,
        "pilot_injury": 0.1005,
        "pilot_skill": 0.5092,
        "mission_priority": 0.0247,
        "estimated_landing_time": 2262.0,
        "wait_time": 0,
        "Landing_success_rate": 0.897
    },
    {
        "model": 2,
        "sequence": 2,
        "status": 1,
        "fuel": 7243,
        "fault": 0.988,
        "weapon": 0,
        "pilot_injury": 0.5333,
        "pilot_skill": 0.996,
        "mission_priority": 0.8005,
        "estimated_landing_time": 194.0,
        "wait_time": 0,
        "Landing_success_rate": 0.8516
    },
    {
        "model": 2,
        "sequence": 9,
        "status": 1,
        "fuel": 5528,
        "fault": 0.239,
        "weapon": 1,
        "pilot_injury": 0.0416,
        "pilot_skill": 0.2068,
        "mission_priority": 0.9251,
        "estimated_landing_time": 852.0,
        "wait_time": 0,
        "Landing_success_rate": 0.8516
    },
    {
        "model": 2,
        "sequence": 23,
        "status": 1,
        "fuel": 7243,
        "fault": 0.8794,
        "weapon": 1,
        "pilot_injury": 0.7024,
        "pilot_skill": 0.2995,
        "mission_priority": 0.2689,
        "estimated_landing_time": 2168.0,
        "wait_time": 0,
        "Landing_success_rate": 0.8658
    }
]