[
    {
        "model": 2,
        "sequence": 21,
        "status": 1,
        "fuel": 5616,
        "fault": 0.1334,
        "weapon": 0,
        "pilot_injury": 0.645,
        "pilot_skill": 0.8486,
        "mission_priority": 0.4016,
        "estimated_landing_time": 1980.0,
        "wait_time": 0,
        "Landing_success_rate": 0.8575
    },
    {
        "model": 2,
        "sequence": 6,
        "status": 1,
        "fuel": 5615,
        "fault": 0.2155,
        "weapon": 0,
        "pilot_injury": 0.8228,
        "pilot_skill": 0.5403,
        "mission_priority": 0.223,
        "estimated_landing_time": 570.0,
        "wait_time": 0,
        "Landing_success_rate": 0.8568
    },
    {
        "model": 1,
        "sequence": 3,
        "status": 1,
        "fuel": 6259,
        "fault": 0.6099,
        "weapon": 0,
        "pilot_injury": 0.7836,
        "pilot_skill": 0.5751,
        "mission_priority": 0.1152,
        "estimated_landing_time": 288.0,
        "wait_time": 0,
        "Landing_success_rate": 0.8722
    },
    {
        "model": 1,
        "sequence": 13,
        "status": 1,
        "fuel": 6303,
        "fault": 0.3891,
        "weapon": 1,
        "pilot_injury": 0.071,
        "pilot_skill": 0.5422,
        "mission_priority": 0.8892,
        "estimated_landing_time": 1228.0,
        "wait_time": 0,
        "Landing_success_rate": 0.8868
    },
    {
        "model": 0,
        "sequence": 19,
        "status": 1,
        "fuel": 6749,
        "fault": 0.3434,
        "weapon": 1,
        "pilot_injury": 0.5736,
        "pilot_skill": 0.9432,
        "mission_priority": 0.7229,
        "estimated_landing_time": 1792.0,
        "wait_time": 0,
        "Landing_success_rate": 0.9115
    },
    {
        "model": 2,
        "sequence": 22,
        "status": 1,
        "fuel": 6680,
        "fault": 0.2937,
        "weapon": 1,
        "pilot_injury": 0.7989,
        "pilot_skill": 0.1366,
        "mission_priority": 0.3476,
        "estimated_landing_time": 2074.0,
        "wait_time": 0,
        "Landing_success_rate": 0.9125
    },
    {
        "model": 1,
        "sequence": 11,
        "status": 1,
        "fuel": 7065,
        "fault": 0.0533,
        "weapon": 0,
        "pilot_injury": 0.1116,
        "pilot_skill": 0.4586,
        "mission_priority": 0.697,
        "estimated_landing_time": 1040.0,
        "wait_time": 0,
        "Landing_success_rate": 0.9611
    },
    {
        "model": 2,
        "sequence": 10,
        "status": 1,
        "fuel": 5996,
        "fault": 0.8845,
        "weapon": 1,
        "pilot_injury": 0.5141,
        "pilot_skill": 0.8797,
        "mission_priority": 0.3553,
        "estimated_landing_time": 946.0,
        "wait_time": 0,
        "Landing_success_rate": 0.8543
    },
    {
        "model": 0,
        "sequence": 24,
        "status": 1,
        "fuel": 5685,
        "fault": 0.8834,
        "weapon": 0,
        "pilot_injury": 0.4884,
        "pilot_skill": 0.5028,
        "mission_priority": 0.6212,
        "estimated_landing_time": 2262.0,
        "wait_time": 0,
        "Landing_success_rate": 0.8516
    },
    {
        "model": 1,
        "sequence": 15,
        "status": 1,
        "fuel": 7218,
        "fault": 0.5982,
        "weapon": 1,
        "pilot_injury": 0.3615,
        "pilot_skill": 0.3969,
        "mission_priority": 0.1741,
        "estimated_landing_time": 1416.0,
        "wait_time": 0,
        "Landing_success_rate": 0.9018
    },
    {
        "model": 2,
        "sequence": 1,
        "status": 1,
        "fuel": 6334,
        "fault": 0.3756,
        "weapon": 1,
        "pilot_injury": 0.8,
        "pilot_skill": 0.9358,
        "mission_priority": 0.4032,
        "estimated_landing_time": 100.0,
        "wait_time": 0,
        "Landing_success_rate": 0.8891
    },
    {
        "model": 2,
        "sequence": 2,
        "status": 1,
        "fuel": 6994,
        "fault": 0.0179,
        "weapon": 1,
        "pilot_injury": 0.804,
        "pilot_skill": 0.7125,
        "mission_priority": 0.3679,
        "estimated_landing_time": 194.0,
        "wait_time": 0,
        "Landing_success_rate": 0.96
    },
    {
        "model": 0,
        "sequence": 18,
        "status": 1,
        "fuel": 5945,
        "fault": 0.1106,
        "weapon": 1,
        "pilot_injury": 0.5765,
        "pilot_skill": 0.9638,
        "mission_priority": 0.2001,
        "estimated_landing_time": 1698.0,
        "wait_time": 0,
        "Landing_success_rate": 0.8797
    },
    {
        "model": 1,
        "sequence": 12,
        "status": 1,
        "fuel": 7301,
        "fault": 0.0837,
        "weapon": 1,
        "pilot_injury": 0.7831,
        "pilot_skill": 0.3501,
        "mission_priority": 0.2244,
        "estimated_landing_time": 1134.0,
        "wait_time": 0,
        "Landing_success_rate": 0.9738
    },
    {
        "model": 2,
        "sequence": 17,
        "status": 1,
        "fuel": 7013,
        "fault": 0.9063,
        "weapon": 1,
        "pilot_injury": 0.5468,
        "pilot_skill": 0.7436,
        "mission_priority": 0.3391,
        "estimated_landing_time": 1604.0,
        "wait_time": 0,
        "Landing_success_rate": 0.8606
    },
    {
        "model": 0,
        "sequence": 16,
        "status": 1,
        "fuel": 6804,
        "fault": 0.1215,
        "weapon": 1,
        "pilot_injury": 0.0731,
        "pilot_skill": 0.4623,
        "mission_priority": 0.3016,
        "estimated_landing_time": 1510.0,
        "wait_time": 0,
        "Landing_success_rate": 0.9359
    },
    {
        "model": 2,
        "sequence": 4,
        "status": 1,
        "fuel": 7444,
        "fault": 0.5092,
        "weapon": 0,
        "pilot_injury": 0.1218,
        "pilot_skill": 0.8652,
        "mission_priority": 0.5663,
        "estimated_landing_time": 382.0,
        "wait_time": 0,
        "Landing_success_rate": 0.9216
    },
    {
        "model": 0,
        "sequence": 14,
        "status": 1,
        "fuel": 6706,
        "fault": 0.7241,
        "weapon": 0,
        "pilot_injury": 0.4638,
        "pilot_skill": 0.7611,
        "mission_priority": 0.5246,
        "estimated_landing_time": 1322.0,
        "wait_time": 0,
        "Landing_success_rate": 0.875
    },
    {
        "model": 2,
        "sequence": 8,
        "status": 1,
        "fuel": 5536,
        "fault": 0.8609,
        "weapon": 0,
        "pilot_injury": 0.4904,
        "pilot_skill": 0.3169,
        "mission_priority": 0.3355,
        "estimated_landing_time": 758.0,
        "wait_time": 0,
        "Landing_success_rate": 0.8504
    },
    {
        "model": 2,
        "sequence": 20,
        "status": 1,
        "fuel": 5604,
        "fault": 0.2537,
        "weapon": 1,
        "pilot_injury": 0.0846,
        "pilot_skill": 0.0465,
        "mission_priority": 0.111,
        "estimated_landing_time": 1886.0,
        "wait_time": 0,
        "Landing_success_rate": 0.8558
    },
    {
        "model": 0,
        "sequence": 5,
        "status": 1,
        "fuel": 5541,
        "fault": 0.0039,
        "weapon": 1,
        "pilot_injury": 0.1881,
        "pilot_skill": 0.888,
        "mission_priority": 0.8084,
        "estimated_landing_time": 476.0,
        "wait_time": 0,
        "Landing_success_rate": 0.8531
    },
    {
        "model": 1,
        "sequence": 9,
        "status": 1,
        "fuel": 6490,
        "fault": 0.4436,
        "weapon": 1,
        "pilot_injury": 0.3663,
        "pilot_skill": 0.0368,
        "mission_priority": 0.9043,
        "estimated_landing_time": 852.0,
        "wait_time": 0,
        "Landing_success_rate": 0.8913
    },
    {
        "model": 0,
        "sequence": 7,
        "status": 1,
        "fuel": 6261,
        "fault": 0.6472,
        "weapon": 1,
        "pilot_injury": 0.5719,
        "pilot_skill": 0.3056,
        "mission_priority": 0.4955,
        "estimated_landing_time": 664.0,
        "wait_time": 0,
        "Landing_success_rate": 0.8701
    },
    {
        "model": 1,
        "sequence": 23,
        "status": 1,
        "fuel": 7477,
        "fault": 0.2507,
        "weapon": 0,
        "pilot_injury": 0.3555,
        "pilot_skill": 0.7399,
        "mission_priority": 0.5101,
        "estimated_landing_time": 2168.0,
        "wait_time": 0,
        "Landing_success_rate": 0.9611
    }
]