[
    {
        "model": 1,
        "sequence": 5,
        "status": 1,
        "fuel": 6627,
        "fault": 0.0037,
        "weapon": 1,
        "pilot_injury": 0.5294,
        "pilot_skill": 0.4816,
        "mission_priority": 0.6806,
        "estimated_landing_time": 476.0,
        "wait_time": 0,
        "Landing_success_rate": 0.9342
    },
    {
        "model": 0,
        "sequence": 19,
        "status": 1,
        "fuel": 6211,
        "fault": 0.0378,
        "weapon": 0,
        "pilot_injury": 0.7628,
        "pilot_skill": 0.7653,
        "mission_priority": 0.3563,
        "estimated_landing_time": 1792.0,
        "wait_time": 0,
        "Landing_success_rate": 0.9013
    },
    {
        "model": 0,
        "sequence": 18,
        "status": 1,
        "fuel": 5727,
        "fault": 0.8019,
        "weapon": 0,
        "pilot_injury": 0.3772,
        "pilot_skill": 0.9033,
        "mission_priority": 0.0697,
        "estimated_landing_time": 1698.0,
        "wait_time": 0,
        "Landing_success_rate": 0.8534
    },
    {
        "model": 2,
        "sequence": 8,
        "status": 1,
        "fuel": 6662,
        "fault": 0.927,
        "weapon": 0,
        "pilot_injury": 0.2919,
        "pilot_skill": 0.1728,
        "mission_priority": 0.3794,
        "estimated_landing_time": 758.0,
        "wait_time": 0,
        "Landing_success_rate": 0.8564
    },
    {
        "model": 0,
        "sequence": 1,
        "status": 1,
        "fuel": 7190,
        "fault": 0.5312,
        "weapon": 1,
        "pilot_injury": 0.4119,
        "pilot_skill": 0.9344,
        "mission_priority": 0.0485,
        "estimated_landing_time": 100.0,
        "wait_time": 0,
        "Landing_success_rate": 0.9094
    },
    {
        "model": 0,
        "sequence": 24,
        "status": 1,
        "fuel": 5712,
        "fault": 0.8505,
        "weapon": 1,
        "pilot_injury": 0.6156,
        "pilot_skill": 0.0396,
        "mission_priority": 0.403,
        "estimated_landing_time": 2262.0,
        "wait_time": 0,
        "Landing_success_rate": 0.8524
    },
    {
        "model": 2,
        "sequence": 20,
        "status": 1,
        "fuel": 6599,
        "fault": 0.2818,
        "weapon": 1,
        "pilot_injury": 0.6381,
        "pilot_skill": 0.3206,
        "mission_priority": 0.0935,
        "estimated_landing_time": 1886.0,
        "wait_time": 0,
        "Landing_success_rate": 0.9092
    },
    {
        "model": 0,
        "sequence": 7,
        "status": 1,
        "fuel": 6999,
        "fault": 0.1589,
        "weapon": 1,
        "pilot_injury": 0.9476,
        "pilot_skill": 0.4752,
        "mission_priority": 0.3173,
        "estimated_landing_time": 664.0,
        "wait_time": 0,
        "Landing_success_rate": 0.9446
    },
    {
        "model": 1,
        "sequence": 4,
        "status": 1,
        "fuel": 5744,
        "fault": 0.3827,
        "weapon": 1,
        "pilot_injury": 0.31,
        "pilot_skill": 0.812,
        "mission_priority": 0.8672,
        "estimated_landing_time": 382.0,
        "wait_time": 0,
        "Landing_success_rate": 0.8613
    },
    {
        "model": 1,
        "sequence": 21,
        "status": 1,
        "fuel": 6392,
        "fault": 0.0047,
        "weapon": 0,
        "pilot_injury": 0.5663,
        "pilot_skill": 0.7633,
        "mission_priority": 0.1365,
        "estimated_landing_time": 1980.0,
        "wait_time": 0,
        "Landing_success_rate": 0.9166
    },
    {
        "model": 2,
        "sequence": 23,
        "status": 1,
        "fuel": 6152,
        "fault": 0.7109,
        "weapon": 0,
        "pilot_injury": 0.0201,
        "pilot_skill": 0.7527,
        "mission_priority": 0.4738,
        "estimated_landing_time": 2168.0,
        "wait_time": 0,
        "Landing_success_rate": 0.8641
    },
    {
        "model": 0,
        "sequence": 9,
        "status": 1,
        "fuel": 5763,
        "fault": 0.0931,
        "weapon": 0,
        "pilot_injury": 0.8194,
        "pilot_skill": 0.3598,
        "mission_priority": 0.5408,
        "estimated_landing_time": 852.0,
        "wait_time": 0,
        "Landing_success_rate": 0.8679
    },
    {
        "model": 1,
        "sequence": 22,
        "status": 1,
        "fuel": 6512,
        "fault": 0.2928,
        "weapon": 1,
        "pilot_injury": 0.956,
        "pilot_skill": 0.5313,
        "mission_priority": 0.3997,
        "estimated_landing_time": 2074.0,
        "wait_time": 0,
        "Landing_success_rate": 0.9037
    },
    {
        "model": 1,
        "sequence": 2,
        "status": 1,
        "fuel": 6454,
        "fault": 0.9331,
        "weapon": 1,
        "pilot_injury": 0.2982,
        "pilot_skill": 0.1265,
        "mission_priority": 0.8426,
        "estimated_landing_time": 194.0,
        "wait_time": 0,
        "Landing_success_rate": 0.8548
    },
    {
        "model": 1,
        "sequence": 3,
        "status": 1,
        "fuel": 7260,
        "fault": 0.8504,
        "weapon": 0,
        "pilot_injury": 0.4708,
        "pilot_skill": 0.1989,
        "mission_priority": 0.6017,
        "estimated_landing_time": 288.0,
        "wait_time": 0,
        "Landing_success_rate": 0.8697
    },
    {
        "model": 1,
        "sequence": 16,
        "status": 1,
        "fuel": 6753,
        "fault": 0.6426,
        "weapon": 0,
        "pilot_injury": 0.5466,
        "pilot_skill": 0.436,
        "mission_priority": 0.7487,
        "estimated_landing_time": 1510.0,
        "wait_time": 0,
        "Landing_success_rate": 0.8836
    },
    {
        "model": 0,
        "sequence": 17,
        "status": 1,
        "fuel": 6484,
        "fault": 0.3536,
        "weapon": 1,
        "pilot_injury": 0.0388,
        "pilot_skill": 0.1941,
        "mission_priority": 0.5366,
        "estimated_landing_time": 1604.0,
        "wait_time": 0,
        "Landing_success_rate": 0.8977
    },
    {
        "model": 0,
        "sequence": 13,
        "status": 1,
        "fuel": 7363,
        "fault": 0.3527,
        "weapon": 0,
        "pilot_injury": 0.8425,
        "pilot_skill": 0.3032,
        "mission_priority": 0.4294,
        "estimated_landing_time": 1228.0,
        "wait_time": 0,
        "Landing_success_rate": 0.9404
    },
    {
        "model": 0,
        "sequence": 12,
        "status": 1,
        "fuel": 7380,
        "fault": 0.8048,
        "weapon": 1,
        "pilot_injury": 0.0311,
        "pilot_skill": 0.9469,
        "mission_priority": 0.2407,
        "estimated_landing_time": 1134.0,
        "wait_time": 0,
        "Landing_success_rate": 0.8775
    },
    {
        "model": 0,
        "sequence": 6,
        "status": 1,
        "fuel": 6161,
        "fault": 0.6939,
        "weapon": 1,
        "pilot_injury": 0.9285,
        "pilot_skill": 0.5797,
        "mission_priority": 0.667,
        "estimated_landing_time": 570.0,
        "wait_time": 0,
        "Landing_success_rate": 0.8652
    },
    {
        "model": 1,
        "sequence": 14,
        "status": 1,
        "fuel": 6078,
        "fault": 0.7058,
        "weapon": 0,
        "pilot_injury": 0.6215,
        "pilot_skill": 0.0388,
        "mission_priority": 0.1868,
        "estimated_landing_time": 1322.0,
        "wait_time": 0,
        "Landing_success_rate": 0.8628
    },
    {
        "model": 2,
        "sequence": 11,
        "status": 1,
        "fuel": 7148,
        "fault": 0.3687,
        "weapon": 0,
        "pilot_injury": 0.3506,
        "pilot_skill": 0.3768,
        "mission_priority": 0.5336,
        "estimated_landing_time": 1040.0,
        "wait_time": 0,
        "Landing_success_rate": 0.928
    },
    {
        "model": 2,
        "sequence": 15,
        "status": 1,
        "fuel": 6368,
        "fault": 0.1013,
        "weapon": 1,
        "pilot_injury": 0.2082,
        "pilot_skill": 0.2505,
        "mission_priority": 0.8059,
        "estimated_landing_time": 1416.0,
        "wait_time": 0,
        "Landing_success_rate": 0.9085
    },
    {
        "model": 1,
        "sequence": 10,
        "status": 1,
        "fuel": 6690,
        "fault": 0.6067,
        "weapon": 0,
        "pilot_injury": 0.5043,
        "pilot_skill": 0.8656,
        "mission_priority": 0.2413,
        "estimated_landing_time": 946.0,
        "wait_time": 0,
        "Landing_success_rate": 0.8851
    }
]