[
    {
        "model": 1,
        "sequence": 14,
        "status": 1,
        "fuel": 6011,
        "fault": 0.6067,
        "weapon": 0,
        "pilot_injury": 0.1859,
        "pilot_skill": 0.2244,
        "mission_priority": 0.4938,
        "estimated_landing_time": 1322.0,
        "wait_time": 0,
        "Landing_success_rate": 0.8651
    },
    {
        "model": 0,
        "sequence": 10,
        "status": 1,
        "fuel": 6771,
        "fault": 0.1129,
        "weapon": 0,
        "pilot_injury": 0.4883,
        "pilot_skill": 0.3377,
        "mission_priority": 0.5493,
        "estimated_landing_time": 946.0,
        "wait_time": 0,
        "Landing_success_rate": 0.9346
    },
    {
        "model": 2,
        "sequence": 3,
        "status": 1,
        "fuel": 6332,
        "fault": 0.787,
        "weapon": 0,
        "pilot_injury": 0.3246,
        "pilot_skill": 0.7212,
        "mission_priority": 0.6578,
        "estimated_landing_time": 288.0,
        "wait_time": 0,
        "Landing_success_rate": 0.8633
    },
    {
        "model": 0,
        "sequence": 11,
        "status": 1,
        "fuel": 6027,
        "fault": 0.7286,
        "weapon": 1,
        "pilot_injury": 0.7894,
        "pilot_skill": 0.7234,
        "mission_priority": 0.274,
        "estimated_landing_time": 1040.0,
        "wait_time": 0,
        "Landing_success_rate": 0.8607
    },
    {
        "model": 2,
        "sequence": 24,
        "status": 1,
        "fuel": 6980,
        "fault": 0.6405,
        "weapon": 0,
        "pilot_injury": 0.2722,
        "pilot_skill": 0.3842,
        "mission_priority": 0.8359,
        "estimated_landing_time": 2262.0,
        "wait_time": 0,
        "Landing_success_rate": 0.8899
    },
    {
        "model": 2,
        "sequence": 22,
        "status": 1,
        "fuel": 6417,
        "fault": 0.5002,
        "weapon": 1,
        "pilot_injury": 0.4924,
        "pilot_skill": 0.0366,
        "mission_priority": 0.1957,
        "estimated_landing_time": 2074.0,
        "wait_time": 0,
        "Landing_success_rate": 0.8844
    },
    {
        "model": 1,
        "sequence": 13,
        "status": 1,
        "fuel": 6595,
        "fault": 0.4047,
        "weapon": 0,
        "pilot_injury": 0.2924,
        "pilot_skill": 0.8749,
        "mission_priority": 0.7718,
        "estimated_landing_time": 1228.0,
        "wait_time": 0,
        "Landing_success_rate": 0.8989
    },
    {
        "model": 1,
        "sequence": 6,
        "status": 1,
        "fuel": 6543,
        "fault": 0.9892,
        "weapon": 1,
        "pilot_injury": 0.9613,
        "pilot_skill": 0.459,
        "mission_priority": 0.2384,
        "estimated_landing_time": 570.0,
        "wait_time": 0,
        "Landing_success_rate": 0.8508
    },
    {
        "model": 0,
        "sequence": 12,
        "status": 1,
        "fuel": 6207,
        "fault": 0.8296,
        "weapon": 0,
        "pilot_injury": 0.1053,
        "pilot_skill": 0.5727,
        "mission_priority": 0.5006,
        "estimated_landing_time": 1134.0,
        "wait_time": 0,
        "Landing_success_rate": 0.859
    },
    {
        "model": 2,
        "sequence": 9,
        "status": 1,
        "fuel": 7483,
        "fault": 0.4649,
        "weapon": 0,
        "pilot_injury": 0.2552,
        "pilot_skill": 0.6756,
        "mission_priority": 0.5426,
        "estimated_landing_time": 852.0,
        "wait_time": 0,
        "Landing_success_rate": 0.9296
    },
    {
        "model": 2,
        "sequence": 20,
        "status": 1,
        "fuel": 5503,
        "fault": 0.5286,
        "weapon": 1,
        "pilot_injury": 0.8215,
        "pilot_skill": 0.0286,
        "mission_priority": 0.6309,
        "estimated_landing_time": 1886.0,
        "wait_time": 0,
        "Landing_success_rate": 0.8501
    },
    {
        "model": 0,
        "sequence": 19,
        "status": 1,
        "fuel": 6082,
        "fault": 0.7206,
        "weapon": 0,
        "pilot_injury": 0.3926,
        "pilot_skill": 0.342,
        "mission_priority": 0.8322,
        "estimated_landing_time": 1792.0,
        "wait_time": 0,
        "Landing_success_rate": 0.8622
    },
    {
        "model": 0,
        "sequence": 2,
        "status": 1,
        "fuel": 7092,
        "fault": 0.8206,
        "weapon": 1,
        "pilot_injury": 0.0941,
        "pilot_skill": 0.9514,
        "mission_priority": 0.6223,
        "estimated_landing_time": 194.0,
        "wait_time": 0,
        "Landing_success_rate": 0.8714
    },
    {
        "model": 0,
        "sequence": 16,
        "status": 1,
        "fuel": 6044,
        "fault": 0.7463,
        "weapon": 1,
        "pilot_injury": 0.4121,
        "pilot_skill": 0.2238,
        "mission_priority": 0.9325,
        "estimated_landing_time": 1510.0,
        "wait_time": 0,
        "Landing_success_rate": 0.8604
    },
    {
        "model": 1,
        "sequence": 4,
        "status": 1,
        "fuel": 5926,
        "fault": 0.9166,
        "weapon": 1,
        "pilot_injury": 0.7343,
        "pilot_skill": 0.3711,
        "mission_priority": 0.7201,
        "estimated_landing_time": 382.0,
        "wait_time": 0,
        "Landing_success_rate": 0.8527
    },
    {
        "model": 0,
        "sequence": 15,
        "status": 1,
        "fuel": 5508,
        "fault": 0.1202,
        "weapon": 0,
        "pilot_injury": 0.4892,
        "pilot_skill": 0.3829,
        "mission_priority": 0.2221,
        "estimated_landing_time": 1416.0,
        "wait_time": 0,
        "Landing_success_rate": 0.8505
    },
    {
        "model": 0,
        "sequence": 8,
        "status": 1,
        "fuel": 7160,
        "fault": 0.5219,
        "weapon": 0,
        "pilot_injury": 0.4444,
        "pilot_skill": 0.944,
        "mission_priority": 0.0478,
        "estimated_landing_time": 758.0,
        "wait_time": 0,
        "Landing_success_rate": 0.9095
    },
    {
        "model": 2,
        "sequence": 17,
        "status": 1,
        "fuel": 7115,
        "fault": 0.8948,
        "weapon": 1,
        "pilot_injury": 0.8869,
        "pilot_skill": 0.8104,
        "mission_priority": 0.3743,
        "estimated_landing_time": 1604.0,
        "wait_time": 0,
        "Landing_success_rate": 0.8627
    },
    {
        "model": 0,
        "sequence": 5,
        "status": 1,
        "fuel": 6548,
        "fault": 0.7349,
        "weapon": 0,
        "pilot_injury": 0.668,
        "pilot_skill": 0.1767,
        "mission_priority": 0.5802,
        "estimated_landing_time": 476.0,
        "wait_time": 0,
        "Landing_success_rate": 0.8708
    },
    {
        "model": 2,
        "sequence": 1,
        "status": 1,
        "fuel": 7068,
        "fault": 0.9144,
        "weapon": 0,
        "pilot_injury": 0.6703,
        "pilot_skill": 0.1879,
        "mission_priority": 0.6248,
        "estimated_landing_time": 100.0,
        "wait_time": 0,
        "Landing_success_rate": 0.8601
    },
    {
        "model": 2,
        "sequence": 7,
        "status": 1,
        "fuel": 6561,
        "fault": 0.8057,
        "weapon": 1,
        "pilot_injury": 0.3132,
        "pilot_skill": 0.1788,
        "mission_priority": 0.9019,
        "estimated_landing_time": 664.0,
        "wait_time": 0,
        "Landing_success_rate": 0.8655
    },
    {
        "model": 1,
        "sequence": 21,
        "status": 1,
        "fuel": 6049,
        "fault": 0.4729,
        "weapon": 1,
        "pilot_injury": 0.4484,
        "pilot_skill": 0.3205,
        "mission_priority": 0.7444,
        "estimated_landing_time": 1980.0,
        "wait_time": 0,
        "Landing_success_rate": 0.8717
    },
    {
        "model": 0,
        "sequence": 18,
        "status": 1,
        "fuel": 7099,
        "fault": 0.9616,
        "weapon": 0,
        "pilot_injury": 0.861,
        "pilot_skill": 0.5659,
        "mission_priority": 0.1572,
        "estimated_landing_time": 1698.0,
        "wait_time": 0,
        "Landing_success_rate": 0.8546
    },
    {
        "model": 0,
        "sequence": 23,
        "status": 1,
        "fuel": 7262,
        "fault": 0.3473,
        "weapon": 1,
        "pilot_injury": 0.6506,
        "pilot_skill": 0.8897,
        "mission_priority": 0.4404,
        "estimated_landing_time": 2168.0,
        "wait_time": 0,
        "Landing_success_rate": 0.9363
    }
]