[
    {
        "model": 1,
        "sequence": 4,
        "status": 1,
        "fuel": 6220,
        "fault": 0.8502,
        "weapon": 0,
        "pilot_injury": 0.6149,
        "pilot_skill": 0.9772,
        "mission_priority": 0.1113,
        "estimated_landing_time": 382.0,
        "wait_time": 0,
        "Landing_success_rate": 0.8581
    },
    {
        "model": 0,
        "sequence": 11,
        "status": 1,
        "fuel": 5937,
        "fault": 0.0676,
        "weapon": 0,
        "pilot_injury": 0.9686,
        "pilot_skill": 0.7718,
        "mission_priority": 0.8982,
        "estimated_landing_time": 1040.0,
        "wait_time": 0,
        "Landing_success_rate": 0.8806
    },
    {
        "model": 2,
        "sequence": 5,
        "status": 1,
        "fuel": 7052,
        "fault": 0.7623,
        "weapon": 1,
        "pilot_injury": 0.1028,
        "pilot_skill": 0.053,
        "mission_priority": 0.8556,
        "estimated_landing_time": 476.0,
        "wait_time": 0,
        "Landing_success_rate": 0.8777
    },
    {
        "model": 0,
        "sequence": 7,
        "status": 1,
        "fuel": 6292,
        "fault": 0.1334,
        "weapon": 0,
        "pilot_injury": 0.1134,
        "pilot_skill": 0.0332,
        "mission_priority": 0.1045,
        "estimated_landing_time": 664.0,
        "wait_time": 0,
        "Landing_success_rate": 0.9015
    },
    {
        "model": 0,
        "sequence": 8,
        "status": 1,
        "fuel": 5884,
        "fault": 0.0091,
        "weapon": 0,
        "pilot_injury": 0.6679,
        "pilot_skill": 0.7786,
        "mission_priority": 0.7761,
        "estimated_landing_time": 758.0,
        "wait_time": 0,
        "Landing_success_rate": 0.8785
    },
    {
        "model": 1,
        "sequence": 24,
        "status": 1,
        "fuel": 7193,
        "fault": 0.7975,
        "weapon": 1,
        "pilot_injury": 0.3227,
        "pilot_skill": 0.5716,
        "mission_priority": 0.9567,
        "estimated_landing_time": 2262.0,
        "wait_time": 0,
        "Landing_success_rate": 0.8757
    },
    {
        "model": 2,
        "sequence": 16,
        "status": 1,
        "fuel": 5938,
        "fault": 0.8235,
        "weapon": 1,
        "pilot_injury": 0.6327,
        "pilot_skill": 0.2421,
        "mission_priority": 0.4368,
        "estimated_landing_time": 1510.0,
        "wait_time": 0,
        "Landing_success_rate": 0.8558
    },
    {
        "model": 0,
        "sequence": 17,
        "status": 1,
        "fuel": 7023,
        "fault": 0.7768,
        "weapon": 1,
        "pilot_injury": 0.0685,
        "pilot_skill": 0.1686,
        "mission_priority": 0.7913,
        "estimated_landing_time": 1604.0,
        "wait_time": 0,
        "Landing_success_rate": 0.8755
    },
    {
        "model": 0,
        "sequence": 2,
        "status": 1,
        "fuel": 7340,
        "fault": 0.1193,
        "weapon": 1,
        "pilot_injury": 0.1676,
        "pilot_skill": 0.8378,
        "mission_priority": 0.9607,
        "estimated_landing_time": 194.0,
        "wait_time": 0,
        "Landing_success_rate": 0.9715
    },
    {
        "model": 0,
        "sequence": 12,
        "status": 1,
        "fuel": 6458,
        "fault": 0.3297,
        "weapon": 1,
        "pilot_injury": 0.8847,
        "pilot_skill": 0.8156,
        "mission_priority": 0.6179,
        "estimated_landing_time": 1134.0,
        "wait_time": 0,
        "Landing_success_rate": 0.8982
    },
    {
        "model": 0,
        "sequence": 13,
        "status": 1,
        "fuel": 6899,
        "fault": 0.3892,
        "weapon": 0,
        "pilot_injury": 0.216,
        "pilot_skill": 0.7286,
        "mission_priority": 0.6457,
        "estimated_landing_time": 1228.0,
        "wait_time": 0,
        "Landing_success_rate": 0.9141
    },
    {
        "model": 0,
        "sequence": 6,
        "status": 1,
        "fuel": 6487,
        "fault": 0.2918,
        "weapon": 1,
        "pilot_injury": 0.5979,
        "pilot_skill": 0.7802,
        "mission_priority": 0.339,
        "estimated_landing_time": 570.0,
        "wait_time": 0,
        "Landing_success_rate": 0.9024
    },
    {
        "model": 0,
        "sequence": 21,
        "status": 1,
        "fuel": 7145,
        "fault": 0.0114,
        "weapon": 0,
        "pilot_injury": 0.4042,
        "pilot_skill": 0.6247,
        "mission_priority": 0.8892,
        "estimated_landing_time": 1980.0,
        "wait_time": 0,
        "Landing_success_rate": 0.972
    },
    {
        "model": 2,
        "sequence": 22,
        "status": 1,
        "fuel": 5989,
        "fault": 0.2564,
        "weapon": 1,
        "pilot_injury": 0.702,
        "pilot_skill": 0.4961,
        "mission_priority": 0.4309,
        "estimated_landing_time": 2074.0,
        "wait_time": 0,
        "Landing_success_rate": 0.8773
    },
    {
        "model": 2,
        "sequence": 1,
        "status": 1,
        "fuel": 6855,
        "fault": 0.3829,
        "weapon": 1,
        "pilot_injury": 0.3117,
        "pilot_skill": 0.3078,
        "mission_priority": 0.289,
        "estimated_landing_time": 100.0,
        "wait_time": 0,
        "Landing_success_rate": 0.9127
    },
    {
        "model": 0,
        "sequence": 20,
        "status": 1,
        "fuel": 6497,
        "fault": 0.9104,
        "weapon": 1,
        "pilot_injury": 0.8888,
        "pilot_skill": 0.3279,
        "mission_priority": 0.4229,
        "estimated_landing_time": 1886.0,
        "wait_time": 0,
        "Landing_success_rate": 0.8567
    },
    {
        "model": 0,
        "sequence": 15,
        "status": 1,
        "fuel": 7296,
        "fault": 0.7197,
        "weapon": 1,
        "pilot_injury": 0.8202,
        "pilot_skill": 0.8798,
        "mission_priority": 0.8572,
        "estimated_landing_time": 1416.0,
        "wait_time": 0,
        "Landing_success_rate": 0.8878
    },
    {
        "model": 1,
        "sequence": 18,
        "status": 1,
        "fuel": 5625,
        "fault": 0.6842,
        "weapon": 0,
        "pilot_injury": 0.0124,
        "pilot_skill": 0.3994,
        "mission_priority": 0.4604,
        "estimated_landing_time": 1698.0,
        "wait_time": 0,
        "Landing_success_rate": 0.853
    },
    {
        "model": 2,
        "sequence": 14,
        "status": 1,
        "fuel": 7442,
        "fault": 0.9701,
        "weapon": 0,
        "pilot_injury": 0.9661,
        "pilot_skill": 0.8851,
        "mission_priority": 0.0082,
        "estimated_landing_time": 1322.0,
        "wait_time": 0,
        "Landing_success_rate": 0.8544
    },
    {
        "model": 2,
        "sequence": 10,
        "status": 1,
        "fuel": 7378,
        "fault": 0.201,
        "weapon": 1,
        "pilot_injury": 0.2726,
        "pilot_skill": 0.5783,
        "mission_priority": 0.7006,
        "estimated_landing_time": 946.0,
        "wait_time": 0,
        "Landing_success_rate": 0.9625
    },
    {
        "model": 0,
        "sequence": 9,
        "status": 1,
        "fuel": 7289,
        "fault": 0.1946,
        "weapon": 0,
        "pilot_injury": 0.1036,
        "pilot_skill": 0.1286,
        "mission_priority": 0.0914,
        "estimated_landing_time": 852.0,
        "wait_time": 0,
        "Landing_success_rate": 0.9581
    },
    {
        "model": 2,
        "sequence": 23,
        "status": 1,
        "fuel": 6876,
        "fault": 0.3426,
        "weapon": 1,
        "pilot_injury": 0.8308,
        "pilot_skill": 0.4088,
        "mission_priority": 0.6928,
        "estimated_landing_time": 2168.0,
        "wait_time": 0,
        "Landing_success_rate": 0.9178
    },
    {
        "model": 2,
        "sequence": 19,
        "status": 1,
        "fuel": 6542,
        "fault": 0.1502,
        "weapon": 0,
        "pilot_injury": 0.35,
        "pilot_skill": 0.8459,
        "mission_priority": 0.9454,
        "estimated_landing_time": 1792.0,
        "wait_time": 0,
        "Landing_success_rate": 0.9164
    },
    {
        "model": 1,
        "sequence": 3,
        "status": 1,
        "fuel": 6778,
        "fault": 0.467,
        "weapon": 1,
        "pilot_injury": 0.6503,
        "pilot_skill": 0.1201,
        "mission_priority": 0.0057,
        "estimated_landing_time": 288.0,
        "wait_time": 0,
        "Landing_success_rate": 0.9011
    }
]