[
    {
        "model": 0,
        "sequence": 20,
        "status": 1,
        "fuel": 5515,
        "fault": 0.3562,
        "weapon": 1,
        "pilot_injury": 0.7249,
        "pilot_skill": 0.6981,
        "mission_priority": 0.311,
        "estimated_landing_time": 1886.0,
        "wait_time": 0,
        "Landing_success_rate": 0.8507
    },
    {
        "model": 1,
        "sequence": 4,
        "status": 1,
        "fuel": 6323,
        "fault": 0.1847,
        "weapon": 1,
        "pilot_injury": 0.8318,
        "pilot_skill": 0.9805,
        "mission_priority": 0.4938,
        "estimated_landing_time": 382.0,
        "wait_time": 0,
        "Landing_success_rate": 0.9003
    },
    {
        "model": 0,
        "sequence": 14,
        "status": 1,
        "fuel": 5730,
        "fault": 0.5986,
        "weapon": 0,
        "pilot_injury": 0.3221,
        "pilot_skill": 0.5786,
        "mission_priority": 0.0751,
        "estimated_landing_time": 1322.0,
        "wait_time": 0,
        "Landing_success_rate": 0.8569
    },
    {
        "model": 2,
        "sequence": 23,
        "status": 1,
        "fuel": 6834,
        "fault": 0.3251,
        "weapon": 1,
        "pilot_injury": 0.9126,
        "pilot_skill": 0.7805,
        "mission_priority": 0.7554,
        "estimated_landing_time": 2168.0,
        "wait_time": 0,
        "Landing_success_rate": 0.9175
    },
    {
        "model": 0,
        "sequence": 6,
        "status": 1,
        "fuel": 5870,
        "fault": 0.5315,
        "weapon": 1,
        "pilot_injury": 0.638,
        "pilot_skill": 0.6287,
        "mission_priority": 0.5537,
        "estimated_landing_time": 570.0,
        "wait_time": 0,
        "Landing_success_rate": 0.863
    },
    {
        "model": 0,
        "sequence": 9,
        "status": 1,
        "fuel": 5781,
        "fault": 0.4281,
        "weapon": 0,
        "pilot_injury": 0.7769,
        "pilot_skill": 0.8725,
        "mission_priority": 0.2156,
        "estimated_landing_time": 852.0,
        "wait_time": 0,
        "Landing_success_rate": 0.8621
    },
    {
        "model": 1,
        "sequence": 16,
        "status": 1,
        "fuel": 5603,
        "fault": 0.8307,
        "weapon": 0,
        "pilot_injury": 0.5141,
        "pilot_skill": 0.8292,
        "mission_priority": 0.4438,
        "estimated_landing_time": 1510.0,
        "wait_time": 0,
        "Landing_success_rate": 0.8513
    },
    {
        "model": 1,
        "sequence": 17,
        "status": 1,
        "fuel": 6670,
        "fault": 0.1105,
        "weapon": 0,
        "pilot_injury": 0.0382,
        "pilot_skill": 0.6152,
        "mission_priority": 0.828,
        "estimated_landing_time": 1604.0,
        "wait_time": 0,
        "Landing_success_rate": 0.9281
    },
    {
        "model": 2,
        "sequence": 1,
        "status": 1,
        "fuel": 6689,
        "fault": 0.7215,
        "weapon": 1,
        "pilot_injury": 0.5936,
        "pilot_skill": 0.1642,
        "mission_priority": 0.1235,
        "estimated_landing_time": 100.0,
        "wait_time": 0,
        "Landing_success_rate": 0.8748
    },
    {
        "model": 0,
        "sequence": 24,
        "status": 1,
        "fuel": 7351,
        "fault": 0.1083,
        "weapon": 0,
        "pilot_injury": 0.2274,
        "pilot_skill": 0.1713,
        "mission_priority": 0.6676,
        "estimated_landing_time": 2262.0,
        "wait_time": 0,
        "Landing_success_rate": 0.9738
    },
    {
        "model": 2,
        "sequence": 19,
        "status": 1,
        "fuel": 6395,
        "fault": 0.1476,
        "weapon": 1,
        "pilot_injury": 0.088,
        "pilot_skill": 0.8935,
        "mission_priority": 0.3893,
        "estimated_landing_time": 1792.0,
        "wait_time": 0,
        "Landing_success_rate": 0.9072
    },
    {
        "model": 2,
        "sequence": 10,
        "status": 1,
        "fuel": 6045,
        "fault": 0.7558,
        "weapon": 1,
        "pilot_injury": 0.3901,
        "pilot_skill": 0.8636,
        "mission_priority": 0.9293,
        "estimated_landing_time": 946.0,
        "wait_time": 0,
        "Landing_success_rate": 0.86
    },
    {
        "model": 1,
        "sequence": 11,
        "status": 1,
        "fuel": 6563,
        "fault": 0.2662,
        "weapon": 0,
        "pilot_injury": 0.7815,
        "pilot_skill": 0.9308,
        "mission_priority": 0.2458,
        "estimated_landing_time": 1040.0,
        "wait_time": 0,
        "Landing_success_rate": 0.9085
    },
    {
        "model": 0,
        "sequence": 7,
        "status": 1,
        "fuel": 5583,
        "fault": 0.278,
        "weapon": 1,
        "pilot_injury": 0.8241,
        "pilot_skill": 0.0053,
        "mission_priority": 0.5648,
        "estimated_landing_time": 664.0,
        "wait_time": 0,
        "Landing_success_rate": 0.8545
    },
    {
        "model": 1,
        "sequence": 5,
        "status": 1,
        "fuel": 5792,
        "fault": 0.8751,
        "weapon": 1,
        "pilot_injury": 0.6449,
        "pilot_skill": 0.8515,
        "mission_priority": 0.6092,
        "estimated_landing_time": 476.0,
        "wait_time": 0,
        "Landing_success_rate": 0.8527
    },
    {
        "model": 2,
        "sequence": 2,
        "status": 1,
        "fuel": 6354,
        "fault": 0.785,
        "weapon": 0,
        "pilot_injury": 0.5195,
        "pilot_skill": 0.4505,
        "mission_priority": 0.0116,
        "estimated_landing_time": 194.0,
        "wait_time": 0,
        "Landing_success_rate": 0.8638
    },
    {
        "model": 2,
        "sequence": 15,
        "status": 1,
        "fuel": 6932,
        "fault": 0.7752,
        "weapon": 0,
        "pilot_injury": 0.5919,
        "pilot_skill": 0.7363,
        "mission_priority": 0.5713,
        "estimated_landing_time": 1416.0,
        "wait_time": 0,
        "Landing_success_rate": 0.8741
    },
    {
        "model": 1,
        "sequence": 12,
        "status": 1,
        "fuel": 6374,
        "fault": 0.5495,
        "weapon": 1,
        "pilot_injury": 0.5965,
        "pilot_skill": 0.275,
        "mission_priority": 0.0796,
        "estimated_landing_time": 1134.0,
        "wait_time": 0,
        "Landing_success_rate": 0.8795
    },
    {
        "model": 1,
        "sequence": 13,
        "status": 1,
        "fuel": 6031,
        "fault": 0.1682,
        "weapon": 1,
        "pilot_injury": 0.3287,
        "pilot_skill": 0.7204,
        "mission_priority": 0.6438,
        "estimated_landing_time": 1228.0,
        "wait_time": 0,
        "Landing_success_rate": 0.8831
    },
    {
        "model": 1,
        "sequence": 22,
        "status": 1,
        "fuel": 6935,
        "fault": 0.2624,
        "weapon": 0,
        "pilot_injury": 0.6487,
        "pilot_skill": 0.6374,
        "mission_priority": 0.5534,
        "estimated_landing_time": 2074.0,
        "wait_time": 0,
        "Landing_success_rate": 0.9294
    },
    {
        "model": 1,
        "sequence": 18,
        "status": 1,
        "fuel": 7291,
        "fault": 0.3735,
        "weapon": 0,
        "pilot_injury": 0.376,
        "pilot_skill": 0.9426,
        "mission_priority": 0.818,
        "estimated_landing_time": 1698.0,
        "wait_time": 0,
        "Landing_success_rate": 0.9342
    },
    {
        "model": 1,
        "sequence": 3,
        "status": 1,
        "fuel": 6796,
        "fault": 0.4587,
        "weapon": 0,
        "pilot_injury": 0.2037,
        "pilot_skill": 0.3404,
        "mission_priority": 0.4766,
        "estimated_landing_time": 288.0,
        "wait_time": 0,
        "Landing_success_rate": 0.9026
    },
    {
        "model": 2,
        "sequence": 8,
        "status": 1,
        "fuel": 6283,
        "fault": 0.0966,
        "weapon": 0,
        "pilot_injury": 0.1654,
        "pilot_skill": 0.9777,
        "mission_priority": 0.1079,
        "estimated_landing_time": 758.0,
        "wait_time": 0,
        "Landing_success_rate": 0.9031
    },
    {
        "model": 1,
        "sequence": 21,
        "status": 1,
        "fuel": 6581,
        "fault": 0.0473,
        "weapon": 1,
        "pilot_injury": 0.5254,
        "pilot_skill": 0.7249,
        "mission_priority": 0.436,
        "estimated_landing_time": 1980.0,
        "wait_time": 0,
        "Landing_success_rate": 0.9272
    }
]