[
    {
        "model": 2,
        "sequence": 14,
        "status": 1,
        "fuel": 6646,
        "fault": 0.1729,
        "weapon": 1,
        "pilot_injury": 0.214,
        "pilot_skill": 0.7165,
        "mission_priority": 0.2276,
        "estimated_landing_time": 1322.0,
        "wait_time": 0,
        "Landing_success_rate": 0.9211
    },
    {
        "model": 1,
        "sequence": 9,
        "status": 1,
        "fuel": 6501,
        "fault": 0.5149,
        "weapon": 0,
        "pilot_injury": 0.6956,
        "pilot_skill": 0.1184,
        "mission_priority": 0.2507,
        "estimated_landing_time": 852.0,
        "wait_time": 0,
        "Landing_success_rate": 0.8864
    },
    {
        "model": 2,
        "sequence": 23,
        "status": 1,
        "fuel": 6312,
        "fault": 0.8359,
        "weapon": 1,
        "pilot_injury": 0.2841,
        "pilot_skill": 0.7329,
        "mission_priority": 0.1087,
        "estimated_landing_time": 2168.0,
        "wait_time": 0,
        "Landing_success_rate": 0.86
    },
    {
        "model": 2,
        "sequence": 18,
        "status": 1,
        "fuel": 7141,
        "fault": 0.7545,
        "weapon": 1,
        "pilot_injury": 0.202,
        "pilot_skill": 0.792,
        "mission_priority": 0.7428,
        "estimated_landing_time": 1698.0,
        "wait_time": 0,
        "Landing_success_rate": 0.8802
    },
    {
        "model": 0,
        "sequence": 1,
        "status": 1,
        "fuel": 6014,
        "fault": 0.7973,
        "weapon": 0,
        "pilot_injury": 0.6099,
        "pilot_skill": 0.4067,
        "mission_priority": 0.3165,
        "estimated_landing_time": 100.0,
        "wait_time": 0,
        "Landing_success_rate": 0.8578
    },
    {
        "model": 0,
        "sequence": 10,
        "status": 1,
        "fuel": 6402,
        "fault": 0.6619,
        "weapon": 0,
        "pilot_injury": 0.0924,
        "pilot_skill": 0.916,
        "mission_priority": 0.7785,
        "estimated_landing_time": 946.0,
        "wait_time": 0,
        "Landing_success_rate": 0.8729
    },
    {
        "model": 2,
        "sequence": 7,
        "status": 1,
        "fuel": 6808,
        "fault": 0.7438,
        "weapon": 0,
        "pilot_injury": 0.0834,
        "pilot_skill": 0.8373,
        "mission_priority": 0.613,
        "estimated_landing_time": 664.0,
        "wait_time": 0,
        "Landing_success_rate": 0.8751
    },
    {
        "model": 1,
        "sequence": 16,
        "status": 1,
        "fuel": 5568,
        "fault": 0.9037,
        "weapon": 1,
        "pilot_injury": 0.0316,
        "pilot_skill": 0.5074,
        "mission_priority": 0.7344,
        "estimated_landing_time": 1510.0,
        "wait_time": 0,
        "Landing_success_rate": 0.8505
    },
    {
        "model": 2,
        "sequence": 15,
        "status": 1,
        "fuel": 7125,
        "fault": 0.8285,
        "weapon": 1,
        "pilot_injury": 0.3273,
        "pilot_skill": 0.2181,
        "mission_priority": 0.3913,
        "estimated_landing_time": 1416.0,
        "wait_time": 0,
        "Landing_success_rate": 0.8709
    },
    {
        "model": 1,
        "sequence": 11,
        "status": 1,
        "fuel": 6994,
        "fault": 0.6285,
        "weapon": 1,
        "pilot_injury": 0.9638,
        "pilot_skill": 0.9308,
        "mission_priority": 0.5701,
        "estimated_landing_time": 1040.0,
        "wait_time": 0,
        "Landing_success_rate": 0.8916
    },
    {
        "model": 2,
        "sequence": 19,
        "status": 1,
        "fuel": 6026,
        "fault": 0.5886,
        "weapon": 0,
        "pilot_injury": 0.0835,
        "pilot_skill": 0.0056,
        "mission_priority": 0.0298,
        "estimated_landing_time": 1792.0,
        "wait_time": 0,
        "Landing_success_rate": 0.8662
    },
    {
        "model": 2,
        "sequence": 13,
        "status": 1,
        "fuel": 5993,
        "fault": 0.4879,
        "weapon": 1,
        "pilot_injury": 0.3671,
        "pilot_skill": 0.5452,
        "mission_priority": 0.5164,
        "estimated_landing_time": 1228.0,
        "wait_time": 0,
        "Landing_success_rate": 0.8689
    },
    {
        "model": 1,
        "sequence": 8,
        "status": 1,
        "fuel": 7459,
        "fault": 0.75,
        "weapon": 1,
        "pilot_injury": 0.0194,
        "pilot_skill": 0.1107,
        "mission_priority": 0.8119,
        "estimated_landing_time": 758.0,
        "wait_time": 0,
        "Landing_success_rate": 0.8867
    },
    {
        "model": 2,
        "sequence": 20,
        "status": 1,
        "fuel": 5852,
        "fault": 0.1732,
        "weapon": 0,
        "pilot_injury": 0.7268,
        "pilot_skill": 0.7933,
        "mission_priority": 0.671,
        "estimated_landing_time": 1886.0,
        "wait_time": 0,
        "Landing_success_rate": 0.8718
    },
    {
        "model": 0,
        "sequence": 3,
        "status": 1,
        "fuel": 6153,
        "fault": 0.8746,
        "weapon": 1,
        "pilot_injury": 0.514,
        "pilot_skill": 0.3633,
        "mission_priority": 0.7302,
        "estimated_landing_time": 288.0,
        "wait_time": 0,
        "Landing_success_rate": 0.8561
    },
    {
        "model": 2,
        "sequence": 12,
        "status": 1,
        "fuel": 5664,
        "fault": 0.4199,
        "weapon": 0,
        "pilot_injury": 0.4334,
        "pilot_skill": 0.2766,
        "mission_priority": 0.9747,
        "estimated_landing_time": 1134.0,
        "wait_time": 0,
        "Landing_success_rate": 0.8571
    },
    {
        "model": 0,
        "sequence": 22,
        "status": 1,
        "fuel": 6575,
        "fault": 0.9353,
        "weapon": 0,
        "pilot_injury": 0.1616,
        "pilot_skill": 0.823,
        "mission_priority": 0.5866,
        "estimated_landing_time": 2074.0,
        "wait_time": 0,
        "Landing_success_rate": 0.8552
    },
    {
        "model": 1,
        "sequence": 4,
        "status": 1,
        "fuel": 6526,
        "fault": 0.1785,
        "weapon": 1,
        "pilot_injury": 0.3429,
        "pilot_skill": 0.1936,
        "mission_priority": 0.1984,
        "estimated_landing_time": 382.0,
        "wait_time": 0,
        "Landing_success_rate": 0.9132
    },
    {
        "model": 1,
        "sequence": 5,
        "status": 1,
        "fuel": 5733,
        "fault": 0.9244,
        "weapon": 0,
        "pilot_injury": 0.2063,
        "pilot_skill": 0.1451,
        "mission_priority": 0.1207,
        "estimated_landing_time": 476.0,
        "wait_time": 0,
        "Landing_success_rate": 0.8513
    },
    {
        "model": 0,
        "sequence": 6,
        "status": 1,
        "fuel": 5904,
        "fault": 0.1362,
        "weapon": 1,
        "pilot_injury": 0.0183,
        "pilot_skill": 0.3896,
        "mission_priority": 0.6913,
        "estimated_landing_time": 570.0,
        "wait_time": 0,
        "Landing_success_rate": 0.8762
    },
    {
        "model": 2,
        "sequence": 2,
        "status": 1,
        "fuel": 5946,
        "fault": 0.984,
        "weapon": 0,
        "pilot_injury": 0.6911,
        "pilot_skill": 0.5211,
        "mission_priority": 0.9769,
        "estimated_landing_time": 194.0,
        "wait_time": 0,
        "Landing_success_rate": 0.8505
    },
    {
        "model": 0,
        "sequence": 21,
        "status": 1,
        "fuel": 7041,
        "fault": 0.7916,
        "weapon": 0,
        "pilot_injury": 0.4912,
        "pilot_skill": 0.1945,
        "mission_priority": 0.75,
        "estimated_landing_time": 1980.0,
        "wait_time": 0,
        "Landing_success_rate": 0.8741
    },
    {
        "model": 0,
        "sequence": 17,
        "status": 1,
        "fuel": 5896,
        "fault": 0.4811,
        "weapon": 0,
        "pilot_injury": 0.3748,
        "pilot_skill": 0.2442,
        "mission_priority": 0.4307,
        "estimated_landing_time": 1604.0,
        "wait_time": 0,
        "Landing_success_rate": 0.8654
    },
    {
        "model": 1,
        "sequence": 24,
        "status": 1,
        "fuel": 6028,
        "fault": 0.6963,
        "weapon": 0,
        "pilot_injury": 0.7651,
        "pilot_skill": 0.1586,
        "mission_priority": 0.5928,
        "estimated_landing_time": 2262.0,
        "wait_time": 0,
        "Landing_success_rate": 0.862
    }
]