[
    {
        "model": 1,
        "sequence": 15,
        "status": 1,
        "fuel": 6840,
        "fault": 0.4543,
        "weapon": 0,
        "pilot_injury": 0.3918,
        "pilot_skill": 0.5771,
        "mission_priority": 0.7024,
        "estimated_landing_time": 1416.0,
        "wait_time": 0,
        "Landing_success_rate": 0.9048
    },
    {
        "model": 1,
        "sequence": 1,
        "status": 1,
        "fuel": 5895,
        "fault": 0.2117,
        "weapon": 1,
        "pilot_injury": 0.1383,
        "pilot_skill": 0.4297,
        "mission_priority": 0.4248,
        "estimated_landing_time": 100.0,
        "wait_time": 0,
        "Landing_success_rate": 0.8734
    },
    {
        "model": 0,
        "sequence": 23,
        "status": 1,
        "fuel": 7467,
        "fault": 0.4561,
        "weapon": 0,
        "pilot_injury": 0.4898,
        "pilot_skill": 0.5174,
        "mission_priority": 0.4324,
        "estimated_landing_time": 2168.0,
        "wait_time": 0,
        "Landing_success_rate": 0.9302
    },
    {
        "model": 0,
        "sequence": 5,
        "status": 1,
        "fuel": 6549,
        "fault": 0.5167,
        "weapon": 1,
        "pilot_injury": 0.3077,
        "pilot_skill": 0.1116,
        "mission_priority": 0.8398,
        "estimated_landing_time": 476.0,
        "wait_time": 0,
        "Landing_success_rate": 0.888
    },
    {
        "model": 0,
        "sequence": 16,
        "status": 1,
        "fuel": 6691,
        "fault": 0.5755,
        "weapon": 0,
        "pilot_injury": 0.3578,
        "pilot_skill": 0.9416,
        "mission_priority": 0.7111,
        "estimated_landing_time": 1510.0,
        "wait_time": 0,
        "Landing_success_rate": 0.8879
    },
    {
        "model": 0,
        "sequence": 12,
        "status": 1,
        "fuel": 6569,
        "fault": 0.2012,
        "weapon": 0,
        "pilot_injury": 0.9442,
        "pilot_skill": 0.8118,
        "mission_priority": 0.7418,
        "estimated_landing_time": 1134.0,
        "wait_time": 0,
        "Landing_success_rate": 0.914
    },
    {
        "model": 2,
        "sequence": 13,
        "status": 1,
        "fuel": 6091,
        "fault": 0.5044,
        "weapon": 0,
        "pilot_injury": 0.8247,
        "pilot_skill": 0.2761,
        "mission_priority": 0.9304,
        "estimated_landing_time": 1228.0,
        "wait_time": 0,
        "Landing_success_rate": 0.872
    },
    {
        "model": 0,
        "sequence": 24,
        "status": 1,
        "fuel": 6518,
        "fault": 0.1318,
        "weapon": 1,
        "pilot_injury": 0.2662,
        "pilot_skill": 0.5145,
        "mission_priority": 0.1069,
        "estimated_landing_time": 2262.0,
        "wait_time": 0,
        "Landing_success_rate": 0.9163
    },
    {
        "model": 2,
        "sequence": 17,
        "status": 1,
        "fuel": 6894,
        "fault": 0.37,
        "weapon": 0,
        "pilot_injury": 0.7184,
        "pilot_skill": 0.5233,
        "mission_priority": 0.0451,
        "estimated_landing_time": 1604.0,
        "wait_time": 0,
        "Landing_success_rate": 0.9159
    },
    {
        "model": 0,
        "sequence": 7,
        "status": 1,
        "fuel": 6876,
        "fault": 0.2045,
        "weapon": 0,
        "pilot_injury": 0.7459,
        "pilot_skill": 0.7947,
        "mission_priority": 0.7477,
        "estimated_landing_time": 664.0,
        "wait_time": 0,
        "Landing_success_rate": 0.9321
    },
    {
        "model": 1,
        "sequence": 6,
        "status": 1,
        "fuel": 6826,
        "fault": 0.3294,
        "weapon": 0,
        "pilot_injury": 0.625,
        "pilot_skill": 0.854,
        "mission_priority": 0.8025,
        "estimated_landing_time": 570.0,
        "wait_time": 0,
        "Landing_success_rate": 0.9167
    },
    {
        "model": 1,
        "sequence": 8,
        "status": 1,
        "fuel": 6254,
        "fault": 0.6122,
        "weapon": 1,
        "pilot_injury": 0.0347,
        "pilot_skill": 0.1021,
        "mission_priority": 0.6014,
        "estimated_landing_time": 758.0,
        "wait_time": 0,
        "Landing_success_rate": 0.8719
    },
    {
        "model": 0,
        "sequence": 18,
        "status": 1,
        "fuel": 5859,
        "fault": 0.5132,
        "weapon": 0,
        "pilot_injury": 0.4511,
        "pilot_skill": 0.9109,
        "mission_priority": 0.8143,
        "estimated_landing_time": 1698.0,
        "wait_time": 0,
        "Landing_success_rate": 0.8631
    },
    {
        "model": 0,
        "sequence": 2,
        "status": 1,
        "fuel": 6673,
        "fault": 0.3782,
        "weapon": 1,
        "pilot_injury": 0.5227,
        "pilot_skill": 0.1581,
        "mission_priority": 0.1247,
        "estimated_landing_time": 194.0,
        "wait_time": 0,
        "Landing_success_rate": 0.9047
    },
    {
        "model": 2,
        "sequence": 9,
        "status": 1,
        "fuel": 7186,
        "fault": 0.1354,
        "weapon": 1,
        "pilot_injury": 0.9305,
        "pilot_skill": 0.7997,
        "mission_priority": 0.4328,
        "estimated_landing_time": 852.0,
        "wait_time": 0,
        "Landing_success_rate": 0.9593
    },
    {
        "model": 0,
        "sequence": 11,
        "status": 1,
        "fuel": 7156,
        "fault": 0.7174,
        "weapon": 0,
        "pilot_injury": 0.7044,
        "pilot_skill": 0.8028,
        "mission_priority": 0.2389,
        "estimated_landing_time": 1040.0,
        "wait_time": 0,
        "Landing_success_rate": 0.8851
    },
    {
        "model": 0,
        "sequence": 22,
        "status": 1,
        "fuel": 6123,
        "fault": 0.3259,
        "weapon": 1,
        "pilot_injury": 0.5625,
        "pilot_skill": 0.4021,
        "mission_priority": 0.6439,
        "estimated_landing_time": 2074.0,
        "wait_time": 0,
        "Landing_success_rate": 0.8815
    },
    {
        "model": 0,
        "sequence": 4,
        "status": 1,
        "fuel": 7090,
        "fault": 0.8622,
        "weapon": 1,
        "pilot_injury": 0.3977,
        "pilot_skill": 0.4281,
        "mission_priority": 0.8802,
        "estimated_landing_time": 382.0,
        "wait_time": 0,
        "Landing_success_rate": 0.8664
    },
    {
        "model": 1,
        "sequence": 20,
        "status": 1,
        "fuel": 5659,
        "fault": 0.393,
        "weapon": 0,
        "pilot_injury": 0.7192,
        "pilot_skill": 0.585,
        "mission_priority": 0.6893,
        "estimated_landing_time": 1886.0,
        "wait_time": 0,
        "Landing_success_rate": 0.8572
    },
    {
        "model": 2,
        "sequence": 21,
        "status": 1,
        "fuel": 7090,
        "fault": 0.9506,
        "weapon": 0,
        "pilot_injury": 0.5351,
        "pilot_skill": 0.6896,
        "mission_priority": 0.6792,
        "estimated_landing_time": 1980.0,
        "wait_time": 0,
        "Landing_success_rate": 0.8559
    },
    {
        "model": 1,
        "sequence": 19,
        "status": 1,
        "fuel": 6149,
        "fault": 0.7766,
        "weapon": 0,
        "pilot_injury": 0.7959,
        "pilot_skill": 0.4751,
        "mission_priority": 0.7933,
        "estimated_landing_time": 1792.0,
        "wait_time": 0,
        "Landing_success_rate": 0.8609
    },
    {
        "model": 2,
        "sequence": 10,
        "status": 1,
        "fuel": 6550,
        "fault": 0.6174,
        "weapon": 1,
        "pilot_injury": 0.5339,
        "pilot_skill": 0.5959,
        "mission_priority": 0.0314,
        "estimated_landing_time": 946.0,
        "wait_time": 0,
        "Landing_success_rate": 0.8801
    },
    {
        "model": 1,
        "sequence": 3,
        "status": 1,
        "fuel": 6032,
        "fault": 0.7339,
        "weapon": 0,
        "pilot_injury": 0.4199,
        "pilot_skill": 0.5082,
        "mission_priority": 0.063,
        "estimated_landing_time": 288.0,
        "wait_time": 0,
        "Landing_success_rate": 0.8606
    },
    {
        "model": 0,
        "sequence": 14,
        "status": 1,
        "fuel": 6269,
        "fault": 0.5442,
        "weapon": 0,
        "pilot_injury": 0.1854,
        "pilot_skill": 0.6343,
        "mission_priority": 0.8183,
        "estimated_landing_time": 1322.0,
        "wait_time": 0,
        "Landing_success_rate": 0.8763
    }
]