[
    {
        "model": 0,
        "sequence": 14,
        "status": 1,
        "fuel": 7365,
        "fault": 0.0789,
        "weapon": 0,
        "pilot_injury": 0.1546,
        "pilot_skill": 0.2065,
        "mission_priority": 0.4003,
        "estimated_landing_time": 1322.0,
        "wait_time": 0,
        "Landing_success_rate": 0.9788
    },
    {
        "model": 1,
        "sequence": 20,
        "status": 1,
        "fuel": 7134,
        "fault": 0.6061,
        "weapon": 0,
        "pilot_injury": 0.6986,
        "pilot_skill": 0.4915,
        "mission_priority": 0.8854,
        "estimated_landing_time": 1886.0,
        "wait_time": 0,
        "Landing_success_rate": 0.8983
    },
    {
        "model": 2,
        "sequence": 19,
        "status": 1,
        "fuel": 6002,
        "fault": 0.1806,
        "weapon": 1,
        "pilot_injury": 0.0967,
        "pilot_skill": 0.3352,
        "mission_priority": 0.5069,
        "estimated_landing_time": 1792.0,
        "wait_time": 0,
        "Landing_success_rate": 0.8809
    },
    {
        "model": 0,
        "sequence": 9,
        "status": 1,
        "fuel": 6747,
        "fault": 0.7824,
        "weapon": 0,
        "pilot_injury": 0.2181,
        "pilot_skill": 0.6316,
        "mission_priority": 0.3825,
        "estimated_landing_time": 852.0,
        "wait_time": 0,
        "Landing_success_rate": 0.8704
    },
    {
        "model": 2,
        "sequence": 4,
        "status": 1,
        "fuel": 5946,
        "fault": 0.7604,
        "weapon": 1,
        "pilot_injury": 0.4991,
        "pilot_skill": 0.6525,
        "mission_priority": 0.6568,
        "estimated_landing_time": 382.0,
        "wait_time": 0,
        "Landing_success_rate": 0.858
    },
    {
        "model": 2,
        "sequence": 6,
        "status": 1,
        "fuel": 6328,
        "fault": 0.1772,
        "weapon": 0,
        "pilot_injury": 0.0648,
        "pilot_skill": 0.3422,
        "mission_priority": 0.9893,
        "estimated_landing_time": 570.0,
        "wait_time": 0,
        "Landing_success_rate": 0.9011
    },
    {
        "model": 2,
        "sequence": 22,
        "status": 1,
        "fuel": 7435,
        "fault": 0.4924,
        "weapon": 0,
        "pilot_injury": 0.8429,
        "pilot_skill": 0.5866,
        "mission_priority": 0.3723,
        "estimated_landing_time": 2074.0,
        "wait_time": 0,
        "Landing_success_rate": 0.9237
    },
    {
        "model": 2,
        "sequence": 18,
        "status": 1,
        "fuel": 6522,
        "fault": 0.4087,
        "weapon": 0,
        "pilot_injury": 0.1821,
        "pilot_skill": 0.9609,
        "mission_priority": 0.715,
        "estimated_landing_time": 1698.0,
        "wait_time": 0,
        "Landing_success_rate": 0.8953
    },
    {
        "model": 2,
        "sequence": 23,
        "status": 1,
        "fuel": 6276,
        "fault": 0.3797,
        "weapon": 1,
        "pilot_injury": 0.11,
        "pilot_skill": 0.2667,
        "mission_priority": 0.2597,
        "estimated_landing_time": 2168.0,
        "wait_time": 0,
        "Landing_success_rate": 0.8861
    },
    {
        "model": 2,
        "sequence": 24,
        "status": 1,
        "fuel": 6095,
        "fault": 0.5019,
        "weapon": 0,
        "pilot_injury": 0.4334,
        "pilot_skill": 0.496,
        "mission_priority": 0.987,
        "estimated_landing_time": 2262.0,
        "wait_time": 0,
        "Landing_success_rate": 0.8722
    },
    {
        "model": 1,
        "sequence": 12,
        "status": 1,
        "fuel": 7363,
        "fault": 0.4468,
        "weapon": 1,
        "pilot_injury": 0.2395,
        "pilot_skill": 0.4666,
        "mission_priority": 0.2,
        "estimated_landing_time": 1134.0,
        "wait_time": 0,
        "Landing_success_rate": 0.9273
    },
    {
        "model": 1,
        "sequence": 1,
        "status": 1,
        "fuel": 7471,
        "fault": 0.6092,
        "weapon": 1,
        "pilot_injury": 0.0368,
        "pilot_skill": 0.8153,
        "mission_priority": 0.1283,
        "estimated_landing_time": 100.0,
        "wait_time": 0,
        "Landing_success_rate": 0.9078
    },
    {
        "model": 2,
        "sequence": 17,
        "status": 1,
        "fuel": 6124,
        "fault": 0.4333,
        "weapon": 0,
        "pilot_injury": 0.4325,
        "pilot_skill": 0.7257,
        "mission_priority": 0.5968,
        "estimated_landing_time": 1604.0,
        "wait_time": 0,
        "Landing_success_rate": 0.8765
    },
    {
        "model": 1,
        "sequence": 13,
        "status": 1,
        "fuel": 6056,
        "fault": 0.0597,
        "weapon": 0,
        "pilot_injury": 0.7676,
        "pilot_skill": 0.3525,
        "mission_priority": 0.8897,
        "estimated_landing_time": 1228.0,
        "wait_time": 0,
        "Landing_success_rate": 0.8892
    },
    {
        "model": 1,
        "sequence": 8,
        "status": 1,
        "fuel": 5697,
        "fault": 0.584,
        "weapon": 0,
        "pilot_injury": 0.9396,
        "pilot_skill": 0.6512,
        "mission_priority": 0.4135,
        "estimated_landing_time": 758.0,
        "wait_time": 0,
        "Landing_success_rate": 0.8561
    },
    {
        "model": 2,
        "sequence": 16,
        "status": 1,
        "fuel": 6524,
        "fault": 0.7253,
        "weapon": 0,
        "pilot_injury": 0.5848,
        "pilot_skill": 0.1468,
        "mission_priority": 0.6985,
        "estimated_landing_time": 1510.0,
        "wait_time": 0,
        "Landing_success_rate": 0.8711
    },
    {
        "model": 2,
        "sequence": 21,
        "status": 1,
        "fuel": 7128,
        "fault": 0.3851,
        "weapon": 0,
        "pilot_injury": 0.6248,
        "pilot_skill": 0.1169,
        "mission_priority": 0.7704,
        "estimated_landing_time": 1980.0,
        "wait_time": 0,
        "Landing_success_rate": 0.9251
    },
    {
        "model": 0,
        "sequence": 5,
        "status": 1,
        "fuel": 5961,
        "fault": 0.8042,
        "weapon": 1,
        "pilot_injury": 0.6645,
        "pilot_skill": 0.482,
        "mission_priority": 0.3523,
        "estimated_landing_time": 476.0,
        "wait_time": 0,
        "Landing_success_rate": 0.8568
    },
    {
        "model": 1,
        "sequence": 2,
        "status": 1,
        "fuel": 6611,
        "fault": 0.733,
        "weapon": 1,
        "pilot_injury": 0.3484,
        "pilot_skill": 0.7179,
        "mission_priority": 0.2174,
        "estimated_landing_time": 194.0,
        "wait_time": 0,
        "Landing_success_rate": 0.8722
    },
    {
        "model": 2,
        "sequence": 15,
        "status": 1,
        "fuel": 7386,
        "fault": 0.9896,
        "weapon": 0,
        "pilot_injury": 0.1778,
        "pilot_skill": 0.2459,
        "mission_priority": 0.0175,
        "estimated_landing_time": 1416.0,
        "wait_time": 0,
        "Landing_success_rate": 0.8515
    },
    {
        "model": 1,
        "sequence": 11,
        "status": 1,
        "fuel": 6825,
        "fault": 0.7324,
        "weapon": 0,
        "pilot_injury": 0.6944,
        "pilot_skill": 0.2143,
        "mission_priority": 0.6874,
        "estimated_landing_time": 1040.0,
        "wait_time": 0,
        "Landing_success_rate": 0.8766
    },
    {
        "model": 1,
        "sequence": 7,
        "status": 1,
        "fuel": 6336,
        "fault": 0.6591,
        "weapon": 1,
        "pilot_injury": 0.4378,
        "pilot_skill": 0.5679,
        "mission_priority": 0.4933,
        "estimated_landing_time": 664.0,
        "wait_time": 0,
        "Landing_success_rate": 0.8714
    },
    {
        "model": 1,
        "sequence": 10,
        "status": 1,
        "fuel": 5509,
        "fault": 0.781,
        "weapon": 1,
        "pilot_injury": 0.5407,
        "pilot_skill": 0.4503,
        "mission_priority": 0.461,
        "estimated_landing_time": 946.0,
        "wait_time": 0,
        "Landing_success_rate": 0.8501
    },
    {
        "model": 0,
        "sequence": 3,
        "status": 1,
        "fuel": 6536,
        "fault": 0.3932,
        "weapon": 1,
        "pilot_injury": 0.8186,
        "pilot_skill": 0.6296,
        "mission_priority": 0.7165,
        "estimated_landing_time": 288.0,
        "wait_time": 0,
        "Landing_success_rate": 0.8971
    }
]