[
    {
        "model": 1,
        "sequence": 1,
        "status": 1,
        "fuel": 6678,
        "fault": 0.7729,
        "weapon": 0,
        "pilot_injury": 0.2483,
        "pilot_skill": 0.1919,
        "mission_priority": 0.1581,
        "estimated_landing_time": 100.0,
        "wait_time": 0,
        "Landing_success_rate": 0.8701
    },
    {
        "model": 2,
        "sequence": 2,
        "status": 1,
        "fuel": 5922,
        "fault": 0.2843,
        "weapon": 0,
        "pilot_injury": 0.6378,
        "pilot_skill": 0.9543,
        "mission_priority": 0.2306,
        "estimated_landing_time": 194.0,
        "wait_time": 0,
        "Landing_success_rate": 0.8727
    },
    {
        "model": 0,
        "sequence": 18,
        "status": 1,
        "fuel": 7103,
        "fault": 0.5989,
        "weapon": 1,
        "pilot_injury": 0.3762,
        "pilot_skill": 0.4327,
        "mission_priority": 0.3616,
        "estimated_landing_time": 1698.0,
        "wait_time": 0,
        "Landing_success_rate": 0.8982
    },
    {
        "model": 1,
        "sequence": 21,
        "status": 1,
        "fuel": 6591,
        "fault": 0.2876,
        "weapon": 0,
        "pilot_injury": 0.1661,
        "pilot_skill": 0.4407,
        "mission_priority": 0.9418,
        "estimated_landing_time": 1980.0,
        "wait_time": 0,
        "Landing_success_rate": 0.9083
    },
    {
        "model": 2,
        "sequence": 12,
        "status": 1,
        "fuel": 6260,
        "fault": 0.3088,
        "weapon": 0,
        "pilot_injury": 0.7777,
        "pilot_skill": 0.1321,
        "mission_priority": 0.2713,
        "estimated_landing_time": 1134.0,
        "wait_time": 0,
        "Landing_success_rate": 0.8894
    },
    {
        "model": 0,
        "sequence": 15,
        "status": 1,
        "fuel": 6205,
        "fault": 0.9912,
        "weapon": 0,
        "pilot_injury": 0.1835,
        "pilot_skill": 0.9231,
        "mission_priority": 0.7185,
        "estimated_landing_time": 1416.0,
        "wait_time": 0,
        "Landing_success_rate": 0.8505
    },
    {
        "model": 2,
        "sequence": 11,
        "status": 1,
        "fuel": 7345,
        "fault": 0.2129,
        "weapon": 1,
        "pilot_injury": 0.0312,
        "pilot_skill": 0.0989,
        "mission_priority": 0.3348,
        "estimated_landing_time": 1040.0,
        "wait_time": 0,
        "Landing_success_rate": 0.9589
    },
    {
        "model": 1,
        "sequence": 24,
        "status": 1,
        "fuel": 5826,
        "fault": 0.245,
        "weapon": 1,
        "pilot_injury": 0.5804,
        "pilot_skill": 0.4873,
        "mission_priority": 0.7855,
        "estimated_landing_time": 2262.0,
        "wait_time": 0,
        "Landing_success_rate": 0.8685
    },
    {
        "model": 2,
        "sequence": 22,
        "status": 1,
        "fuel": 7454,
        "fault": 0.087,
        "weapon": 1,
        "pilot_injury": 0.7931,
        "pilot_skill": 0.3772,
        "mission_priority": 0.066,
        "estimated_landing_time": 2074.0,
        "wait_time": 0,
        "Landing_success_rate": 0.9838
    },
    {
        "model": 1,
        "sequence": 5,
        "status": 1,
        "fuel": 6478,
        "fault": 0.4383,
        "weapon": 1,
        "pilot_injury": 0.0019,
        "pilot_skill": 0.9364,
        "mission_priority": 0.927,
        "estimated_landing_time": 476.0,
        "wait_time": 0,
        "Landing_success_rate": 0.8912
    },
    {
        "model": 0,
        "sequence": 7,
        "status": 1,
        "fuel": 7107,
        "fault": 0.3141,
        "weapon": 1,
        "pilot_injury": 0.5132,
        "pilot_skill": 0.2378,
        "mission_priority": 0.9144,
        "estimated_landing_time": 664.0,
        "wait_time": 0,
        "Landing_success_rate": 0.9327
    },
    {
        "model": 2,
        "sequence": 8,
        "status": 1,
        "fuel": 5941,
        "fault": 0.834,
        "weapon": 1,
        "pilot_injury": 0.2454,
        "pilot_skill": 0.8701,
        "mission_priority": 0.6512,
        "estimated_landing_time": 758.0,
        "wait_time": 0,
        "Landing_success_rate": 0.8555
    },
    {
        "model": 0,
        "sequence": 17,
        "status": 1,
        "fuel": 5803,
        "fault": 0.456,
        "weapon": 1,
        "pilot_injury": 0.4195,
        "pilot_skill": 0.5249,
        "mission_priority": 0.294,
        "estimated_landing_time": 1604.0,
        "wait_time": 0,
        "Landing_success_rate": 0.8624
    },
    {
        "model": 0,
        "sequence": 6,
        "status": 1,
        "fuel": 6847,
        "fault": 0.826,
        "weapon": 0,
        "pilot_injury": 0.4936,
        "pilot_skill": 0.34,
        "mission_priority": 0.8015,
        "estimated_landing_time": 570.0,
        "wait_time": 0,
        "Landing_success_rate": 0.8676
    },
    {
        "model": 1,
        "sequence": 20,
        "status": 1,
        "fuel": 6083,
        "fault": 0.7516,
        "weapon": 0,
        "pilot_injury": 0.0457,
        "pilot_skill": 0.0387,
        "mission_priority": 0.4889,
        "estimated_landing_time": 1886.0,
        "wait_time": 0,
        "Landing_success_rate": 0.8609
    },
    {
        "model": 1,
        "sequence": 23,
        "status": 1,
        "fuel": 6547,
        "fault": 0.1647,
        "weapon": 1,
        "pilot_injury": 0.6539,
        "pilot_skill": 0.542,
        "mission_priority": 0.3528,
        "estimated_landing_time": 2168.0,
        "wait_time": 0,
        "Landing_success_rate": 0.9156
    },
    {
        "model": 0,
        "sequence": 16,
        "status": 1,
        "fuel": 5510,
        "fault": 0.9654,
        "weapon": 0,
        "pilot_injury": 0.2715,
        "pilot_skill": 0.5017,
        "mission_priority": 0.1563,
        "estimated_landing_time": 1510.0,
        "wait_time": 0,
        "Landing_success_rate": 0.85
    },
    {
        "model": 1,
        "sequence": 19,
        "status": 1,
        "fuel": 7244,
        "fault": 0.812,
        "weapon": 1,
        "pilot_injury": 0.2238,
        "pilot_skill": 0.6983,
        "mission_priority": 0.2384,
        "estimated_landing_time": 1792.0,
        "wait_time": 0,
        "Landing_success_rate": 0.8746
    },
    {
        "model": 0,
        "sequence": 3,
        "status": 1,
        "fuel": 6974,
        "fault": 0.3837,
        "weapon": 1,
        "pilot_injury": 0.3467,
        "pilot_skill": 0.5939,
        "mission_priority": 0.5881,
        "estimated_landing_time": 288.0,
        "wait_time": 0,
        "Landing_success_rate": 0.9181
    },
    {
        "model": 1,
        "sequence": 14,
        "status": 1,
        "fuel": 5940,
        "fault": 0.377,
        "weapon": 0,
        "pilot_injury": 0.3122,
        "pilot_skill": 0.4344,
        "mission_priority": 0.5934,
        "estimated_landing_time": 1322.0,
        "wait_time": 0,
        "Landing_success_rate": 0.8706
    },
    {
        "model": 1,
        "sequence": 10,
        "status": 1,
        "fuel": 6491,
        "fault": 0.8729,
        "weapon": 1,
        "pilot_injury": 0.7015,
        "pilot_skill": 0.9233,
        "mission_priority": 0.7579,
        "estimated_landing_time": 946.0,
        "wait_time": 0,
        "Landing_success_rate": 0.8594
    },
    {
        "model": 2,
        "sequence": 13,
        "status": 1,
        "fuel": 7336,
        "fault": 0.4691,
        "weapon": 1,
        "pilot_injury": 0.0866,
        "pilot_skill": 0.0036,
        "mission_priority": 0.8984,
        "estimated_landing_time": 1228.0,
        "wait_time": 0,
        "Landing_success_rate": 0.9231
    },
    {
        "model": 2,
        "sequence": 9,
        "status": 1,
        "fuel": 6919,
        "fault": 0.0062,
        "weapon": 1,
        "pilot_injury": 0.9719,
        "pilot_skill": 0.8268,
        "mission_priority": 0.1079,
        "estimated_landing_time": 852.0,
        "wait_time": 0,
        "Landing_success_rate": 0.9558
    },
    {
        "model": 1,
        "sequence": 4,
        "status": 1,
        "fuel": 6955,
        "fault": 0.0678,
        "weapon": 0,
        "pilot_injury": 0.6984,
        "pilot_skill": 0.7608,
        "mission_priority": 0.4575,
        "estimated_landing_time": 382.0,
        "wait_time": 0,
        "Landing_success_rate": 0.9517
    }
]