[
    {
        "model": 0,
        "sequence": 5,
        "status": 1,
        "fuel": 6485,
        "fault": 0.1722,
        "weapon": 0,
        "pilot_injury": 0.9855,
        "pilot_skill": 0.0752,
        "mission_priority": 0.4286,
        "estimated_landing_time": 476.0,
        "wait_time": 0,
        "Landing_success_rate": 0.9112
    },
    {
        "model": 2,
        "sequence": 11,
        "status": 1,
        "fuel": 6290,
        "fault": 0.4219,
        "weapon": 0,
        "pilot_injury": 0.8068,
        "pilot_skill": 0.9663,
        "mission_priority": 0.4546,
        "estimated_landing_time": 1040.0,
        "wait_time": 0,
        "Landing_success_rate": 0.8843
    },
    {
        "model": 0,
        "sequence": 22,
        "status": 1,
        "fuel": 5775,
        "fault": 0.629,
        "weapon": 1,
        "pilot_injury": 0.6833,
        "pilot_skill": 0.2427,
        "mission_priority": 0.6079,
        "estimated_landing_time": 2074.0,
        "wait_time": 0,
        "Landing_success_rate": 0.8577
    },
    {
        "model": 2,
        "sequence": 2,
        "status": 1,
        "fuel": 7317,
        "fault": 0.127,
        "weapon": 1,
        "pilot_injury": 0.6424,
        "pilot_skill": 0.887,
        "mission_priority": 0.2003,
        "estimated_landing_time": 194.0,
        "wait_time": 0,
        "Landing_success_rate": 0.969
    },
    {
        "model": 2,
        "sequence": 19,
        "status": 1,
        "fuel": 6000,
        "fault": 0.2661,
        "weapon": 1,
        "pilot_injury": 0.1352,
        "pilot_skill": 0.1911,
        "mission_priority": 0.4205,
        "estimated_landing_time": 1792.0,
        "wait_time": 0,
        "Landing_success_rate": 0.8775
    },
    {
        "model": 0,
        "sequence": 7,
        "status": 1,
        "fuel": 7266,
        "fault": 0.5668,
        "weapon": 0,
        "pilot_injury": 0.292,
        "pilot_skill": 0.9206,
        "mission_priority": 0.9151,
        "estimated_landing_time": 664.0,
        "wait_time": 0,
        "Landing_success_rate": 0.9074
    },
    {
        "model": 2,
        "sequence": 10,
        "status": 1,
        "fuel": 6120,
        "fault": 0.3021,
        "weapon": 0,
        "pilot_injury": 0.7025,
        "pilot_skill": 0.663,
        "mission_priority": 0.3823,
        "estimated_landing_time": 946.0,
        "wait_time": 0,
        "Landing_success_rate": 0.8825
    },
    {
        "model": 2,
        "sequence": 13,
        "status": 1,
        "fuel": 5850,
        "fault": 0.2762,
        "weapon": 1,
        "pilot_injury": 0.2354,
        "pilot_skill": 0.4581,
        "mission_priority": 0.6864,
        "estimated_landing_time": 1228.0,
        "wait_time": 0,
        "Landing_success_rate": 0.869
    },
    {
        "model": 2,
        "sequence": 12,
        "status": 1,
        "fuel": 7461,
        "fault": 0.4389,
        "weapon": 0,
        "pilot_injury": 0.3747,
        "pilot_skill": 0.7646,
        "mission_priority": 0.0065,
        "estimated_landing_time": 1134.0,
        "wait_time": 0,
        "Landing_success_rate": 0.9325
    },
    {
        "model": 1,
        "sequence": 23,
        "status": 1,
        "fuel": 5952,
        "fault": 0.7829,
        "weapon": 0,
        "pilot_injury": 0.63,
        "pilot_skill": 0.4741,
        "mission_priority": 0.6446,
        "estimated_landing_time": 2168.0,
        "wait_time": 0,
        "Landing_success_rate": 0.8574
    },
    {
        "model": 2,
        "sequence": 3,
        "status": 1,
        "fuel": 6751,
        "fault": 0.9613,
        "weapon": 0,
        "pilot_injury": 0.7998,
        "pilot_skill": 0.9807,
        "mission_priority": 0.7056,
        "estimated_landing_time": 288.0,
        "wait_time": 0,
        "Landing_success_rate": 0.8536
    },
    {
        "model": 0,
        "sequence": 1,
        "status": 1,
        "fuel": 6048,
        "fault": 0.4331,
        "weapon": 0,
        "pilot_injury": 0.3745,
        "pilot_skill": 0.5654,
        "mission_priority": 0.7972,
        "estimated_landing_time": 100.0,
        "wait_time": 0,
        "Landing_success_rate": 0.8733
    },
    {
        "model": 0,
        "sequence": 15,
        "status": 1,
        "fuel": 6181,
        "fault": 0.4924,
        "weapon": 0,
        "pilot_injury": 0.2718,
        "pilot_skill": 0.7446,
        "mission_priority": 0.419,
        "estimated_landing_time": 1416.0,
        "wait_time": 0,
        "Landing_success_rate": 0.8759
    },
    {
        "model": 0,
        "sequence": 9,
        "status": 1,
        "fuel": 7029,
        "fault": 0.5748,
        "weapon": 0,
        "pilot_injury": 0.2962,
        "pilot_skill": 0.0968,
        "mission_priority": 0.5203,
        "estimated_landing_time": 852.0,
        "wait_time": 0,
        "Landing_success_rate": 0.8988
    },
    {
        "model": 2,
        "sequence": 8,
        "status": 1,
        "fuel": 6881,
        "fault": 0.3749,
        "weapon": 0,
        "pilot_injury": 0.9683,
        "pilot_skill": 0.0553,
        "mission_priority": 0.5917,
        "estimated_landing_time": 758.0,
        "wait_time": 0,
        "Landing_success_rate": 0.9147
    },
    {
        "model": 0,
        "sequence": 21,
        "status": 1,
        "fuel": 6784,
        "fault": 0.474,
        "weapon": 0,
        "pilot_injury": 0.9426,
        "pilot_skill": 0.7125,
        "mission_priority": 0.5218,
        "estimated_landing_time": 1980.0,
        "wait_time": 0,
        "Landing_success_rate": 0.9007
    },
    {
        "model": 1,
        "sequence": 6,
        "status": 1,
        "fuel": 5946,
        "fault": 0.8687,
        "weapon": 0,
        "pilot_injury": 0.5851,
        "pilot_skill": 0.7252,
        "mission_priority": 0.6354,
        "estimated_landing_time": 570.0,
        "wait_time": 0,
        "Landing_success_rate": 0.8544
    },
    {
        "model": 0,
        "sequence": 18,
        "status": 1,
        "fuel": 5618,
        "fault": 0.9743,
        "weapon": 0,
        "pilot_injury": 0.7276,
        "pilot_skill": 0.1437,
        "mission_priority": 0.1626,
        "estimated_landing_time": 1698.0,
        "wait_time": 0,
        "Landing_success_rate": 0.8502
    },
    {
        "model": 2,
        "sequence": 24,
        "status": 1,
        "fuel": 7059,
        "fault": 0.6586,
        "weapon": 0,
        "pilot_injury": 0.076,
        "pilot_skill": 0.8015,
        "mission_priority": 0.2336,
        "estimated_landing_time": 2262.0,
        "wait_time": 0,
        "Landing_success_rate": 0.8899
    },
    {
        "model": 1,
        "sequence": 20,
        "status": 1,
        "fuel": 7129,
        "fault": 0.3404,
        "weapon": 0,
        "pilot_injury": 0.5859,
        "pilot_skill": 0.2101,
        "mission_priority": 0.2841,
        "estimated_landing_time": 1886.0,
        "wait_time": 0,
        "Landing_success_rate": 0.9306
    },
    {
        "model": 0,
        "sequence": 17,
        "status": 1,
        "fuel": 6479,
        "fault": 0.6046,
        "weapon": 0,
        "pilot_injury": 0.587,
        "pilot_skill": 0.4599,
        "mission_priority": 0.3784,
        "estimated_landing_time": 1604.0,
        "wait_time": 0,
        "Landing_success_rate": 0.879
    },
    {
        "model": 1,
        "sequence": 4,
        "status": 1,
        "fuel": 6050,
        "fault": 0.1267,
        "weapon": 0,
        "pilot_injury": 0.7182,
        "pilot_skill": 0.2749,
        "mission_priority": 0.789,
        "estimated_landing_time": 382.0,
        "wait_time": 0,
        "Landing_success_rate": 0.886
    },
    {
        "model": 0,
        "sequence": 16,
        "status": 1,
        "fuel": 5944,
        "fault": 0.0805,
        "weapon": 1,
        "pilot_injury": 0.1612,
        "pilot_skill": 0.3039,
        "mission_priority": 0.8604,
        "estimated_landing_time": 1510.0,
        "wait_time": 0,
        "Landing_success_rate": 0.8806
    },
    {
        "model": 2,
        "sequence": 14,
        "status": 1,
        "fuel": 7490,
        "fault": 0.9402,
        "weapon": 0,
        "pilot_injury": 0.8708,
        "pilot_skill": 0.3264,
        "mission_priority": 0.4145,
        "estimated_landing_time": 1322.0,
        "wait_time": 0,
        "Landing_success_rate": 0.8589
    }
]