[
    {
        "model": 1,
        "sequence": 20,
        "status": 1,
        "fuel": 6552,
        "fault": 0.8781,
        "weapon": 1,
        "pilot_injury": 0.063,
        "pilot_skill": 0.6006,
        "mission_priority": 0.1248,
        "estimated_landing_time": 1886.0,
        "wait_time": 0,
        "Landing_success_rate": 0.8596
    },
    {
        "model": 2,
        "sequence": 22,
        "status": 1,
        "fuel": 6326,
        "fault": 0.6551,
        "weapon": 1,
        "pilot_injury": 0.8747,
        "pilot_skill": 0.7848,
        "mission_priority": 0.1121,
        "estimated_landing_time": 2074.0,
        "wait_time": 0,
        "Landing_success_rate": 0.8714
    },
    {
        "model": 2,
        "sequence": 9,
        "status": 1,
        "fuel": 5765,
        "fault": 0.3985,
        "weapon": 0,
        "pilot_injury": 0.4173,
        "pilot_skill": 0.9724,
        "mission_priority": 0.7357,
        "estimated_landing_time": 852.0,
        "wait_time": 0,
        "Landing_success_rate": 0.862
    },
    {
        "model": 1,
        "sequence": 10,
        "status": 1,
        "fuel": 6905,
        "fault": 0.6024,
        "weapon": 0,
        "pilot_injury": 0.1008,
        "pilot_skill": 0.1405,
        "mission_priority": 0.7345,
        "estimated_landing_time": 946.0,
        "wait_time": 0,
        "Landing_success_rate": 0.8919
    },
    {
        "model": 2,
        "sequence": 14,
        "status": 1,
        "fuel": 6612,
        "fault": 0.8382,
        "weapon": 1,
        "pilot_injury": 0.289,
        "pilot_skill": 0.3513,
        "mission_priority": 0.3429,
        "estimated_landing_time": 1322.0,
        "wait_time": 0,
        "Landing_success_rate": 0.8635
    },
    {
        "model": 0,
        "sequence": 8,
        "status": 1,
        "fuel": 6804,
        "fault": 0.8807,
        "weapon": 1,
        "pilot_injury": 0.6089,
        "pilot_skill": 0.9004,
        "mission_priority": 0.3071,
        "estimated_landing_time": 758.0,
        "wait_time": 0,
        "Landing_success_rate": 0.8617
    },
    {
        "model": 0,
        "sequence": 18,
        "status": 1,
        "fuel": 6149,
        "fault": 0.4358,
        "weapon": 0,
        "pilot_injury": 0.7418,
        "pilot_skill": 0.9308,
        "mission_priority": 0.1655,
        "estimated_landing_time": 1698.0,
        "wait_time": 0,
        "Landing_success_rate": 0.8775
    },
    {
        "model": 1,
        "sequence": 16,
        "status": 1,
        "fuel": 7411,
        "fault": 0.6417,
        "weapon": 0,
        "pilot_injury": 0.6144,
        "pilot_skill": 0.4802,
        "mission_priority": 0.599,
        "estimated_landing_time": 1510.0,
        "wait_time": 0,
        "Landing_success_rate": 0.9014
    },
    {
        "model": 2,
        "sequence": 19,
        "status": 1,
        "fuel": 7102,
        "fault": 0.7556,
        "weapon": 0,
        "pilot_injury": 0.6581,
        "pilot_skill": 0.4327,
        "mission_priority": 0.6794,
        "estimated_landing_time": 1792.0,
        "wait_time": 0,
        "Landing_success_rate": 0.8794
    },
    {
        "model": 0,
        "sequence": 7,
        "status": 1,
        "fuel": 6915,
        "fault": 0.5693,
        "weapon": 1,
        "pilot_injury": 0.3036,
        "pilot_skill": 0.4109,
        "mission_priority": 0.0231,
        "estimated_landing_time": 664.0,
        "wait_time": 0,
        "Landing_success_rate": 0.8957
    },
    {
        "model": 0,
        "sequence": 12,
        "status": 1,
        "fuel": 7201,
        "fault": 0.1931,
        "weapon": 0,
        "pilot_injury": 0.3546,
        "pilot_skill": 0.046,
        "mission_priority": 0.9868,
        "estimated_landing_time": 1134.0,
        "wait_time": 0,
        "Landing_success_rate": 0.9529
    },
    {
        "model": 0,
        "sequence": 17,
        "status": 1,
        "fuel": 6167,
        "fault": 0.7242,
        "weapon": 1,
        "pilot_injury": 0.3698,
        "pilot_skill": 0.7386,
        "mission_priority": 0.2939,
        "estimated_landing_time": 1604.0,
        "wait_time": 0,
        "Landing_success_rate": 0.8638
    },
    {
        "model": 0,
        "sequence": 4,
        "status": 1,
        "fuel": 7488,
        "fault": 0.3044,
        "weapon": 0,
        "pilot_injury": 0.1178,
        "pilot_skill": 0.3303,
        "mission_priority": 0.7249,
        "estimated_landing_time": 382.0,
        "wait_time": 0,
        "Landing_success_rate": 0.9537
    },
    {
        "model": 2,
        "sequence": 15,
        "status": 1,
        "fuel": 5905,
        "fault": 0.627,
        "weapon": 0,
        "pilot_injury": 0.1633,
        "pilot_skill": 0.6407,
        "mission_priority": 0.8134,
        "estimated_landing_time": 1416.0,
        "wait_time": 0,
        "Landing_success_rate": 0.8613
    },
    {
        "model": 0,
        "sequence": 23,
        "status": 1,
        "fuel": 5767,
        "fault": 0.8415,
        "weapon": 1,
        "pilot_injury": 0.1706,
        "pilot_skill": 0.3114,
        "mission_priority": 0.0203,
        "estimated_landing_time": 2168.0,
        "wait_time": 0,
        "Landing_success_rate": 0.8532
    },
    {
        "model": 0,
        "sequence": 5,
        "status": 1,
        "fuel": 6425,
        "fault": 0.1907,
        "weapon": 1,
        "pilot_injury": 0.8161,
        "pilot_skill": 0.7084,
        "mission_priority": 0.8287,
        "estimated_landing_time": 476.0,
        "wait_time": 0,
        "Landing_success_rate": 0.9061
    },
    {
        "model": 0,
        "sequence": 13,
        "status": 1,
        "fuel": 6814,
        "fault": 0.6149,
        "weapon": 1,
        "pilot_injury": 0.9719,
        "pilot_skill": 0.7173,
        "mission_priority": 0.834,
        "estimated_landing_time": 1228.0,
        "wait_time": 0,
        "Landing_success_rate": 0.888
    },
    {
        "model": 1,
        "sequence": 21,
        "status": 1,
        "fuel": 6900,
        "fault": 0.5803,
        "weapon": 0,
        "pilot_injury": 0.7428,
        "pilot_skill": 0.078,
        "mission_priority": 0.5673,
        "estimated_landing_time": 1980.0,
        "wait_time": 0,
        "Landing_success_rate": 0.8941
    },
    {
        "model": 0,
        "sequence": 1,
        "status": 1,
        "fuel": 7157,
        "fault": 0.9945,
        "weapon": 0,
        "pilot_injury": 0.236,
        "pilot_skill": 0.2848,
        "mission_priority": 0.1119,
        "estimated_landing_time": 100.0,
        "wait_time": 0,
        "Landing_success_rate": 0.8507
    },
    {
        "model": 0,
        "sequence": 24,
        "status": 1,
        "fuel": 7338,
        "fault": 0.1738,
        "weapon": 0,
        "pilot_injury": 0.2776,
        "pilot_skill": 0.8982,
        "mission_priority": 0.4671,
        "estimated_landing_time": 2262.0,
        "wait_time": 0,
        "Landing_success_rate": 0.9639
    },
    {
        "model": 2,
        "sequence": 11,
        "status": 1,
        "fuel": 6160,
        "fault": 0.9711,
        "weapon": 1,
        "pilot_injury": 0.9096,
        "pilot_skill": 0.025,
        "mission_priority": 0.4482,
        "estimated_landing_time": 1040.0,
        "wait_time": 0,
        "Landing_success_rate": 0.8514
    },
    {
        "model": 0,
        "sequence": 6,
        "status": 1,
        "fuel": 6192,
        "fault": 0.9175,
        "weapon": 0,
        "pilot_injury": 0.7724,
        "pilot_skill": 0.9715,
        "mission_priority": 0.9434,
        "estimated_landing_time": 570.0,
        "wait_time": 0,
        "Landing_success_rate": 0.8543
    },
    {
        "model": 0,
        "sequence": 2,
        "status": 1,
        "fuel": 7169,
        "fault": 0.1232,
        "weapon": 1,
        "pilot_injury": 0.9575,
        "pilot_skill": 0.4586,
        "mission_priority": 0.2083,
        "estimated_landing_time": 194.0,
        "wait_time": 0,
        "Landing_success_rate": 0.9598
    },
    {
        "model": 0,
        "sequence": 3,
        "status": 1,
        "fuel": 5701,
        "fault": 0.1614,
        "weapon": 1,
        "pilot_injury": 0.2672,
        "pilot_skill": 0.8792,
        "mission_priority": 0.1625,
        "estimated_landing_time": 288.0,
        "wait_time": 0,
        "Landing_success_rate": 0.8626
    }
]