[
    {
        "model": 1,
        "sequence": 16,
        "status": 1,
        "fuel": 6875,
        "fault": 0.8215,
        "weapon": 1,
        "pilot_injury": 0.5101,
        "pilot_skill": 0.0044,
        "mission_priority": 0.5552,
        "estimated_landing_time": 1510.0,
        "wait_time": 0,
        "Landing_success_rate": 0.8684
    },
    {
        "model": 2,
        "sequence": 13,
        "status": 1,
        "fuel": 6135,
        "fault": 0.8763,
        "weapon": 1,
        "pilot_injury": 0.9676,
        "pilot_skill": 0.3568,
        "mission_priority": 0.1399,
        "estimated_landing_time": 1228.0,
        "wait_time": 0,
        "Landing_success_rate": 0.8559
    },
    {
        "model": 0,
        "sequence": 22,
        "status": 1,
        "fuel": 6586,
        "fault": 0.179,
        "weapon": 1,
        "pilot_injury": 0.6295,
        "pilot_skill": 0.5049,
        "mission_priority": 0.5367,
        "estimated_landing_time": 2074.0,
        "wait_time": 0,
        "Landing_success_rate": 0.9169
    },
    {
        "model": 0,
        "sequence": 8,
        "status": 1,
        "fuel": 5995,
        "fault": 0.208,
        "weapon": 0,
        "pilot_injury": 0.3107,
        "pilot_skill": 0.9871,
        "mission_priority": 0.2956,
        "estimated_landing_time": 758.0,
        "wait_time": 0,
        "Landing_success_rate": 0.8794
    },
    {
        "model": 1,
        "sequence": 21,
        "status": 1,
        "fuel": 5766,
        "fault": 0.0621,
        "weapon": 0,
        "pilot_injury": 0.0961,
        "pilot_skill": 0.2476,
        "mission_priority": 0.2728,
        "estimated_landing_time": 1980.0,
        "wait_time": 0,
        "Landing_success_rate": 0.8687
    },
    {
        "model": 2,
        "sequence": 15,
        "status": 1,
        "fuel": 7174,
        "fault": 0.6743,
        "weapon": 1,
        "pilot_injury": 0.453,
        "pilot_skill": 0.7716,
        "mission_priority": 0.843,
        "estimated_landing_time": 1416.0,
        "wait_time": 0,
        "Landing_success_rate": 0.8909
    },
    {
        "model": 0,
        "sequence": 17,
        "status": 1,
        "fuel": 6006,
        "fault": 0.6248,
        "weapon": 1,
        "pilot_injury": 0.6259,
        "pilot_skill": 0.7005,
        "mission_priority": 0.2531,
        "estimated_landing_time": 1604.0,
        "wait_time": 0,
        "Landing_success_rate": 0.8642
    },
    {
        "model": 1,
        "sequence": 4,
        "status": 1,
        "fuel": 7095,
        "fault": 0.0359,
        "weapon": 1,
        "pilot_injury": 0.4652,
        "pilot_skill": 0.7011,
        "mission_priority": 0.737,
        "estimated_landing_time": 382.0,
        "wait_time": 0,
        "Landing_success_rate": 0.9653
    },
    {
        "model": 2,
        "sequence": 2,
        "status": 1,
        "fuel": 7093,
        "fault": 0.2019,
        "weapon": 1,
        "pilot_injury": 0.8816,
        "pilot_skill": 0.4489,
        "mission_priority": 0.0611,
        "estimated_landing_time": 194.0,
        "wait_time": 0,
        "Landing_success_rate": 0.9454
    },
    {
        "model": 2,
        "sequence": 10,
        "status": 1,
        "fuel": 5689,
        "fault": 0.916,
        "weapon": 0,
        "pilot_injury": 0.8493,
        "pilot_skill": 0.1385,
        "mission_priority": 0.0308,
        "estimated_landing_time": 946.0,
        "wait_time": 0,
        "Landing_success_rate": 0.8512
    },
    {
        "model": 2,
        "sequence": 14,
        "status": 1,
        "fuel": 6385,
        "fault": 0.9112,
        "weapon": 0,
        "pilot_injury": 0.8097,
        "pilot_skill": 0.8232,
        "mission_priority": 0.7087,
        "estimated_landing_time": 1322.0,
        "wait_time": 0,
        "Landing_success_rate": 0.8559
    },
    {
        "model": 2,
        "sequence": 9,
        "status": 1,
        "fuel": 7162,
        "fault": 0.7451,
        "weapon": 0,
        "pilot_injury": 0.8891,
        "pilot_skill": 0.4255,
        "mission_priority": 0.4135,
        "estimated_landing_time": 852.0,
        "wait_time": 0,
        "Landing_success_rate": 0.8818
    },
    {
        "model": 1,
        "sequence": 23,
        "status": 1,
        "fuel": 5893,
        "fault": 0.1377,
        "weapon": 1,
        "pilot_injury": 0.892,
        "pilot_skill": 0.8692,
        "mission_priority": 0.9979,
        "estimated_landing_time": 2168.0,
        "wait_time": 0,
        "Landing_success_rate": 0.8754
    },
    {
        "model": 0,
        "sequence": 3,
        "status": 1,
        "fuel": 6407,
        "fault": 0.7512,
        "weapon": 1,
        "pilot_injury": 0.794,
        "pilot_skill": 0.3566,
        "mission_priority": 0.7672,
        "estimated_landing_time": 288.0,
        "wait_time": 0,
        "Landing_success_rate": 0.8669
    },
    {
        "model": 2,
        "sequence": 1,
        "status": 1,
        "fuel": 6716,
        "fault": 0.8308,
        "weapon": 0,
        "pilot_injury": 0.4168,
        "pilot_skill": 0.7164,
        "mission_priority": 0.9008,
        "estimated_landing_time": 100.0,
        "wait_time": 0,
        "Landing_success_rate": 0.8654
    },
    {
        "model": 2,
        "sequence": 12,
        "status": 1,
        "fuel": 6563,
        "fault": 0.846,
        "weapon": 0,
        "pilot_injury": 0.9193,
        "pilot_skill": 0.9462,
        "mission_priority": 0.4841,
        "estimated_landing_time": 1134.0,
        "wait_time": 0,
        "Landing_success_rate": 0.8623
    },
    {
        "model": 0,
        "sequence": 5,
        "status": 1,
        "fuel": 6124,
        "fault": 0.3282,
        "weapon": 1,
        "pilot_injury": 0.4988,
        "pilot_skill": 0.9345,
        "mission_priority": 0.1498,
        "estimated_landing_time": 476.0,
        "wait_time": 0,
        "Landing_success_rate": 0.8814
    },
    {
        "model": 2,
        "sequence": 11,
        "status": 1,
        "fuel": 6874,
        "fault": 0.4506,
        "weapon": 0,
        "pilot_injury": 0.3491,
        "pilot_skill": 0.7681,
        "mission_priority": 0.3893,
        "estimated_landing_time": 1040.0,
        "wait_time": 0,
        "Landing_success_rate": 0.9066
    },
    {
        "model": 2,
        "sequence": 6,
        "status": 1,
        "fuel": 6688,
        "fault": 0.9711,
        "weapon": 1,
        "pilot_injury": 0.3878,
        "pilot_skill": 0.8451,
        "mission_priority": 0.9884,
        "estimated_landing_time": 570.0,
        "wait_time": 0,
        "Landing_success_rate": 0.8526
    },
    {
        "model": 0,
        "sequence": 20,
        "status": 1,
        "fuel": 6212,
        "fault": 0.5329,
        "weapon": 0,
        "pilot_injury": 0.4858,
        "pilot_skill": 0.3034,
        "mission_priority": 0.314,
        "estimated_landing_time": 1886.0,
        "wait_time": 0,
        "Landing_success_rate": 0.8749
    },
    {
        "model": 0,
        "sequence": 7,
        "status": 1,
        "fuel": 7064,
        "fault": 0.0764,
        "weapon": 0,
        "pilot_injury": 0.7111,
        "pilot_skill": 0.5363,
        "mission_priority": 0.8981,
        "estimated_landing_time": 664.0,
        "wait_time": 0,
        "Landing_success_rate": 0.9583
    },
    {
        "model": 2,
        "sequence": 19,
        "status": 1,
        "fuel": 6669,
        "fault": 0.6228,
        "weapon": 1,
        "pilot_injury": 0.5058,
        "pilot_skill": 0.7505,
        "mission_priority": 0.1932,
        "estimated_landing_time": 1792.0,
        "wait_time": 0,
        "Landing_success_rate": 0.8831
    },
    {
        "model": 0,
        "sequence": 18,
        "status": 1,
        "fuel": 5996,
        "fault": 0.5061,
        "weapon": 0,
        "pilot_injury": 0.1376,
        "pilot_skill": 0.8894,
        "mission_priority": 0.9136,
        "estimated_landing_time": 1698.0,
        "wait_time": 0,
        "Landing_success_rate": 0.8684
    },
    {
        "model": 1,
        "sequence": 24,
        "status": 1,
        "fuel": 7229,
        "fault": 0.0954,
        "weapon": 1,
        "pilot_injury": 0.3632,
        "pilot_skill": 0.8583,
        "mission_priority": 0.8247,
        "estimated_landing_time": 2262.0,
        "wait_time": 0,
        "Landing_success_rate": 0.9673
    }
]