[
    {
        "model": 1,
        "sequence": 15,
        "status": 1,
        "fuel": 6526,
        "fault": 0.0205,
        "weapon": 0,
        "pilot_injury": 0.5457,
        "pilot_skill": 0.2809,
        "mission_priority": 0.4628,
        "estimated_landing_time": 1416.0,
        "wait_time": 0,
        "Landing_success_rate": 0.9254
    },
    {
        "model": 0,
        "sequence": 16,
        "status": 1,
        "fuel": 5627,
        "fault": 0.5476,
        "weapon": 1,
        "pilot_injury": 0.0119,
        "pilot_skill": 0.1165,
        "mission_priority": 0.9238,
        "estimated_landing_time": 1510.0,
        "wait_time": 0,
        "Landing_success_rate": 0.8543
    },
    {
        "model": 1,
        "sequence": 11,
        "status": 1,
        "fuel": 6416,
        "fault": 0.0383,
        "weapon": 1,
        "pilot_injury": 0.617,
        "pilot_skill": 0.2896,
        "mission_priority": 0.7928,
        "estimated_landing_time": 1040.0,
        "wait_time": 0,
        "Landing_success_rate": 0.9161
    },
    {
        "model": 0,
        "sequence": 20,
        "status": 1,
        "fuel": 6278,
        "fault": 0.9843,
        "weapon": 0,
        "pilot_injury": 0.3749,
        "pilot_skill": 0.4304,
        "mission_priority": 0.2077,
        "estimated_landing_time": 1886.0,
        "wait_time": 0,
        "Landing_success_rate": 0.8509
    },
    {
        "model": 0,
        "sequence": 10,
        "status": 1,
        "fuel": 6078,
        "fault": 0.3355,
        "weapon": 0,
        "pilot_injury": 0.8178,
        "pilot_skill": 0.9356,
        "mission_priority": 0.6653,
        "estimated_landing_time": 946.0,
        "wait_time": 0,
        "Landing_success_rate": 0.8788
    },
    {
        "model": 1,
        "sequence": 6,
        "status": 1,
        "fuel": 6795,
        "fault": 0.7688,
        "weapon": 1,
        "pilot_injury": 0.3253,
        "pilot_skill": 0.4405,
        "mission_priority": 0.2744,
        "estimated_landing_time": 570.0,
        "wait_time": 0,
        "Landing_success_rate": 0.8725
    },
    {
        "model": 1,
        "sequence": 1,
        "status": 1,
        "fuel": 6643,
        "fault": 0.3276,
        "weapon": 1,
        "pilot_injury": 0.1106,
        "pilot_skill": 0.1052,
        "mission_priority": 0.6838,
        "estimated_landing_time": 100.0,
        "wait_time": 0,
        "Landing_success_rate": 0.9076
    },
    {
        "model": 2,
        "sequence": 8,
        "status": 1,
        "fuel": 5911,
        "fault": 0.9961,
        "weapon": 1,
        "pilot_injury": 0.1816,
        "pilot_skill": 0.4308,
        "mission_priority": 0.7582,
        "estimated_landing_time": 758.0,
        "wait_time": 0,
        "Landing_success_rate": 0.8501
    },
    {
        "model": 1,
        "sequence": 2,
        "status": 1,
        "fuel": 6588,
        "fault": 0.9048,
        "weapon": 0,
        "pilot_injury": 0.9691,
        "pilot_skill": 0.2234,
        "mission_priority": 0.2204,
        "estimated_landing_time": 194.0,
        "wait_time": 0,
        "Landing_success_rate": 0.8578
    },
    {
        "model": 1,
        "sequence": 23,
        "status": 1,
        "fuel": 6613,
        "fault": 0.9967,
        "weapon": 1,
        "pilot_injury": 0.984,
        "pilot_skill": 0.0765,
        "mission_priority": 0.3064,
        "estimated_landing_time": 2168.0,
        "wait_time": 0,
        "Landing_success_rate": 0.8503
    },
    {
        "model": 2,
        "sequence": 3,
        "status": 1,
        "fuel": 6600,
        "fault": 0.8278,
        "weapon": 0,
        "pilot_injury": 0.0164,
        "pilot_skill": 0.0824,
        "mission_priority": 0.2578,
        "estimated_landing_time": 288.0,
        "wait_time": 0,
        "Landing_success_rate": 0.8642
    },
    {
        "model": 1,
        "sequence": 5,
        "status": 1,
        "fuel": 6663,
        "fault": 0.7111,
        "weapon": 1,
        "pilot_injury": 0.6865,
        "pilot_skill": 0.567,
        "mission_priority": 0.3972,
        "estimated_landing_time": 476.0,
        "wait_time": 0,
        "Landing_success_rate": 0.8752
    },
    {
        "model": 1,
        "sequence": 14,
        "status": 1,
        "fuel": 6956,
        "fault": 0.8749,
        "weapon": 1,
        "pilot_injury": 0.2993,
        "pilot_skill": 0.6293,
        "mission_priority": 0.6921,
        "estimated_landing_time": 1322.0,
        "wait_time": 0,
        "Landing_success_rate": 0.8637
    },
    {
        "model": 0,
        "sequence": 12,
        "status": 1,
        "fuel": 6867,
        "fault": 0.9406,
        "weapon": 1,
        "pilot_injury": 0.0941,
        "pilot_skill": 0.8456,
        "mission_priority": 0.0565,
        "estimated_landing_time": 1134.0,
        "wait_time": 0,
        "Landing_success_rate": 0.8561
    },
    {
        "model": 2,
        "sequence": 19,
        "status": 1,
        "fuel": 5955,
        "fault": 0.6417,
        "weapon": 0,
        "pilot_injury": 0.2289,
        "pilot_skill": 0.2733,
        "mission_priority": 0.0383,
        "estimated_landing_time": 1792.0,
        "wait_time": 0,
        "Landing_success_rate": 0.8622
    },
    {
        "model": 2,
        "sequence": 4,
        "status": 1,
        "fuel": 6117,
        "fault": 0.8166,
        "weapon": 0,
        "pilot_injury": 0.4987,
        "pilot_skill": 0.7973,
        "mission_priority": 0.0612,
        "estimated_landing_time": 382.0,
        "wait_time": 0,
        "Landing_success_rate": 0.8585
    },
    {
        "model": 0,
        "sequence": 18,
        "status": 1,
        "fuel": 7221,
        "fault": 0.746,
        "weapon": 1,
        "pilot_injury": 0.0157,
        "pilot_skill": 0.9676,
        "mission_priority": 0.2359,
        "estimated_landing_time": 1698.0,
        "wait_time": 0,
        "Landing_success_rate": 0.8828
    },
    {
        "model": 2,
        "sequence": 21,
        "status": 1,
        "fuel": 5950,
        "fault": 0.552,
        "weapon": 0,
        "pilot_injury": 0.5218,
        "pilot_skill": 0.5104,
        "mission_priority": 0.3611,
        "estimated_landing_time": 1980.0,
        "wait_time": 0,
        "Landing_success_rate": 0.8651
    },
    {
        "model": 0,
        "sequence": 13,
        "status": 1,
        "fuel": 6784,
        "fault": 0.9734,
        "weapon": 0,
        "pilot_injury": 0.5083,
        "pilot_skill": 0.9828,
        "mission_priority": 0.94,
        "estimated_landing_time": 1228.0,
        "wait_time": 0,
        "Landing_success_rate": 0.8526
    },
    {
        "model": 1,
        "sequence": 17,
        "status": 1,
        "fuel": 5884,
        "fault": 0.4722,
        "weapon": 0,
        "pilot_injury": 0.2552,
        "pilot_skill": 0.35,
        "mission_priority": 0.2311,
        "estimated_landing_time": 1604.0,
        "wait_time": 0,
        "Landing_success_rate": 0.8652
    },
    {
        "model": 2,
        "sequence": 9,
        "status": 1,
        "fuel": 7214,
        "fault": 0.2092,
        "weapon": 0,
        "pilot_injury": 0.3665,
        "pilot_skill": 0.199,
        "mission_priority": 0.2235,
        "estimated_landing_time": 852.0,
        "wait_time": 0,
        "Landing_success_rate": 0.9517
    },
    {
        "model": 1,
        "sequence": 22,
        "status": 1,
        "fuel": 7247,
        "fault": 0.5146,
        "weapon": 1,
        "pilot_injury": 0.076,
        "pilot_skill": 0.5725,
        "mission_priority": 0.8193,
        "estimated_landing_time": 2074.0,
        "wait_time": 0,
        "Landing_success_rate": 0.9136
    },
    {
        "model": 2,
        "sequence": 24,
        "status": 1,
        "fuel": 7281,
        "fault": 0.7538,
        "weapon": 1,
        "pilot_injury": 0.9147,
        "pilot_skill": 0.7701,
        "mission_priority": 0.0053,
        "estimated_landing_time": 2262.0,
        "wait_time": 0,
        "Landing_success_rate": 0.8829
    },
    {
        "model": 1,
        "sequence": 7,
        "status": 1,
        "fuel": 6715,
        "fault": 0.7808,
        "weapon": 1,
        "pilot_injury": 0.4968,
        "pilot_skill": 0.046,
        "mission_priority": 0.5799,
        "estimated_landing_time": 664.0,
        "wait_time": 0,
        "Landing_success_rate": 0.87
    }
]