[
    {
        "model": 2,
        "sequence": 22,
        "status": 1,
        "fuel": 6863,
        "fault": 0.5246,
        "weapon": 0,
        "pilot_injury": 0.897,
        "pilot_skill": 0.9743,
        "mission_priority": 0.2417,
        "estimated_landing_time": 2074.0,
        "wait_time": 0,
        "Landing_success_rate": 0.8986
    },
    {
        "model": 0,
        "sequence": 7,
        "status": 1,
        "fuel": 6716,
        "fault": 0.445,
        "weapon": 1,
        "pilot_injury": 0.8662,
        "pilot_skill": 0.3039,
        "mission_priority": 0.798,
        "estimated_landing_time": 664.0,
        "wait_time": 0,
        "Landing_success_rate": 0.9006
    },
    {
        "model": 1,
        "sequence": 11,
        "status": 1,
        "fuel": 5678,
        "fault": 0.9285,
        "weapon": 0,
        "pilot_injury": 0.9091,
        "pilot_skill": 0.7084,
        "mission_priority": 0.904,
        "estimated_landing_time": 1040.0,
        "wait_time": 0,
        "Landing_success_rate": 0.851
    },
    {
        "model": 0,
        "sequence": 2,
        "status": 1,
        "fuel": 7223,
        "fault": 0.7363,
        "weapon": 1,
        "pilot_injury": 0.7319,
        "pilot_skill": 0.4392,
        "mission_priority": 0.0797,
        "estimated_landing_time": 194.0,
        "wait_time": 0,
        "Landing_success_rate": 0.8841
    },
    {
        "model": 0,
        "sequence": 14,
        "status": 1,
        "fuel": 5804,
        "fault": 0.4309,
        "weapon": 1,
        "pilot_injury": 0.3824,
        "pilot_skill": 0.3937,
        "mission_priority": 0.9989,
        "estimated_landing_time": 1322.0,
        "wait_time": 0,
        "Landing_success_rate": 0.863
    },
    {
        "model": 0,
        "sequence": 24,
        "status": 1,
        "fuel": 6382,
        "fault": 0.8169,
        "weapon": 1,
        "pilot_injury": 0.0532,
        "pilot_skill": 0.5298,
        "mission_priority": 0.5367,
        "estimated_landing_time": 2262.0,
        "wait_time": 0,
        "Landing_success_rate": 0.8621
    },
    {
        "model": 2,
        "sequence": 17,
        "status": 1,
        "fuel": 5527,
        "fault": 0.7761,
        "weapon": 1,
        "pilot_injury": 0.7619,
        "pilot_skill": 0.761,
        "mission_priority": 0.4323,
        "estimated_landing_time": 1604.0,
        "wait_time": 0,
        "Landing_success_rate": 0.8505
    },
    {
        "model": 2,
        "sequence": 20,
        "status": 1,
        "fuel": 6057,
        "fault": 0.5614,
        "weapon": 0,
        "pilot_injury": 0.067,
        "pilot_skill": 0.8902,
        "mission_priority": 0.8902,
        "estimated_landing_time": 1886.0,
        "wait_time": 0,
        "Landing_success_rate": 0.8683
    },
    {
        "model": 2,
        "sequence": 1,
        "status": 1,
        "fuel": 7258,
        "fault": 0.2115,
        "weapon": 1,
        "pilot_injury": 0.758,
        "pilot_skill": 0.4008,
        "mission_priority": 0.3315,
        "estimated_landing_time": 100.0,
        "wait_time": 0,
        "Landing_success_rate": 0.954
    },
    {
        "model": 1,
        "sequence": 16,
        "status": 1,
        "fuel": 6458,
        "fault": 0.5874,
        "weapon": 0,
        "pilot_injury": 0.3788,
        "pilot_skill": 0.642,
        "mission_priority": 0.5715,
        "estimated_landing_time": 1510.0,
        "wait_time": 0,
        "Landing_success_rate": 0.8796
    },
    {
        "model": 0,
        "sequence": 13,
        "status": 1,
        "fuel": 5850,
        "fault": 0.0924,
        "weapon": 0,
        "pilot_injury": 0.5376,
        "pilot_skill": 0.6548,
        "mission_priority": 0.9076,
        "estimated_landing_time": 1228.0,
        "wait_time": 0,
        "Landing_success_rate": 0.8738
    },
    {
        "model": 2,
        "sequence": 9,
        "status": 1,
        "fuel": 6769,
        "fault": 0.3265,
        "weapon": 0,
        "pilot_injury": 0.9278,
        "pilot_skill": 0.8584,
        "mission_priority": 0.295,
        "estimated_landing_time": 852.0,
        "wait_time": 0,
        "Landing_success_rate": 0.9141
    },
    {
        "model": 2,
        "sequence": 21,
        "status": 1,
        "fuel": 7201,
        "fault": 0.9171,
        "weapon": 0,
        "pilot_injury": 0.3299,
        "pilot_skill": 0.6399,
        "mission_priority": 0.5269,
        "estimated_landing_time": 1980.0,
        "wait_time": 0,
        "Landing_success_rate": 0.8606
    },
    {
        "model": 0,
        "sequence": 3,
        "status": 1,
        "fuel": 5986,
        "fault": 0.0046,
        "weapon": 1,
        "pilot_injury": 0.1947,
        "pilot_skill": 0.9821,
        "mission_priority": 0.4375,
        "estimated_landing_time": 288.0,
        "wait_time": 0,
        "Landing_success_rate": 0.8863
    },
    {
        "model": 1,
        "sequence": 4,
        "status": 1,
        "fuel": 6922,
        "fault": 0.9583,
        "weapon": 0,
        "pilot_injury": 0.6018,
        "pilot_skill": 0.4503,
        "mission_priority": 0.6759,
        "estimated_landing_time": 382.0,
        "wait_time": 0,
        "Landing_success_rate": 0.8544
    },
    {
        "model": 0,
        "sequence": 12,
        "status": 1,
        "fuel": 7453,
        "fault": 0.9826,
        "weapon": 0,
        "pilot_injury": 0.0684,
        "pilot_skill": 0.5981,
        "mission_priority": 0.9627,
        "estimated_landing_time": 1134.0,
        "wait_time": 0,
        "Landing_success_rate": 0.8525
    },
    {
        "model": 1,
        "sequence": 15,
        "status": 1,
        "fuel": 7431,
        "fault": 0.1648,
        "weapon": 0,
        "pilot_injury": 0.7751,
        "pilot_skill": 0.2131,
        "mission_priority": 0.2731,
        "estimated_landing_time": 1416.0,
        "wait_time": 0,
        "Landing_success_rate": 0.971
    },
    {
        "model": 0,
        "sequence": 10,
        "status": 1,
        "fuel": 5861,
        "fault": 0.4029,
        "weapon": 0,
        "pilot_injury": 0.1101,
        "pilot_skill": 0.3703,
        "mission_priority": 0.3689,
        "estimated_landing_time": 946.0,
        "wait_time": 0,
        "Landing_success_rate": 0.8662
    },
    {
        "model": 2,
        "sequence": 6,
        "status": 1,
        "fuel": 6647,
        "fault": 0.9139,
        "weapon": 0,
        "pilot_injury": 0.7967,
        "pilot_skill": 0.567,
        "mission_priority": 0.3259,
        "estimated_landing_time": 570.0,
        "wait_time": 0,
        "Landing_success_rate": 0.8574
    },
    {
        "model": 2,
        "sequence": 5,
        "status": 1,
        "fuel": 5617,
        "fault": 0.6799,
        "weapon": 1,
        "pilot_injury": 0.5819,
        "pilot_skill": 0.938,
        "mission_priority": 0.2845,
        "estimated_landing_time": 476.0,
        "wait_time": 0,
        "Landing_success_rate": 0.8528
    },
    {
        "model": 2,
        "sequence": 23,
        "status": 1,
        "fuel": 5511,
        "fault": 0.4531,
        "weapon": 0,
        "pilot_injury": 0.8447,
        "pilot_skill": 0.2533,
        "mission_priority": 0.2803,
        "estimated_landing_time": 2168.0,
        "wait_time": 0,
        "Landing_success_rate": 0.8505
    },
    {
        "model": 1,
        "sequence": 18,
        "status": 1,
        "fuel": 6860,
        "fault": 0.6433,
        "weapon": 0,
        "pilot_injury": 0.6054,
        "pilot_skill": 0.8605,
        "mission_priority": 0.9217,
        "estimated_landing_time": 1698.0,
        "wait_time": 0,
        "Landing_success_rate": 0.8864
    },
    {
        "model": 0,
        "sequence": 8,
        "status": 1,
        "fuel": 5699,
        "fault": 0.4377,
        "weapon": 1,
        "pilot_injury": 0.2573,
        "pilot_skill": 0.568,
        "mission_priority": 0.6329,
        "estimated_landing_time": 758.0,
        "wait_time": 0,
        "Landing_success_rate": 0.8584
    },
    {
        "model": 1,
        "sequence": 19,
        "status": 1,
        "fuel": 5570,
        "fault": 0.8966,
        "weapon": 0,
        "pilot_injury": 0.5515,
        "pilot_skill": 0.4143,
        "mission_priority": 0.1477,
        "estimated_landing_time": 1792.0,
        "wait_time": 0,
        "Landing_success_rate": 0.8505
    }
]