[
    {
        "model": 0,
        "sequence": 3,
        "status": 1,
        "fuel": 6224,
        "fault": 0.2119,
        "weapon": 1,
        "pilot_injury": 0.565,
        "pilot_skill": 0.1493,
        "mission_priority": 0.176,
        "estimated_landing_time": 288.0,
        "wait_time": 0,
        "Landing_success_rate": 0.8928
    },
    {
        "model": 1,
        "sequence": 11,
        "status": 1,
        "fuel": 7157,
        "fault": 0.0627,
        "weapon": 0,
        "pilot_injury": 0.9714,
        "pilot_skill": 0.0186,
        "mission_priority": 0.6261,
        "estimated_landing_time": 1040.0,
        "wait_time": 0,
        "Landing_success_rate": 0.9665
    },
    {
        "model": 2,
        "sequence": 23,
        "status": 1,
        "fuel": 6351,
        "fault": 0.2903,
        "weapon": 1,
        "pilot_injury": 0.8876,
        "pilot_skill": 0.6702,
        "mission_priority": 0.9984,
        "estimated_landing_time": 2168.0,
        "wait_time": 0,
        "Landing_success_rate": 0.8953
    },
    {
        "model": 1,
        "sequence": 13,
        "status": 1,
        "fuel": 5877,
        "fault": 0.6745,
        "weapon": 1,
        "pilot_injury": 0.1394,
        "pilot_skill": 0.2693,
        "mission_priority": 0.4168,
        "estimated_landing_time": 1228.0,
        "wait_time": 0,
        "Landing_success_rate": 0.8592
    },
    {
        "model": 1,
        "sequence": 21,
        "status": 1,
        "fuel": 5929,
        "fault": 0.0783,
        "weapon": 1,
        "pilot_injury": 0.9152,
        "pilot_skill": 0.4629,
        "mission_priority": 0.6471,
        "estimated_landing_time": 1980.0,
        "wait_time": 0,
        "Landing_success_rate": 0.8797
    },
    {
        "model": 0,
        "sequence": 2,
        "status": 1,
        "fuel": 5843,
        "fault": 0.6463,
        "weapon": 1,
        "pilot_injury": 0.8695,
        "pilot_skill": 0.1095,
        "mission_priority": 0.774,
        "estimated_landing_time": 194.0,
        "wait_time": 0,
        "Landing_success_rate": 0.8591
    },
    {
        "model": 0,
        "sequence": 10,
        "status": 1,
        "fuel": 6319,
        "fault": 0.5653,
        "weapon": 0,
        "pilot_injury": 0.7178,
        "pilot_skill": 0.2817,
        "mission_priority": 0.5744,
        "estimated_landing_time": 946.0,
        "wait_time": 0,
        "Landing_success_rate": 0.8767
    },
    {
        "model": 0,
        "sequence": 22,
        "status": 1,
        "fuel": 6238,
        "fault": 0.5202,
        "weapon": 1,
        "pilot_injury": 0.086,
        "pilot_skill": 0.4289,
        "mission_priority": 0.1096,
        "estimated_landing_time": 2074.0,
        "wait_time": 0,
        "Landing_success_rate": 0.8766
    },
    {
        "model": 2,
        "sequence": 20,
        "status": 1,
        "fuel": 6284,
        "fault": 0.8381,
        "weapon": 0,
        "pilot_injury": 0.9132,
        "pilot_skill": 0.0224,
        "mission_priority": 0.6377,
        "estimated_landing_time": 1886.0,
        "wait_time": 0,
        "Landing_success_rate": 0.8595
    },
    {
        "model": 2,
        "sequence": 19,
        "status": 1,
        "fuel": 5988,
        "fault": 0.848,
        "weapon": 1,
        "pilot_injury": 0.8731,
        "pilot_skill": 0.98,
        "mission_priority": 0.2465,
        "estimated_landing_time": 1792.0,
        "wait_time": 0,
        "Landing_success_rate": 0.8556
    },
    {
        "model": 0,
        "sequence": 1,
        "status": 1,
        "fuel": 6070,
        "fault": 0.5287,
        "weapon": 0,
        "pilot_injury": 0.9514,
        "pilot_skill": 0.5624,
        "mission_priority": 0.9608,
        "estimated_landing_time": 100.0,
        "wait_time": 0,
        "Landing_success_rate": 0.8701
    },
    {
        "model": 2,
        "sequence": 17,
        "status": 1,
        "fuel": 7026,
        "fault": 0.9337,
        "weapon": 1,
        "pilot_injury": 0.3108,
        "pilot_skill": 0.2431,
        "mission_priority": 0.5721,
        "estimated_landing_time": 1604.0,
        "wait_time": 0,
        "Landing_success_rate": 0.8576
    },
    {
        "model": 0,
        "sequence": 12,
        "status": 1,
        "fuel": 6377,
        "fault": 0.7364,
        "weapon": 1,
        "pilot_injury": 0.7267,
        "pilot_skill": 0.3753,
        "mission_priority": 0.1396,
        "estimated_landing_time": 1134.0,
        "wait_time": 0,
        "Landing_success_rate": 0.8673
    },
    {
        "model": 2,
        "sequence": 4,
        "status": 1,
        "fuel": 6980,
        "fault": 0.1222,
        "weapon": 1,
        "pilot_injury": 0.1475,
        "pilot_skill": 0.2229,
        "mission_priority": 0.4246,
        "estimated_landing_time": 382.0,
        "wait_time": 0,
        "Landing_success_rate": 0.9474
    },
    {
        "model": 0,
        "sequence": 7,
        "status": 1,
        "fuel": 6992,
        "fault": 0.6074,
        "weapon": 1,
        "pilot_injury": 0.1498,
        "pilot_skill": 0.9513,
        "mission_priority": 0.1915,
        "estimated_landing_time": 664.0,
        "wait_time": 0,
        "Landing_success_rate": 0.8939
    },
    {
        "model": 0,
        "sequence": 24,
        "status": 1,
        "fuel": 5640,
        "fault": 0.5583,
        "weapon": 0,
        "pilot_injury": 0.8697,
        "pilot_skill": 0.5994,
        "mission_priority": 0.8497,
        "estimated_landing_time": 2262.0,
        "wait_time": 0,
        "Landing_success_rate": 0.8546
    },
    {
        "model": 2,
        "sequence": 5,
        "status": 1,
        "fuel": 5565,
        "fault": 0.3593,
        "weapon": 0,
        "pilot_injury": 0.9177,
        "pilot_skill": 0.5854,
        "mission_priority": 0.7126,
        "estimated_landing_time": 476.0,
        "wait_time": 0,
        "Landing_success_rate": 0.8531
    },
    {
        "model": 1,
        "sequence": 8,
        "status": 1,
        "fuel": 5503,
        "fault": 0.3108,
        "weapon": 1,
        "pilot_injury": 0.8242,
        "pilot_skill": 0.1667,
        "mission_priority": 0.5764,
        "estimated_landing_time": 758.0,
        "wait_time": 0,
        "Landing_success_rate": 0.8502
    },
    {
        "model": 0,
        "sequence": 16,
        "status": 1,
        "fuel": 5952,
        "fault": 0.5184,
        "weapon": 0,
        "pilot_injury": 0.9626,
        "pilot_skill": 0.2313,
        "mission_priority": 0.3675,
        "estimated_landing_time": 1510.0,
        "wait_time": 0,
        "Landing_success_rate": 0.8663
    },
    {
        "model": 0,
        "sequence": 15,
        "status": 1,
        "fuel": 6477,
        "fault": 0.8698,
        "weapon": 0,
        "pilot_injury": 0.394,
        "pilot_skill": 0.5375,
        "mission_priority": 0.1913,
        "estimated_landing_time": 1416.0,
        "wait_time": 0,
        "Landing_success_rate": 0.8595
    },
    {
        "model": 1,
        "sequence": 6,
        "status": 1,
        "fuel": 6257,
        "fault": 0.8315,
        "weapon": 1,
        "pilot_injury": 0.7134,
        "pilot_skill": 0.3616,
        "mission_priority": 0.2203,
        "estimated_landing_time": 570.0,
        "wait_time": 0,
        "Landing_success_rate": 0.8596
    },
    {
        "model": 0,
        "sequence": 18,
        "status": 1,
        "fuel": 7230,
        "fault": 0.6626,
        "weapon": 1,
        "pilot_injury": 0.9234,
        "pilot_skill": 0.2945,
        "mission_priority": 0.8865,
        "estimated_landing_time": 1698.0,
        "wait_time": 0,
        "Landing_success_rate": 0.8938
    },
    {
        "model": 0,
        "sequence": 9,
        "status": 1,
        "fuel": 7385,
        "fault": 0.5751,
        "weapon": 0,
        "pilot_injury": 0.2471,
        "pilot_skill": 0.1753,
        "mission_priority": 0.8494,
        "estimated_landing_time": 852.0,
        "wait_time": 0,
        "Landing_success_rate": 0.9101
    },
    {
        "model": 2,
        "sequence": 14,
        "status": 1,
        "fuel": 7029,
        "fault": 0.7289,
        "weapon": 1,
        "pilot_injury": 0.3446,
        "pilot_skill": 0.7482,
        "mission_priority": 0.9076,
        "estimated_landing_time": 1322.0,
        "wait_time": 0,
        "Landing_success_rate": 0.8811
    }
]