[
    {
        "model": 1,
        "sequence": 12,
        "status": 1,
        "fuel": 7106,
        "fault": 0.8708,
        "weapon": 0,
        "pilot_injury": 0.0234,
        "pilot_skill": 0.5379,
        "mission_priority": 0.218,
        "estimated_landing_time": 1134.0,
        "wait_time": 0,
        "Landing_success_rate": 0.8656
    },
    {
        "model": 2,
        "sequence": 17,
        "status": 1,
        "fuel": 6379,
        "fault": 0.6209,
        "weapon": 0,
        "pilot_injury": 0.5758,
        "pilot_skill": 0.551,
        "mission_priority": 0.9601,
        "estimated_landing_time": 1604.0,
        "wait_time": 0,
        "Landing_success_rate": 0.875
    },
    {
        "model": 0,
        "sequence": 11,
        "status": 1,
        "fuel": 5889,
        "fault": 0.9744,
        "weapon": 0,
        "pilot_injury": 0.3198,
        "pilot_skill": 0.4381,
        "mission_priority": 0.4704,
        "estimated_landing_time": 1040.0,
        "wait_time": 0,
        "Landing_success_rate": 0.8507
    },
    {
        "model": 0,
        "sequence": 16,
        "status": 1,
        "fuel": 5640,
        "fault": 0.7064,
        "weapon": 1,
        "pilot_injury": 0.5985,
        "pilot_skill": 0.5802,
        "mission_priority": 0.6364,
        "estimated_landing_time": 1510.0,
        "wait_time": 0,
        "Landing_success_rate": 0.8531
    },
    {
        "model": 1,
        "sequence": 18,
        "status": 1,
        "fuel": 6840,
        "fault": 0.2774,
        "weapon": 0,
        "pilot_injury": 0.6116,
        "pilot_skill": 0.1329,
        "mission_priority": 0.253,
        "estimated_landing_time": 1698.0,
        "wait_time": 0,
        "Landing_success_rate": 0.9226
    },
    {
        "model": 0,
        "sequence": 19,
        "status": 1,
        "fuel": 6051,
        "fault": 0.1396,
        "weapon": 1,
        "pilot_injury": 0.2434,
        "pilot_skill": 0.0195,
        "mission_priority": 0.2454,
        "estimated_landing_time": 1792.0,
        "wait_time": 0,
        "Landing_success_rate": 0.8856
    },
    {
        "model": 0,
        "sequence": 20,
        "status": 1,
        "fuel": 7336,
        "fault": 0.9752,
        "weapon": 0,
        "pilot_injury": 0.4367,
        "pilot_skill": 0.9131,
        "mission_priority": 0.7913,
        "estimated_landing_time": 1886.0,
        "wait_time": 0,
        "Landing_success_rate": 0.8534
    },
    {
        "model": 1,
        "sequence": 21,
        "status": 1,
        "fuel": 7270,
        "fault": 0.604,
        "weapon": 0,
        "pilot_injury": 0.3296,
        "pilot_skill": 0.0725,
        "mission_priority": 0.9941,
        "estimated_landing_time": 1980.0,
        "wait_time": 0,
        "Landing_success_rate": 0.9026
    },
    {
        "model": 1,
        "sequence": 13,
        "status": 1,
        "fuel": 6466,
        "fault": 0.9081,
        "weapon": 0,
        "pilot_injury": 0.6664,
        "pilot_skill": 0.6712,
        "mission_priority": 0.1945,
        "estimated_landing_time": 1228.0,
        "wait_time": 0,
        "Landing_success_rate": 0.8567
    },
    {
        "model": 0,
        "sequence": 14,
        "status": 1,
        "fuel": 6304,
        "fault": 0.0314,
        "weapon": 0,
        "pilot_injury": 0.9116,
        "pilot_skill": 0.01,
        "mission_priority": 0.7825,
        "estimated_landing_time": 1322.0,
        "wait_time": 0,
        "Landing_success_rate": 0.9084
    },
    {
        "model": 0,
        "sequence": 10,
        "status": 1,
        "fuel": 6334,
        "fault": 0.2093,
        "weapon": 1,
        "pilot_injury": 0.6379,
        "pilot_skill": 0.6868,
        "mission_priority": 0.0585,
        "estimated_landing_time": 946.0,
        "wait_time": 0,
        "Landing_success_rate": 0.8995
    },
    {
        "model": 2,
        "sequence": 9,
        "status": 1,
        "fuel": 6339,
        "fault": 0.4579,
        "weapon": 0,
        "pilot_injury": 0.066,
        "pilot_skill": 0.1351,
        "mission_priority": 0.6636,
        "estimated_landing_time": 852.0,
        "wait_time": 0,
        "Landing_success_rate": 0.8841
    },
    {
        "model": 2,
        "sequence": 8,
        "status": 1,
        "fuel": 6711,
        "fault": 0.5844,
        "weapon": 1,
        "pilot_injury": 0.5352,
        "pilot_skill": 0.9127,
        "mission_priority": 0.0156,
        "estimated_landing_time": 758.0,
        "wait_time": 0,
        "Landing_success_rate": 0.8877
    },
    {
        "model": 0,
        "sequence": 1,
        "status": 1,
        "fuel": 6959,
        "fault": 0.0133,
        "weapon": 0,
        "pilot_injury": 0.0064,
        "pilot_skill": 0.1507,
        "mission_priority": 0.4229,
        "estimated_landing_time": 100.0,
        "wait_time": 0,
        "Landing_success_rate": 0.958
    },
    {
        "model": 0,
        "sequence": 6,
        "status": 1,
        "fuel": 6166,
        "fault": 0.6178,
        "weapon": 1,
        "pilot_injury": 0.6257,
        "pilot_skill": 0.4112,
        "mission_priority": 0.2343,
        "estimated_landing_time": 570.0,
        "wait_time": 0,
        "Landing_success_rate": 0.8691
    },
    {
        "model": 2,
        "sequence": 22,
        "status": 1,
        "fuel": 6266,
        "fault": 0.3096,
        "weapon": 1,
        "pilot_injury": 0.8325,
        "pilot_skill": 0.8465,
        "mission_priority": 0.3386,
        "estimated_landing_time": 2074.0,
        "wait_time": 0,
        "Landing_success_rate": 0.8897
    },
    {
        "model": 1,
        "sequence": 23,
        "status": 1,
        "fuel": 6262,
        "fault": 0.2122,
        "weapon": 0,
        "pilot_injury": 0.387,
        "pilot_skill": 0.9649,
        "mission_priority": 0.2662,
        "estimated_landing_time": 2168.0,
        "wait_time": 0,
        "Landing_success_rate": 0.895
    },
    {
        "model": 0,
        "sequence": 2,
        "status": 1,
        "fuel": 5726,
        "fault": 0.6478,
        "weapon": 1,
        "pilot_injury": 0.4803,
        "pilot_skill": 0.8435,
        "mission_priority": 0.4021,
        "estimated_landing_time": 194.0,
        "wait_time": 0,
        "Landing_success_rate": 0.856
    },
    {
        "model": 2,
        "sequence": 15,
        "status": 1,
        "fuel": 7167,
        "fault": 0.1643,
        "weapon": 1,
        "pilot_injury": 0.8949,
        "pilot_skill": 0.1853,
        "mission_priority": 0.0392,
        "estimated_landing_time": 1416.0,
        "wait_time": 0,
        "Landing_success_rate": 0.9545
    },
    {
        "model": 2,
        "sequence": 24,
        "status": 1,
        "fuel": 6334,
        "fault": 0.5748,
        "weapon": 1,
        "pilot_injury": 0.5085,
        "pilot_skill": 0.4499,
        "mission_priority": 0.7159,
        "estimated_landing_time": 2262.0,
        "wait_time": 0,
        "Landing_success_rate": 0.8766
    },
    {
        "model": 0,
        "sequence": 3,
        "status": 1,
        "fuel": 5850,
        "fault": 0.9744,
        "weapon": 0,
        "pilot_injury": 0.3325,
        "pilot_skill": 0.6307,
        "mission_priority": 0.0437,
        "estimated_landing_time": 288.0,
        "wait_time": 0,
        "Landing_success_rate": 0.8507
    },
    {
        "model": 0,
        "sequence": 7,
        "status": 1,
        "fuel": 6735,
        "fault": 0.6811,
        "weapon": 0,
        "pilot_injury": 0.8113,
        "pilot_skill": 0.6711,
        "mission_priority": 0.0167,
        "estimated_landing_time": 664.0,
        "wait_time": 0,
        "Landing_success_rate": 0.8795
    },
    {
        "model": 2,
        "sequence": 5,
        "status": 1,
        "fuel": 5708,
        "fault": 0.9968,
        "weapon": 1,
        "pilot_injury": 0.4231,
        "pilot_skill": 0.5867,
        "mission_priority": 0.2165,
        "estimated_landing_time": 476.0,
        "wait_time": 0,
        "Landing_success_rate": 0.85
    },
    {
        "model": 0,
        "sequence": 4,
        "status": 1,
        "fuel": 6480,
        "fault": 0.1364,
        "weapon": 0,
        "pilot_injury": 0.3834,
        "pilot_skill": 0.1432,
        "mission_priority": 0.4917,
        "estimated_landing_time": 382.0,
        "wait_time": 0,
        "Landing_success_rate": 0.9135
    }
]