[
    {
        "model": 0,
        "sequence": 17,
        "status": 1,
        "fuel": 6286,
        "fault": 0.664,
        "weapon": 0,
        "pilot_injury": 0.594,
        "pilot_skill": 0.8631,
        "mission_priority": 0.5844,
        "estimated_landing_time": 1604.0,
        "wait_time": 0,
        "Landing_success_rate": 0.8698
    },
    {
        "model": 1,
        "sequence": 20,
        "status": 1,
        "fuel": 7400,
        "fault": 0.1705,
        "weapon": 0,
        "pilot_injury": 0.6996,
        "pilot_skill": 0.7218,
        "mission_priority": 0.1725,
        "estimated_landing_time": 1886.0,
        "wait_time": 0,
        "Landing_success_rate": 0.9682
    },
    {
        "model": 1,
        "sequence": 10,
        "status": 1,
        "fuel": 6299,
        "fault": 0.0975,
        "weapon": 1,
        "pilot_injury": 0.5827,
        "pilot_skill": 0.706,
        "mission_priority": 0.8099,
        "estimated_landing_time": 946.0,
        "wait_time": 0,
        "Landing_success_rate": 0.9041
    },
    {
        "model": 1,
        "sequence": 19,
        "status": 1,
        "fuel": 7117,
        "fault": 0.3521,
        "weapon": 0,
        "pilot_injury": 0.6826,
        "pilot_skill": 0.9842,
        "mission_priority": 0.9056,
        "estimated_landing_time": 1792.0,
        "wait_time": 0,
        "Landing_success_rate": 0.9286
    },
    {
        "model": 0,
        "sequence": 4,
        "status": 1,
        "fuel": 5906,
        "fault": 0.5704,
        "weapon": 0,
        "pilot_injury": 0.7508,
        "pilot_skill": 0.8511,
        "mission_priority": 0.6783,
        "estimated_landing_time": 382.0,
        "wait_time": 0,
        "Landing_success_rate": 0.8631
    },
    {
        "model": 0,
        "sequence": 1,
        "status": 1,
        "fuel": 5668,
        "fault": 0.6902,
        "weapon": 0,
        "pilot_injury": 0.4508,
        "pilot_skill": 0.1298,
        "mission_priority": 0.1098,
        "estimated_landing_time": 100.0,
        "wait_time": 0,
        "Landing_success_rate": 0.8539
    },
    {
        "model": 1,
        "sequence": 23,
        "status": 1,
        "fuel": 7028,
        "fault": 0.3121,
        "weapon": 1,
        "pilot_injury": 0.0945,
        "pilot_skill": 0.7404,
        "mission_priority": 0.7993,
        "estimated_landing_time": 2168.0,
        "wait_time": 0,
        "Landing_success_rate": 0.9288
    },
    {
        "model": 1,
        "sequence": 7,
        "status": 1,
        "fuel": 7221,
        "fault": 0.8198,
        "weapon": 1,
        "pilot_injury": 0.6898,
        "pilot_skill": 0.0107,
        "mission_priority": 0.3051,
        "estimated_landing_time": 664.0,
        "wait_time": 0,
        "Landing_success_rate": 0.8733
    },
    {
        "model": 0,
        "sequence": 22,
        "status": 1,
        "fuel": 6242,
        "fault": 0.823,
        "weapon": 1,
        "pilot_injury": 0.3904,
        "pilot_skill": 0.0113,
        "mission_priority": 0.3523,
        "estimated_landing_time": 2074.0,
        "wait_time": 0,
        "Landing_success_rate": 0.8599
    },
    {
        "model": 0,
        "sequence": 14,
        "status": 1,
        "fuel": 6860,
        "fault": 0.9262,
        "weapon": 0,
        "pilot_injury": 0.941,
        "pilot_skill": 0.1809,
        "mission_priority": 0.1851,
        "estimated_landing_time": 1322.0,
        "wait_time": 0,
        "Landing_success_rate": 0.8575
    },
    {
        "model": 1,
        "sequence": 6,
        "status": 1,
        "fuel": 7013,
        "fault": 0.884,
        "weapon": 1,
        "pilot_injury": 0.006,
        "pilot_skill": 0.1272,
        "mission_priority": 0.538,
        "estimated_landing_time": 570.0,
        "wait_time": 0,
        "Landing_success_rate": 0.8632
    },
    {
        "model": 1,
        "sequence": 11,
        "status": 1,
        "fuel": 6091,
        "fault": 0.1565,
        "weapon": 0,
        "pilot_injury": 0.3599,
        "pilot_skill": 0.2742,
        "mission_priority": 0.5111,
        "estimated_landing_time": 1040.0,
        "wait_time": 0,
        "Landing_success_rate": 0.8874
    },
    {
        "model": 1,
        "sequence": 9,
        "status": 1,
        "fuel": 6911,
        "fault": 0.1452,
        "weapon": 1,
        "pilot_injury": 0.3727,
        "pilot_skill": 0.932,
        "mission_priority": 0.8769,
        "estimated_landing_time": 852.0,
        "wait_time": 0,
        "Landing_success_rate": 0.9405
    },
    {
        "model": 0,
        "sequence": 5,
        "status": 1,
        "fuel": 6080,
        "fault": 0.505,
        "weapon": 0,
        "pilot_injury": 0.0879,
        "pilot_skill": 0.7125,
        "mission_priority": 0.9729,
        "estimated_landing_time": 476.0,
        "wait_time": 0,
        "Landing_success_rate": 0.8715
    },
    {
        "model": 1,
        "sequence": 18,
        "status": 1,
        "fuel": 6217,
        "fault": 0.7003,
        "weapon": 1,
        "pilot_injury": 0.1873,
        "pilot_skill": 0.6338,
        "mission_priority": 0.5904,
        "estimated_landing_time": 1698.0,
        "wait_time": 0,
        "Landing_success_rate": 0.8661
    },
    {
        "model": 0,
        "sequence": 16,
        "status": 1,
        "fuel": 6992,
        "fault": 0.0509,
        "weapon": 0,
        "pilot_injury": 0.5487,
        "pilot_skill": 0.5949,
        "mission_priority": 0.2075,
        "estimated_landing_time": 1510.0,
        "wait_time": 0,
        "Landing_success_rate": 0.9562
    },
    {
        "model": 2,
        "sequence": 15,
        "status": 1,
        "fuel": 6854,
        "fault": 0.7999,
        "weapon": 0,
        "pilot_injury": 0.7117,
        "pilot_skill": 0.6063,
        "mission_priority": 0.8458,
        "estimated_landing_time": 1416.0,
        "wait_time": 0,
        "Landing_success_rate": 0.8703
    },
    {
        "model": 1,
        "sequence": 24,
        "status": 1,
        "fuel": 7456,
        "fault": 0.7765,
        "weapon": 1,
        "pilot_injury": 0.7437,
        "pilot_skill": 0.395,
        "mission_priority": 0.0953,
        "estimated_landing_time": 2262.0,
        "wait_time": 0,
        "Landing_success_rate": 0.8828
    },
    {
        "model": 2,
        "sequence": 21,
        "status": 1,
        "fuel": 7148,
        "fault": 0.3122,
        "weapon": 0,
        "pilot_injury": 0.3104,
        "pilot_skill": 0.3299,
        "mission_priority": 0.1896,
        "estimated_landing_time": 1980.0,
        "wait_time": 0,
        "Landing_success_rate": 0.935
    },
    {
        "model": 0,
        "sequence": 2,
        "status": 1,
        "fuel": 6219,
        "fault": 0.5203,
        "weapon": 1,
        "pilot_injury": 0.3303,
        "pilot_skill": 0.4143,
        "mission_priority": 0.4337,
        "estimated_landing_time": 194.0,
        "wait_time": 0,
        "Landing_success_rate": 0.8759
    },
    {
        "model": 2,
        "sequence": 13,
        "status": 1,
        "fuel": 5842,
        "fault": 0.3232,
        "weapon": 1,
        "pilot_injury": 0.8145,
        "pilot_skill": 0.8193,
        "mission_priority": 0.7983,
        "estimated_landing_time": 1228.0,
        "wait_time": 0,
        "Landing_success_rate": 0.8674
    },
    {
        "model": 1,
        "sequence": 3,
        "status": 1,
        "fuel": 5830,
        "fault": 0.1506,
        "weapon": 1,
        "pilot_injury": 0.1203,
        "pilot_skill": 0.1247,
        "mission_priority": 0.9479,
        "estimated_landing_time": 288.0,
        "wait_time": 0,
        "Landing_success_rate": 0.871
    },
    {
        "model": 2,
        "sequence": 12,
        "status": 1,
        "fuel": 7199,
        "fault": 0.0445,
        "weapon": 1,
        "pilot_injury": 0.875,
        "pilot_skill": 0.9894,
        "mission_priority": 0.6106,
        "estimated_landing_time": 1134.0,
        "wait_time": 0,
        "Landing_success_rate": 0.9718
    },
    {
        "model": 2,
        "sequence": 8,
        "status": 1,
        "fuel": 5854,
        "fault": 0.7064,
        "weapon": 1,
        "pilot_injury": 0.2321,
        "pilot_skill": 0.1671,
        "mission_priority": 0.7596,
        "estimated_landing_time": 758.0,
        "wait_time": 0,
        "Landing_success_rate": 0.8578
    }
]