[
    {
        "model": 1,
        "sequence": 8,
        "status": 1,
        "fuel": 7439,
        "fault": 0.3336,
        "weapon": 1,
        "pilot_injury": 0.7911,
        "pilot_skill": 0.1721,
        "mission_priority": 0.6911,
        "estimated_landing_time": 758.0,
        "wait_time": 0,
        "Landing_success_rate": 0.9469
    },
    {
        "model": 2,
        "sequence": 18,
        "status": 1,
        "fuel": 7072,
        "fault": 0.538,
        "weapon": 0,
        "pilot_injury": 0.6889,
        "pilot_skill": 0.1423,
        "mission_priority": 0.3984,
        "estimated_landing_time": 1698.0,
        "wait_time": 0,
        "Landing_success_rate": 0.9045
    },
    {
        "model": 2,
        "sequence": 23,
        "status": 1,
        "fuel": 5645,
        "fault": 0.0215,
        "weapon": 1,
        "pilot_injury": 0.7824,
        "pilot_skill": 0.1683,
        "mission_priority": 0.812,
        "estimated_landing_time": 2168.0,
        "wait_time": 0,
        "Landing_success_rate": 0.8606
    },
    {
        "model": 0,
        "sequence": 7,
        "status": 1,
        "fuel": 7486,
        "fault": 0.2053,
        "weapon": 1,
        "pilot_injury": 0.5168,
        "pilot_skill": 0.6238,
        "mission_priority": 0.2397,
        "estimated_landing_time": 664.0,
        "wait_time": 0,
        "Landing_success_rate": 0.9684
    },
    {
        "model": 2,
        "sequence": 4,
        "status": 1,
        "fuel": 6074,
        "fault": 0.3185,
        "weapon": 1,
        "pilot_injury": 0.0714,
        "pilot_skill": 0.8922,
        "mission_priority": 0.1737,
        "estimated_landing_time": 382.0,
        "wait_time": 0,
        "Landing_success_rate": 0.8793
    },
    {
        "model": 1,
        "sequence": 12,
        "status": 1,
        "fuel": 5827,
        "fault": 0.7684,
        "weapon": 0,
        "pilot_injury": 0.5529,
        "pilot_skill": 0.7825,
        "mission_priority": 0.4721,
        "estimated_landing_time": 1134.0,
        "wait_time": 0,
        "Landing_success_rate": 0.8557
    },
    {
        "model": 2,
        "sequence": 21,
        "status": 1,
        "fuel": 6572,
        "fault": 0.0149,
        "weapon": 1,
        "pilot_injury": 0.0822,
        "pilot_skill": 0.6416,
        "mission_priority": 0.8034,
        "estimated_landing_time": 1980.0,
        "wait_time": 0,
        "Landing_success_rate": 0.9292
    },
    {
        "model": 0,
        "sequence": 13,
        "status": 1,
        "fuel": 6018,
        "fault": 0.6783,
        "weapon": 0,
        "pilot_injury": 0.0143,
        "pilot_skill": 0.8039,
        "mission_priority": 0.7033,
        "estimated_landing_time": 1228.0,
        "wait_time": 0,
        "Landing_success_rate": 0.8625
    },
    {
        "model": 2,
        "sequence": 17,
        "status": 1,
        "fuel": 6589,
        "fault": 0.3626,
        "weapon": 0,
        "pilot_injury": 0.6953,
        "pilot_skill": 0.3582,
        "mission_priority": 0.1624,
        "estimated_landing_time": 1604.0,
        "wait_time": 0,
        "Landing_success_rate": 0.9021
    },
    {
        "model": 1,
        "sequence": 15,
        "status": 1,
        "fuel": 7379,
        "fault": 0.0414,
        "weapon": 1,
        "pilot_injury": 0.3208,
        "pilot_skill": 0.1218,
        "mission_priority": 0.8295,
        "estimated_landing_time": 1416.0,
        "wait_time": 0,
        "Landing_success_rate": 0.9851
    },
    {
        "model": 1,
        "sequence": 5,
        "status": 1,
        "fuel": 7423,
        "fault": 0.1487,
        "weapon": 1,
        "pilot_injury": 0.6913,
        "pilot_skill": 0.3171,
        "mission_priority": 0.6486,
        "estimated_landing_time": 476.0,
        "wait_time": 0,
        "Landing_success_rate": 0.9728
    },
    {
        "model": 2,
        "sequence": 24,
        "status": 1,
        "fuel": 6942,
        "fault": 0.4946,
        "weapon": 0,
        "pilot_injury": 0.5906,
        "pilot_skill": 0.8242,
        "mission_priority": 0.6563,
        "estimated_landing_time": 2262.0,
        "wait_time": 0,
        "Landing_success_rate": 0.9047
    },
    {
        "model": 2,
        "sequence": 2,
        "status": 1,
        "fuel": 6129,
        "fault": 0.7202,
        "weapon": 1,
        "pilot_injury": 0.002,
        "pilot_skill": 0.9044,
        "mission_priority": 0.9421,
        "estimated_landing_time": 194.0,
        "wait_time": 0,
        "Landing_success_rate": 0.8632
    },
    {
        "model": 0,
        "sequence": 6,
        "status": 1,
        "fuel": 5704,
        "fault": 0.0531,
        "weapon": 0,
        "pilot_injury": 0.1516,
        "pilot_skill": 0.9487,
        "mission_priority": 0.2468,
        "estimated_landing_time": 570.0,
        "wait_time": 0,
        "Landing_success_rate": 0.8645
    },
    {
        "model": 0,
        "sequence": 19,
        "status": 1,
        "fuel": 5916,
        "fault": 0.4288,
        "weapon": 1,
        "pilot_injury": 0.3328,
        "pilot_skill": 0.2668,
        "mission_priority": 0.4754,
        "estimated_landing_time": 1792.0,
        "wait_time": 0,
        "Landing_success_rate": 0.8678
    },
    {
        "model": 0,
        "sequence": 9,
        "status": 1,
        "fuel": 6715,
        "fault": 0.198,
        "weapon": 1,
        "pilot_injury": 0.1059,
        "pilot_skill": 0.4845,
        "mission_priority": 0.8502,
        "estimated_landing_time": 852.0,
        "wait_time": 0,
        "Landing_success_rate": 0.9231
    },
    {
        "model": 2,
        "sequence": 16,
        "status": 1,
        "fuel": 6178,
        "fault": 0.1691,
        "weapon": 1,
        "pilot_injury": 0.3661,
        "pilot_skill": 0.7084,
        "mission_priority": 0.4655,
        "estimated_landing_time": 1510.0,
        "wait_time": 0,
        "Landing_success_rate": 0.8923
    },
    {
        "model": 1,
        "sequence": 1,
        "status": 1,
        "fuel": 7163,
        "fault": 0.485,
        "weapon": 0,
        "pilot_injury": 0.1327,
        "pilot_skill": 0.1145,
        "mission_priority": 0.0231,
        "estimated_landing_time": 100.0,
        "wait_time": 0,
        "Landing_success_rate": 0.9142
    },
    {
        "model": 1,
        "sequence": 22,
        "status": 1,
        "fuel": 6431,
        "fault": 0.6311,
        "weapon": 0,
        "pilot_injury": 0.6994,
        "pilot_skill": 0.538,
        "mission_priority": 0.8584,
        "estimated_landing_time": 2074.0,
        "wait_time": 0,
        "Landing_success_rate": 0.8758
    },
    {
        "model": 2,
        "sequence": 10,
        "status": 1,
        "fuel": 7001,
        "fault": 0.5752,
        "weapon": 0,
        "pilot_injury": 0.9411,
        "pilot_skill": 0.444,
        "mission_priority": 0.7891,
        "estimated_landing_time": 946.0,
        "wait_time": 0,
        "Landing_success_rate": 0.8978
    },
    {
        "model": 1,
        "sequence": 11,
        "status": 1,
        "fuel": 6246,
        "fault": 0.5968,
        "weapon": 0,
        "pilot_injury": 0.1481,
        "pilot_skill": 0.8512,
        "mission_priority": 0.0784,
        "estimated_landing_time": 1040.0,
        "wait_time": 0,
        "Landing_success_rate": 0.8726
    },
    {
        "model": 1,
        "sequence": 14,
        "status": 1,
        "fuel": 6892,
        "fault": 0.2111,
        "weapon": 1,
        "pilot_injury": 0.5073,
        "pilot_skill": 0.8814,
        "mission_priority": 0.0393,
        "estimated_landing_time": 1322.0,
        "wait_time": 0,
        "Landing_success_rate": 0.9324
    },
    {
        "model": 2,
        "sequence": 20,
        "status": 1,
        "fuel": 6064,
        "fault": 0.8134,
        "weapon": 0,
        "pilot_injury": 0.1543,
        "pilot_skill": 0.7433,
        "mission_priority": 0.4113,
        "estimated_landing_time": 1886.0,
        "wait_time": 0,
        "Landing_success_rate": 0.8579
    },
    {
        "model": 1,
        "sequence": 3,
        "status": 1,
        "fuel": 5621,
        "fault": 0.4326,
        "weapon": 1,
        "pilot_injury": 0.4862,
        "pilot_skill": 0.8234,
        "mission_priority": 0.7696,
        "estimated_landing_time": 288.0,
        "wait_time": 0,
        "Landing_success_rate": 0.8551
    }
]