[
    {
        "model": 2,
        "sequence": 22,
        "status": 1,
        "fuel": 6801,
        "fault": 0.1474,
        "weapon": 0,
        "pilot_injury": 0.9863,
        "pilot_skill": 0.7243,
        "mission_priority": 0.2783,
        "estimated_landing_time": 2074.0,
        "wait_time": 0,
        "Landing_success_rate": 0.9332
    },
    {
        "model": 1,
        "sequence": 15,
        "status": 1,
        "fuel": 6165,
        "fault": 0.2481,
        "weapon": 1,
        "pilot_injury": 0.7,
        "pilot_skill": 0.8543,
        "mission_priority": 0.0874,
        "estimated_landing_time": 1416.0,
        "wait_time": 0,
        "Landing_success_rate": 0.8875
    },
    {
        "model": 2,
        "sequence": 23,
        "status": 1,
        "fuel": 7352,
        "fault": 0.3218,
        "weapon": 0,
        "pilot_injury": 0.9539,
        "pilot_skill": 0.4658,
        "mission_priority": 0.9606,
        "estimated_landing_time": 2168.0,
        "wait_time": 0,
        "Landing_success_rate": 0.9442
    },
    {
        "model": 1,
        "sequence": 7,
        "status": 1,
        "fuel": 6290,
        "fault": 0.2025,
        "weapon": 1,
        "pilot_injury": 0.9099,
        "pilot_skill": 0.8983,
        "mission_priority": 0.8199,
        "estimated_landing_time": 664.0,
        "wait_time": 0,
        "Landing_success_rate": 0.8973
    },
    {
        "model": 0,
        "sequence": 20,
        "status": 1,
        "fuel": 6537,
        "fault": 0.8318,
        "weapon": 0,
        "pilot_injury": 0.1323,
        "pilot_skill": 0.1342,
        "mission_priority": 0.0235,
        "estimated_landing_time": 1886.0,
        "wait_time": 0,
        "Landing_success_rate": 0.8631
    },
    {
        "model": 1,
        "sequence": 24,
        "status": 1,
        "fuel": 6204,
        "fault": 0.2114,
        "weapon": 1,
        "pilot_injury": 0.6638,
        "pilot_skill": 0.3121,
        "mission_priority": 0.7934,
        "estimated_landing_time": 2262.0,
        "wait_time": 0,
        "Landing_success_rate": 0.8916
    },
    {
        "model": 0,
        "sequence": 19,
        "status": 1,
        "fuel": 5565,
        "fault": 0.9636,
        "weapon": 0,
        "pilot_injury": 0.8845,
        "pilot_skill": 0.3387,
        "mission_priority": 0.6989,
        "estimated_landing_time": 1792.0,
        "wait_time": 0,
        "Landing_success_rate": 0.8502
    },
    {
        "model": 2,
        "sequence": 6,
        "status": 1,
        "fuel": 5726,
        "fault": 0.9923,
        "weapon": 0,
        "pilot_injury": 0.8163,
        "pilot_skill": 0.1568,
        "mission_priority": 0.9773,
        "estimated_landing_time": 570.0,
        "wait_time": 0,
        "Landing_success_rate": 0.8501
    },
    {
        "model": 2,
        "sequence": 18,
        "status": 1,
        "fuel": 6440,
        "fault": 0.6358,
        "weapon": 1,
        "pilot_injury": 0.916,
        "pilot_skill": 0.9457,
        "mission_priority": 0.2321,
        "estimated_landing_time": 1698.0,
        "wait_time": 0,
        "Landing_success_rate": 0.8757
    },
    {
        "model": 2,
        "sequence": 13,
        "status": 1,
        "fuel": 6309,
        "fault": 0.0448,
        "weapon": 1,
        "pilot_injury": 0.042,
        "pilot_skill": 0.4852,
        "mission_priority": 0.7964,
        "estimated_landing_time": 1228.0,
        "wait_time": 0,
        "Landing_success_rate": 0.908
    },
    {
        "model": 1,
        "sequence": 12,
        "status": 1,
        "fuel": 6145,
        "fault": 0.2259,
        "weapon": 1,
        "pilot_injury": 0.487,
        "pilot_skill": 0.9213,
        "mission_priority": 0.6172,
        "estimated_landing_time": 1134.0,
        "wait_time": 0,
        "Landing_success_rate": 0.8874
    },
    {
        "model": 0,
        "sequence": 17,
        "status": 1,
        "fuel": 6528,
        "fault": 0.8056,
        "weapon": 0,
        "pilot_injury": 0.1885,
        "pilot_skill": 0.2556,
        "mission_priority": 0.5332,
        "estimated_landing_time": 1604.0,
        "wait_time": 0,
        "Landing_success_rate": 0.865
    },
    {
        "model": 2,
        "sequence": 1,
        "status": 1,
        "fuel": 6042,
        "fault": 0.3574,
        "weapon": 0,
        "pilot_injury": 0.7078,
        "pilot_skill": 0.7344,
        "mission_priority": 0.1647,
        "estimated_landing_time": 100.0,
        "wait_time": 0,
        "Landing_success_rate": 0.8761
    },
    {
        "model": 2,
        "sequence": 10,
        "status": 1,
        "fuel": 6643,
        "fault": 0.5516,
        "weapon": 0,
        "pilot_injury": 0.012,
        "pilot_skill": 0.0589,
        "mission_priority": 0.6462,
        "estimated_landing_time": 946.0,
        "wait_time": 0,
        "Landing_success_rate": 0.8884
    },
    {
        "model": 0,
        "sequence": 21,
        "status": 1,
        "fuel": 6300,
        "fault": 0.6242,
        "weapon": 0,
        "pilot_injury": 0.0444,
        "pilot_skill": 0.1594,
        "mission_priority": 0.9575,
        "estimated_landing_time": 1980.0,
        "wait_time": 0,
        "Landing_success_rate": 0.8725
    },
    {
        "model": 1,
        "sequence": 16,
        "status": 1,
        "fuel": 7026,
        "fault": 0.3825,
        "weapon": 0,
        "pilot_injury": 0.9415,
        "pilot_skill": 0.6191,
        "mission_priority": 0.7256,
        "estimated_landing_time": 1510.0,
        "wait_time": 0,
        "Landing_success_rate": 0.9207
    },
    {
        "model": 2,
        "sequence": 9,
        "status": 1,
        "fuel": 7185,
        "fault": 0.8949,
        "weapon": 1,
        "pilot_injury": 0.1435,
        "pilot_skill": 0.4045,
        "mission_priority": 0.0332,
        "estimated_landing_time": 852.0,
        "wait_time": 0,
        "Landing_success_rate": 0.8633
    },
    {
        "model": 1,
        "sequence": 8,
        "status": 1,
        "fuel": 5554,
        "fault": 0.7363,
        "weapon": 0,
        "pilot_injury": 0.3878,
        "pilot_skill": 0.843,
        "mission_priority": 0.3779,
        "estimated_landing_time": 758.0,
        "wait_time": 0,
        "Landing_success_rate": 0.8511
    },
    {
        "model": 1,
        "sequence": 11,
        "status": 1,
        "fuel": 6969,
        "fault": 0.1158,
        "weapon": 1,
        "pilot_injury": 0.5095,
        "pilot_skill": 0.2369,
        "mission_priority": 0.9222,
        "estimated_landing_time": 1040.0,
        "wait_time": 0,
        "Landing_success_rate": 0.9474
    },
    {
        "model": 1,
        "sequence": 14,
        "status": 1,
        "fuel": 6182,
        "fault": 0.4185,
        "weapon": 0,
        "pilot_injury": 0.6212,
        "pilot_skill": 0.441,
        "mission_priority": 0.2403,
        "estimated_landing_time": 1322.0,
        "wait_time": 0,
        "Landing_success_rate": 0.8797
    },
    {
        "model": 2,
        "sequence": 3,
        "status": 1,
        "fuel": 7230,
        "fault": 0.1022,
        "weapon": 1,
        "pilot_injury": 0.8368,
        "pilot_skill": 0.9414,
        "mission_priority": 0.3078,
        "estimated_landing_time": 288.0,
        "wait_time": 0,
        "Landing_success_rate": 0.9665
    },
    {
        "model": 2,
        "sequence": 4,
        "status": 1,
        "fuel": 6033,
        "fault": 0.6356,
        "weapon": 1,
        "pilot_injury": 0.9429,
        "pilot_skill": 0.3294,
        "mission_priority": 0.4042,
        "estimated_landing_time": 382.0,
        "wait_time": 0,
        "Landing_success_rate": 0.8646
    },
    {
        "model": 0,
        "sequence": 5,
        "status": 1,
        "fuel": 6031,
        "fault": 0.4164,
        "weapon": 1,
        "pilot_injury": 0.5662,
        "pilot_skill": 0.1762,
        "mission_priority": 0.4987,
        "estimated_landing_time": 476.0,
        "wait_time": 0,
        "Landing_success_rate": 0.8732
    },
    {
        "model": 0,
        "sequence": 2,
        "status": 1,
        "fuel": 5511,
        "fault": 0.244,
        "weapon": 0,
        "pilot_injury": 0.2551,
        "pilot_skill": 0.0312,
        "mission_priority": 0.3363,
        "estimated_landing_time": 194.0,
        "wait_time": 0,
        "Landing_success_rate": 0.8506
    }
]