[
    {
        "model": 0,
        "sequence": 14,
        "status": 1,
        "fuel": 6945,
        "fault": 0.0695,
        "weapon": 0,
        "pilot_injury": 0.9033,
        "pilot_skill": 0.0085,
        "mission_priority": 0.2167,
        "estimated_landing_time": 1322.0,
        "wait_time": 0,
        "Landing_success_rate": 0.9508
    },
    {
        "model": 1,
        "sequence": 8,
        "status": 1,
        "fuel": 6071,
        "fault": 0.4178,
        "weapon": 0,
        "pilot_injury": 0.8944,
        "pilot_skill": 0.0572,
        "mission_priority": 0.597,
        "estimated_landing_time": 758.0,
        "wait_time": 0,
        "Landing_success_rate": 0.8749
    },
    {
        "model": 2,
        "sequence": 11,
        "status": 1,
        "fuel": 5832,
        "fault": 0.4084,
        "weapon": 0,
        "pilot_injury": 0.5135,
        "pilot_skill": 0.6095,
        "mission_priority": 0.1913,
        "estimated_landing_time": 1040.0,
        "wait_time": 0,
        "Landing_success_rate": 0.8647
    },
    {
        "model": 1,
        "sequence": 1,
        "status": 1,
        "fuel": 6892,
        "fault": 0.6422,
        "weapon": 1,
        "pilot_injury": 0.4683,
        "pilot_skill": 0.858,
        "mission_priority": 0.3424,
        "estimated_landing_time": 100.0,
        "wait_time": 0,
        "Landing_success_rate": 0.8874
    },
    {
        "model": 1,
        "sequence": 24,
        "status": 1,
        "fuel": 7218,
        "fault": 0.4981,
        "weapon": 1,
        "pilot_injury": 0.9111,
        "pilot_skill": 0.029,
        "mission_priority": 0.7707,
        "estimated_landing_time": 2262.0,
        "wait_time": 0,
        "Landing_success_rate": 0.9147
    },
    {
        "model": 2,
        "sequence": 4,
        "status": 1,
        "fuel": 7112,
        "fault": 0.6622,
        "weapon": 0,
        "pilot_injury": 0.2737,
        "pilot_skill": 0.2693,
        "mission_priority": 0.8193,
        "estimated_landing_time": 382.0,
        "wait_time": 0,
        "Landing_success_rate": 0.8908
    },
    {
        "model": 1,
        "sequence": 2,
        "status": 1,
        "fuel": 5981,
        "fault": 0.1145,
        "weapon": 0,
        "pilot_injury": 0.7115,
        "pilot_skill": 0.4183,
        "mission_priority": 0.6989,
        "estimated_landing_time": 194.0,
        "wait_time": 0,
        "Landing_success_rate": 0.8819
    },
    {
        "model": 1,
        "sequence": 19,
        "status": 1,
        "fuel": 6707,
        "fault": 0.2268,
        "weapon": 1,
        "pilot_injury": 0.7617,
        "pilot_skill": 0.9384,
        "mission_priority": 0.1137,
        "estimated_landing_time": 1792.0,
        "wait_time": 0,
        "Landing_success_rate": 0.92
    },
    {
        "model": 0,
        "sequence": 17,
        "status": 1,
        "fuel": 7105,
        "fault": 0.5966,
        "weapon": 1,
        "pilot_injury": 0.9544,
        "pilot_skill": 0.211,
        "mission_priority": 0.5039,
        "estimated_landing_time": 1604.0,
        "wait_time": 0,
        "Landing_success_rate": 0.8986
    },
    {
        "model": 0,
        "sequence": 20,
        "status": 1,
        "fuel": 7466,
        "fault": 0.4302,
        "weapon": 0,
        "pilot_injury": 0.6005,
        "pilot_skill": 0.2576,
        "mission_priority": 0.3335,
        "estimated_landing_time": 1886.0,
        "wait_time": 0,
        "Landing_success_rate": 0.934
    },
    {
        "model": 0,
        "sequence": 16,
        "status": 1,
        "fuel": 7194,
        "fault": 0.3152,
        "weapon": 1,
        "pilot_injury": 0.4494,
        "pilot_skill": 0.4932,
        "mission_priority": 0.2986,
        "estimated_landing_time": 1510.0,
        "wait_time": 0,
        "Landing_success_rate": 0.937
    },
    {
        "model": 2,
        "sequence": 10,
        "status": 1,
        "fuel": 7464,
        "fault": 0.751,
        "weapon": 0,
        "pilot_injury": 0.196,
        "pilot_skill": 0.5819,
        "mission_priority": 0.7861,
        "estimated_landing_time": 946.0,
        "wait_time": 0,
        "Landing_success_rate": 0.8867
    },
    {
        "model": 0,
        "sequence": 3,
        "status": 1,
        "fuel": 7412,
        "fault": 0.9982,
        "weapon": 1,
        "pilot_injury": 0.7493,
        "pilot_skill": 0.3052,
        "mission_priority": 0.9515,
        "estimated_landing_time": 288.0,
        "wait_time": 0,
        "Landing_success_rate": 0.8503
    },
    {
        "model": 1,
        "sequence": 9,
        "status": 1,
        "fuel": 6258,
        "fault": 0.0849,
        "weapon": 0,
        "pilot_injury": 0.2895,
        "pilot_skill": 0.5237,
        "mission_priority": 0.0791,
        "estimated_landing_time": 852.0,
        "wait_time": 0,
        "Landing_success_rate": 0.902
    },
    {
        "model": 1,
        "sequence": 13,
        "status": 1,
        "fuel": 6611,
        "fault": 0.1662,
        "weapon": 1,
        "pilot_injury": 0.7747,
        "pilot_skill": 0.5139,
        "mission_priority": 0.0106,
        "estimated_landing_time": 1228.0,
        "wait_time": 0,
        "Landing_success_rate": 0.9195
    },
    {
        "model": 1,
        "sequence": 18,
        "status": 1,
        "fuel": 6589,
        "fault": 0.0878,
        "weapon": 0,
        "pilot_injury": 0.5109,
        "pilot_skill": 0.2141,
        "mission_priority": 0.5518,
        "estimated_landing_time": 1698.0,
        "wait_time": 0,
        "Landing_success_rate": 0.9245
    },
    {
        "model": 1,
        "sequence": 23,
        "status": 1,
        "fuel": 5882,
        "fault": 0.2033,
        "weapon": 1,
        "pilot_injury": 0.2839,
        "pilot_skill": 0.243,
        "mission_priority": 0.2485,
        "estimated_landing_time": 2168.0,
        "wait_time": 0,
        "Landing_success_rate": 0.8728
    },
    {
        "model": 1,
        "sequence": 7,
        "status": 1,
        "fuel": 7124,
        "fault": 0.8916,
        "weapon": 1,
        "pilot_injury": 0.9129,
        "pilot_skill": 0.2022,
        "mission_priority": 0.5429,
        "estimated_landing_time": 664.0,
        "wait_time": 0,
        "Landing_success_rate": 0.8632
    },
    {
        "model": 2,
        "sequence": 5,
        "status": 1,
        "fuel": 7483,
        "fault": 0.0096,
        "weapon": 1,
        "pilot_injury": 0.4341,
        "pilot_skill": 0.192,
        "mission_priority": 0.4882,
        "estimated_landing_time": 476.0,
        "wait_time": 0,
        "Landing_success_rate": 0.9973
    },
    {
        "model": 1,
        "sequence": 12,
        "status": 1,
        "fuel": 6472,
        "fault": 0.6153,
        "weapon": 0,
        "pilot_injury": 0.7636,
        "pilot_skill": 0.134,
        "mission_priority": 0.0885,
        "estimated_landing_time": 1134.0,
        "wait_time": 0,
        "Landing_success_rate": 0.878
    },
    {
        "model": 2,
        "sequence": 15,
        "status": 1,
        "fuel": 7256,
        "fault": 0.9342,
        "weapon": 1,
        "pilot_injury": 0.8578,
        "pilot_skill": 0.0582,
        "mission_priority": 0.5265,
        "estimated_landing_time": 1416.0,
        "wait_time": 0,
        "Landing_success_rate": 0.8587
    },
    {
        "model": 1,
        "sequence": 21,
        "status": 1,
        "fuel": 6331,
        "fault": 0.2094,
        "weapon": 1,
        "pilot_injury": 0.0976,
        "pilot_skill": 0.2404,
        "mission_priority": 0.4065,
        "estimated_landing_time": 1980.0,
        "wait_time": 0,
        "Landing_success_rate": 0.8993
    },
    {
        "model": 2,
        "sequence": 22,
        "status": 1,
        "fuel": 5880,
        "fault": 0.639,
        "weapon": 0,
        "pilot_injury": 0.9927,
        "pilot_skill": 0.9592,
        "mission_priority": 0.0059,
        "estimated_landing_time": 2074.0,
        "wait_time": 0,
        "Landing_success_rate": 0.8603
    },
    {
        "model": 2,
        "sequence": 6,
        "status": 1,
        "fuel": 6839,
        "fault": 0.1966,
        "weapon": 1,
        "pilot_injury": 0.3489,
        "pilot_skill": 0.8299,
        "mission_priority": 0.8927,
        "estimated_landing_time": 570.0,
        "wait_time": 0,
        "Landing_success_rate": 0.9307
    }
]