[
    {
        "model": 0,
        "sequence": 2,
        "status": 1,
        "fuel": 6345,
        "fault": 0.2238,
        "weapon": 0,
        "pilot_injury": 0.5535,
        "pilot_skill": 0.078,
        "mission_priority": 0.5265,
        "estimated_landing_time": 194.0,
        "wait_time": 0,
        "Landing_success_rate": 0.8992
    },
    {
        "model": 0,
        "sequence": 5,
        "status": 1,
        "fuel": 5890,
        "fault": 0.7508,
        "weapon": 1,
        "pilot_injury": 0.8897,
        "pilot_skill": 0.5783,
        "mission_priority": 0.9506,
        "estimated_landing_time": 476.0,
        "wait_time": 0,
        "Landing_success_rate": 0.8573
    },
    {
        "model": 0,
        "sequence": 4,
        "status": 1,
        "fuel": 6833,
        "fault": 0.6659,
        "weapon": 0,
        "pilot_injury": 0.6443,
        "pilot_skill": 0.5675,
        "mission_priority": 0.5153,
        "estimated_landing_time": 382.0,
        "wait_time": 0,
        "Landing_success_rate": 0.8834
    },
    {
        "model": 2,
        "sequence": 7,
        "status": 1,
        "fuel": 7190,
        "fault": 0.2145,
        "weapon": 1,
        "pilot_injury": 0.644,
        "pilot_skill": 0.0916,
        "mission_priority": 0.021,
        "estimated_landing_time": 664.0,
        "wait_time": 0,
        "Landing_success_rate": 0.9496
    },
    {
        "model": 2,
        "sequence": 15,
        "status": 1,
        "fuel": 5508,
        "fault": 0.6779,
        "weapon": 1,
        "pilot_injury": 0.614,
        "pilot_skill": 0.4997,
        "mission_priority": 0.3068,
        "estimated_landing_time": 1416.0,
        "wait_time": 0,
        "Landing_success_rate": 0.8502
    },
    {
        "model": 2,
        "sequence": 9,
        "status": 1,
        "fuel": 6201,
        "fault": 0.3178,
        "weapon": 1,
        "pilot_injury": 0.0194,
        "pilot_skill": 0.2825,
        "mission_priority": 0.0532,
        "estimated_landing_time": 852.0,
        "wait_time": 0,
        "Landing_success_rate": 0.8859
    },
    {
        "model": 0,
        "sequence": 17,
        "status": 1,
        "fuel": 6179,
        "fault": 0.5877,
        "weapon": 0,
        "pilot_injury": 0.9961,
        "pilot_skill": 0.3022,
        "mission_priority": 0.8785,
        "estimated_landing_time": 1604.0,
        "wait_time": 0,
        "Landing_success_rate": 0.871
    },
    {
        "model": 2,
        "sequence": 8,
        "status": 1,
        "fuel": 6437,
        "fault": 0.7026,
        "weapon": 0,
        "pilot_injury": 0.2226,
        "pilot_skill": 0.7384,
        "mission_priority": 0.9041,
        "estimated_landing_time": 758.0,
        "wait_time": 0,
        "Landing_success_rate": 0.8709
    },
    {
        "model": 1,
        "sequence": 20,
        "status": 1,
        "fuel": 6483,
        "fault": 0.569,
        "weapon": 0,
        "pilot_injury": 0.6962,
        "pilot_skill": 0.977,
        "mission_priority": 0.75,
        "estimated_landing_time": 1886.0,
        "wait_time": 0,
        "Landing_success_rate": 0.8818
    },
    {
        "model": 2,
        "sequence": 24,
        "status": 1,
        "fuel": 5647,
        "fault": 0.2275,
        "weapon": 1,
        "pilot_injury": 0.3843,
        "pilot_skill": 0.8521,
        "mission_priority": 0.7714,
        "estimated_landing_time": 2262.0,
        "wait_time": 0,
        "Landing_success_rate": 0.8585
    },
    {
        "model": 2,
        "sequence": 11,
        "status": 1,
        "fuel": 5503,
        "fault": 0.7015,
        "weapon": 0,
        "pilot_injury": 0.938,
        "pilot_skill": 0.6533,
        "mission_priority": 0.9705,
        "estimated_landing_time": 1040.0,
        "wait_time": 0,
        "Landing_success_rate": 0.8501
    },
    {
        "model": 0,
        "sequence": 6,
        "status": 1,
        "fuel": 6727,
        "fault": 0.149,
        "weapon": 0,
        "pilot_injury": 0.8131,
        "pilot_skill": 0.3373,
        "mission_priority": 0.964,
        "estimated_landing_time": 570.0,
        "wait_time": 0,
        "Landing_success_rate": 0.9283
    },
    {
        "model": 1,
        "sequence": 13,
        "status": 1,
        "fuel": 6691,
        "fault": 0.9299,
        "weapon": 0,
        "pilot_injury": 0.9656,
        "pilot_skill": 0.3389,
        "mission_priority": 0.6481,
        "estimated_landing_time": 1228.0,
        "wait_time": 0,
        "Landing_success_rate": 0.8563
    },
    {
        "model": 1,
        "sequence": 21,
        "status": 1,
        "fuel": 6760,
        "fault": 0.2229,
        "weapon": 0,
        "pilot_injury": 0.8662,
        "pilot_skill": 0.603,
        "mission_priority": 0.8159,
        "estimated_landing_time": 1980.0,
        "wait_time": 0,
        "Landing_success_rate": 0.9234
    },
    {
        "model": 1,
        "sequence": 23,
        "status": 1,
        "fuel": 6164,
        "fault": 0.483,
        "weapon": 1,
        "pilot_injury": 0.4307,
        "pilot_skill": 0.6777,
        "mission_priority": 0.1872,
        "estimated_landing_time": 2168.0,
        "wait_time": 0,
        "Landing_success_rate": 0.8757
    },
    {
        "model": 2,
        "sequence": 10,
        "status": 1,
        "fuel": 7456,
        "fault": 0.4704,
        "weapon": 0,
        "pilot_injury": 0.7956,
        "pilot_skill": 0.0368,
        "mission_priority": 0.668,
        "estimated_landing_time": 946.0,
        "wait_time": 0,
        "Landing_success_rate": 0.9277
    },
    {
        "model": 0,
        "sequence": 18,
        "status": 1,
        "fuel": 5940,
        "fault": 0.6288,
        "weapon": 1,
        "pilot_injury": 0.7134,
        "pilot_skill": 0.7963,
        "mission_priority": 0.9046,
        "estimated_landing_time": 1698.0,
        "wait_time": 0,
        "Landing_success_rate": 0.8622
    },
    {
        "model": 2,
        "sequence": 1,
        "status": 1,
        "fuel": 6481,
        "fault": 0.7552,
        "weapon": 0,
        "pilot_injury": 0.8698,
        "pilot_skill": 0.7476,
        "mission_priority": 0.4244,
        "estimated_landing_time": 100.0,
        "wait_time": 0,
        "Landing_success_rate": 0.868
    },
    {
        "model": 0,
        "sequence": 3,
        "status": 1,
        "fuel": 6882,
        "fault": 0.2308,
        "weapon": 0,
        "pilot_injury": 0.9757,
        "pilot_skill": 0.9524,
        "mission_priority": 0.3253,
        "estimated_landing_time": 288.0,
        "wait_time": 0,
        "Landing_success_rate": 0.9297
    },
    {
        "model": 1,
        "sequence": 14,
        "status": 1,
        "fuel": 7181,
        "fault": 0.1671,
        "weapon": 0,
        "pilot_injury": 0.2475,
        "pilot_skill": 0.8824,
        "mission_priority": 0.3608,
        "estimated_landing_time": 1322.0,
        "wait_time": 0,
        "Landing_success_rate": 0.955
    },
    {
        "model": 2,
        "sequence": 19,
        "status": 1,
        "fuel": 5998,
        "fault": 0.941,
        "weapon": 0,
        "pilot_injury": 0.7818,
        "pilot_skill": 0.1828,
        "mission_priority": 0.3048,
        "estimated_landing_time": 1792.0,
        "wait_time": 0,
        "Landing_success_rate": 0.8522
    },
    {
        "model": 0,
        "sequence": 12,
        "status": 1,
        "fuel": 6451,
        "fault": 0.1303,
        "weapon": 1,
        "pilot_injury": 0.9829,
        "pilot_skill": 0.8349,
        "mission_priority": 0.4797,
        "estimated_landing_time": 1134.0,
        "wait_time": 0,
        "Landing_success_rate": 0.912
    },
    {
        "model": 2,
        "sequence": 16,
        "status": 1,
        "fuel": 7467,
        "fault": 0.295,
        "weapon": 1,
        "pilot_injury": 0.7858,
        "pilot_skill": 0.2237,
        "mission_priority": 0.7723,
        "estimated_landing_time": 1510.0,
        "wait_time": 0,
        "Landing_success_rate": 0.954
    },
    {
        "model": 0,
        "sequence": 22,
        "status": 1,
        "fuel": 5821,
        "fault": 0.7148,
        "weapon": 1,
        "pilot_injury": 0.2733,
        "pilot_skill": 0.4023,
        "mission_priority": 0.7493,
        "estimated_landing_time": 2074.0,
        "wait_time": 0,
        "Landing_success_rate": 0.8569
    }
]