[
    {
        "model": 1,
        "sequence": 7,
        "status": 1,
        "fuel": 6546,
        "fault": 0.3053,
        "weapon": 1,
        "pilot_injury": 0.3189,
        "pilot_skill": 0.4322,
        "mission_priority": 0.7139,
        "estimated_landing_time": 664.0,
        "wait_time": 0,
        "Landing_success_rate": 0.9045
    },
    {
        "model": 1,
        "sequence": 11,
        "status": 1,
        "fuel": 5676,
        "fault": 0.8794,
        "weapon": 0,
        "pilot_injury": 0.7798,
        "pilot_skill": 0.6709,
        "mission_priority": 0.7317,
        "estimated_landing_time": 1040.0,
        "wait_time": 0,
        "Landing_success_rate": 0.8516
    },
    {
        "model": 0,
        "sequence": 1,
        "status": 1,
        "fuel": 6697,
        "fault": 0.0401,
        "weapon": 1,
        "pilot_injury": 0.6822,
        "pilot_skill": 0.4397,
        "mission_priority": 0.9836,
        "estimated_landing_time": 100.0,
        "wait_time": 0,
        "Landing_success_rate": 0.9362
    },
    {
        "model": 0,
        "sequence": 16,
        "status": 1,
        "fuel": 6760,
        "fault": 0.2028,
        "weapon": 1,
        "pilot_injury": 0.1414,
        "pilot_skill": 0.0665,
        "mission_priority": 0.4328,
        "estimated_landing_time": 1510.0,
        "wait_time": 0,
        "Landing_success_rate": 0.9253
    },
    {
        "model": 1,
        "sequence": 23,
        "status": 1,
        "fuel": 6401,
        "fault": 0.0823,
        "weapon": 1,
        "pilot_injury": 0.4297,
        "pilot_skill": 0.8181,
        "mission_priority": 0.7944,
        "estimated_landing_time": 2168.0,
        "wait_time": 0,
        "Landing_success_rate": 0.912
    },
    {
        "model": 2,
        "sequence": 17,
        "status": 1,
        "fuel": 7010,
        "fault": 0.6602,
        "weapon": 1,
        "pilot_injury": 0.7965,
        "pilot_skill": 0.9194,
        "mission_priority": 0.0594,
        "estimated_landing_time": 1604.0,
        "wait_time": 0,
        "Landing_success_rate": 0.8885
    },
    {
        "model": 1,
        "sequence": 13,
        "status": 1,
        "fuel": 7466,
        "fault": 0.2085,
        "weapon": 0,
        "pilot_injury": 0.5992,
        "pilot_skill": 0.5136,
        "mission_priority": 0.1774,
        "estimated_landing_time": 1228.0,
        "wait_time": 0,
        "Landing_success_rate": 0.9667
    },
    {
        "model": 2,
        "sequence": 15,
        "status": 1,
        "fuel": 6919,
        "fault": 0.1643,
        "weapon": 0,
        "pilot_injury": 0.1274,
        "pilot_skill": 0.4643,
        "mission_priority": 0.1644,
        "estimated_landing_time": 1416.0,
        "wait_time": 0,
        "Landing_success_rate": 0.9389
    },
    {
        "model": 0,
        "sequence": 10,
        "status": 1,
        "fuel": 6876,
        "fault": 0.2403,
        "weapon": 1,
        "pilot_injury": 0.4696,
        "pilot_skill": 0.6324,
        "mission_priority": 0.431,
        "estimated_landing_time": 946.0,
        "wait_time": 0,
        "Landing_success_rate": 0.9284
    },
    {
        "model": 2,
        "sequence": 24,
        "status": 1,
        "fuel": 7086,
        "fault": 0.6707,
        "weapon": 0,
        "pilot_injury": 0.1296,
        "pilot_skill": 0.1116,
        "mission_priority": 0.4592,
        "estimated_landing_time": 2262.0,
        "wait_time": 0,
        "Landing_success_rate": 0.8892
    },
    {
        "model": 1,
        "sequence": 22,
        "status": 1,
        "fuel": 7009,
        "fault": 0.8194,
        "weapon": 0,
        "pilot_injury": 0.1925,
        "pilot_skill": 0.819,
        "mission_priority": 0.3631,
        "estimated_landing_time": 2074.0,
        "wait_time": 0,
        "Landing_success_rate": 0.8704
    },
    {
        "model": 0,
        "sequence": 5,
        "status": 1,
        "fuel": 6750,
        "fault": 0.5503,
        "weapon": 0,
        "pilot_injury": 0.2146,
        "pilot_skill": 0.5194,
        "mission_priority": 0.6683,
        "estimated_landing_time": 476.0,
        "wait_time": 0,
        "Landing_success_rate": 0.8922
    },
    {
        "model": 0,
        "sequence": 4,
        "status": 1,
        "fuel": 6221,
        "fault": 0.5733,
        "weapon": 0,
        "pilot_injury": 0.167,
        "pilot_skill": 0.0196,
        "mission_priority": 0.2281,
        "estimated_landing_time": 382.0,
        "wait_time": 0,
        "Landing_success_rate": 0.8731
    },
    {
        "model": 1,
        "sequence": 19,
        "status": 1,
        "fuel": 5826,
        "fault": 0.0993,
        "weapon": 1,
        "pilot_injury": 0.1457,
        "pilot_skill": 0.5799,
        "mission_priority": 0.3837,
        "estimated_landing_time": 1792.0,
        "wait_time": 0,
        "Landing_success_rate": 0.872
    },
    {
        "model": 1,
        "sequence": 20,
        "status": 1,
        "fuel": 6887,
        "fault": 0.8526,
        "weapon": 1,
        "pilot_injury": 0.2093,
        "pilot_skill": 0.6802,
        "mission_priority": 0.3644,
        "estimated_landing_time": 1886.0,
        "wait_time": 0,
        "Landing_success_rate": 0.8653
    },
    {
        "model": 0,
        "sequence": 14,
        "status": 1,
        "fuel": 6068,
        "fault": 0.7847,
        "weapon": 0,
        "pilot_injury": 0.2244,
        "pilot_skill": 0.7958,
        "mission_priority": 0.9834,
        "estimated_landing_time": 1322.0,
        "wait_time": 0,
        "Landing_success_rate": 0.8592
    },
    {
        "model": 2,
        "sequence": 2,
        "status": 1,
        "fuel": 6167,
        "fault": 0.3191,
        "weapon": 1,
        "pilot_injury": 0.264,
        "pilot_skill": 0.0664,
        "mission_priority": 0.0144,
        "estimated_landing_time": 194.0,
        "wait_time": 0,
        "Landing_success_rate": 0.8841
    },
    {
        "model": 2,
        "sequence": 3,
        "status": 1,
        "fuel": 5895,
        "fault": 0.1477,
        "weapon": 1,
        "pilot_injury": 0.9945,
        "pilot_skill": 0.4424,
        "mission_priority": 0.1876,
        "estimated_landing_time": 288.0,
        "wait_time": 0,
        "Landing_success_rate": 0.8752
    },
    {
        "model": 2,
        "sequence": 6,
        "status": 1,
        "fuel": 5896,
        "fault": 0.0969,
        "weapon": 0,
        "pilot_injury": 0.8156,
        "pilot_skill": 0.7452,
        "mission_priority": 0.3347,
        "estimated_landing_time": 570.0,
        "wait_time": 0,
        "Landing_success_rate": 0.8768
    },
    {
        "model": 1,
        "sequence": 21,
        "status": 1,
        "fuel": 5703,
        "fault": 0.1199,
        "weapon": 1,
        "pilot_injury": 0.4468,
        "pilot_skill": 0.9562,
        "mission_priority": 0.7229,
        "estimated_landing_time": 1980.0,
        "wait_time": 0,
        "Landing_success_rate": 0.8634
    },
    {
        "model": 0,
        "sequence": 8,
        "status": 1,
        "fuel": 6406,
        "fault": 0.4634,
        "weapon": 0,
        "pilot_injury": 0.6838,
        "pilot_skill": 0.8624,
        "mission_priority": 0.4794,
        "estimated_landing_time": 758.0,
        "wait_time": 0,
        "Landing_success_rate": 0.8865
    },
    {
        "model": 2,
        "sequence": 12,
        "status": 1,
        "fuel": 6683,
        "fault": 0.7659,
        "weapon": 0,
        "pilot_injury": 0.5599,
        "pilot_skill": 0.9932,
        "mission_priority": 0.4251,
        "estimated_landing_time": 1134.0,
        "wait_time": 0,
        "Landing_success_rate": 0.8708
    },
    {
        "model": 0,
        "sequence": 18,
        "status": 1,
        "fuel": 7130,
        "fault": 0.9394,
        "weapon": 1,
        "pilot_injury": 0.2352,
        "pilot_skill": 0.5613,
        "mission_priority": 0.1258,
        "estimated_landing_time": 1698.0,
        "wait_time": 0,
        "Landing_success_rate": 0.8574
    },
    {
        "model": 2,
        "sequence": 9,
        "status": 1,
        "fuel": 6813,
        "fault": 0.0897,
        "weapon": 1,
        "pilot_injury": 0.1556,
        "pilot_skill": 0.1724,
        "mission_priority": 0.5124,
        "estimated_landing_time": 852.0,
        "wait_time": 0,
        "Landing_success_rate": 0.9396
    }
]