[
    {
        "model": 0,
        "sequence": 9,
        "status": 1,
        "fuel": 6891,
        "fault": 0.8975,
        "weapon": 0,
        "pilot_injury": 0.1588,
        "pilot_skill": 0.2062,
        "mission_priority": 0.992,
        "estimated_landing_time": 852.0,
        "wait_time": 0,
        "Landing_success_rate": 0.8607
    },
    {
        "model": 1,
        "sequence": 10,
        "status": 1,
        "fuel": 6789,
        "fault": 0.8496,
        "weapon": 0,
        "pilot_injury": 0.2959,
        "pilot_skill": 0.1646,
        "mission_priority": 0.5031,
        "estimated_landing_time": 946.0,
        "wait_time": 0,
        "Landing_success_rate": 0.8645
    },
    {
        "model": 0,
        "sequence": 18,
        "status": 1,
        "fuel": 6655,
        "fault": 0.9542,
        "weapon": 1,
        "pilot_injury": 0.7332,
        "pilot_skill": 0.3618,
        "mission_priority": 0.1864,
        "estimated_landing_time": 1698.0,
        "wait_time": 0,
        "Landing_success_rate": 0.854
    },
    {
        "model": 2,
        "sequence": 1,
        "status": 1,
        "fuel": 6781,
        "fault": 0.9493,
        "weapon": 0,
        "pilot_injury": 0.7265,
        "pilot_skill": 0.4819,
        "mission_priority": 0.5256,
        "estimated_landing_time": 100.0,
        "wait_time": 0,
        "Landing_success_rate": 0.8549
    },
    {
        "model": 0,
        "sequence": 22,
        "status": 1,
        "fuel": 7015,
        "fault": 0.8371,
        "weapon": 1,
        "pilot_injury": 0.9287,
        "pilot_skill": 0.6834,
        "mission_priority": 0.0176,
        "estimated_landing_time": 2074.0,
        "wait_time": 0,
        "Landing_success_rate": 0.8685
    },
    {
        "model": 2,
        "sequence": 14,
        "status": 1,
        "fuel": 6069,
        "fault": 0.0259,
        "weapon": 1,
        "pilot_injury": 0.9947,
        "pilot_skill": 0.9961,
        "mission_priority": 0.8576,
        "estimated_landing_time": 1322.0,
        "wait_time": 0,
        "Landing_success_rate": 0.8916
    },
    {
        "model": 2,
        "sequence": 13,
        "status": 1,
        "fuel": 6087,
        "fault": 0.7257,
        "weapon": 0,
        "pilot_injury": 0.6127,
        "pilot_skill": 0.8009,
        "mission_priority": 0.4072,
        "estimated_landing_time": 1228.0,
        "wait_time": 0,
        "Landing_success_rate": 0.8621
    },
    {
        "model": 1,
        "sequence": 2,
        "status": 1,
        "fuel": 6460,
        "fault": 0.1401,
        "weapon": 0,
        "pilot_injury": 0.1469,
        "pilot_skill": 0.3571,
        "mission_priority": 0.8576,
        "estimated_landing_time": 194.0,
        "wait_time": 0,
        "Landing_success_rate": 0.9119
    },
    {
        "model": 1,
        "sequence": 11,
        "status": 1,
        "fuel": 7442,
        "fault": 0.0424,
        "weapon": 0,
        "pilot_injury": 0.1251,
        "pilot_skill": 0.4031,
        "mission_priority": 0.997,
        "estimated_landing_time": 1040.0,
        "wait_time": 0,
        "Landing_success_rate": 0.9895
    },
    {
        "model": 2,
        "sequence": 8,
        "status": 1,
        "fuel": 7402,
        "fault": 0.5238,
        "weapon": 0,
        "pilot_injury": 0.9151,
        "pilot_skill": 0.8821,
        "mission_priority": 0.0322,
        "estimated_landing_time": 758.0,
        "wait_time": 0,
        "Landing_success_rate": 0.9179
    },
    {
        "model": 0,
        "sequence": 19,
        "status": 1,
        "fuel": 6869,
        "fault": 0.0993,
        "weapon": 0,
        "pilot_injury": 0.7677,
        "pilot_skill": 0.4945,
        "mission_priority": 0.9914,
        "estimated_landing_time": 1792.0,
        "wait_time": 0,
        "Landing_success_rate": 0.9425
    },
    {
        "model": 2,
        "sequence": 20,
        "status": 1,
        "fuel": 7274,
        "fault": 0.231,
        "weapon": 1,
        "pilot_injury": 0.3965,
        "pilot_skill": 0.4498,
        "mission_priority": 0.9214,
        "estimated_landing_time": 1886.0,
        "wait_time": 0,
        "Landing_success_rate": 0.9523
    },
    {
        "model": 1,
        "sequence": 17,
        "status": 1,
        "fuel": 6064,
        "fault": 0.4165,
        "weapon": 1,
        "pilot_injury": 0.4079,
        "pilot_skill": 0.4165,
        "mission_priority": 0.9655,
        "estimated_landing_time": 1604.0,
        "wait_time": 0,
        "Landing_success_rate": 0.8747
    },
    {
        "model": 0,
        "sequence": 16,
        "status": 1,
        "fuel": 6274,
        "fault": 0.1811,
        "weapon": 1,
        "pilot_injury": 0.7133,
        "pilot_skill": 0.77,
        "mission_priority": 0.6351,
        "estimated_landing_time": 1510.0,
        "wait_time": 0,
        "Landing_success_rate": 0.8975
    },
    {
        "model": 2,
        "sequence": 3,
        "status": 1,
        "fuel": 6730,
        "fault": 0.9036,
        "weapon": 1,
        "pilot_injury": 0.7321,
        "pilot_skill": 0.7419,
        "mission_priority": 0.9966,
        "estimated_landing_time": 288.0,
        "wait_time": 0,
        "Landing_success_rate": 0.8589
    },
    {
        "model": 1,
        "sequence": 7,
        "status": 1,
        "fuel": 5757,
        "fault": 0.1691,
        "weapon": 0,
        "pilot_injury": 0.9514,
        "pilot_skill": 0.1511,
        "mission_priority": 0.4977,
        "estimated_landing_time": 664.0,
        "wait_time": 0,
        "Landing_success_rate": 0.866
    },
    {
        "model": 2,
        "sequence": 12,
        "status": 1,
        "fuel": 6086,
        "fault": 0.8581,
        "weapon": 0,
        "pilot_injury": 0.8394,
        "pilot_skill": 0.7624,
        "mission_priority": 0.7209,
        "estimated_landing_time": 1134.0,
        "wait_time": 0,
        "Landing_success_rate": 0.8562
    },
    {
        "model": 2,
        "sequence": 5,
        "status": 1,
        "fuel": 7426,
        "fault": 0.2808,
        "weapon": 0,
        "pilot_injury": 0.7355,
        "pilot_skill": 0.5514,
        "mission_priority": 0.313,
        "estimated_landing_time": 476.0,
        "wait_time": 0,
        "Landing_success_rate": 0.9539
    },
    {
        "model": 2,
        "sequence": 6,
        "status": 1,
        "fuel": 5645,
        "fault": 0.9351,
        "weapon": 0,
        "pilot_injury": 0.5955,
        "pilot_skill": 0.8249,
        "mission_priority": 0.5453,
        "estimated_landing_time": 570.0,
        "wait_time": 0,
        "Landing_success_rate": 0.8507
    },
    {
        "model": 0,
        "sequence": 15,
        "status": 1,
        "fuel": 6262,
        "fault": 0.9775,
        "weapon": 1,
        "pilot_injury": 0.3815,
        "pilot_skill": 0.9729,
        "mission_priority": 0.0056,
        "estimated_landing_time": 1416.0,
        "wait_time": 0,
        "Landing_success_rate": 0.8513
    },
    {
        "model": 1,
        "sequence": 24,
        "status": 1,
        "fuel": 6487,
        "fault": 0.1771,
        "weapon": 1,
        "pilot_injury": 0.9962,
        "pilot_skill": 0.4766,
        "mission_priority": 0.9638,
        "estimated_landing_time": 2262.0,
        "wait_time": 0,
        "Landing_success_rate": 0.9109
    },
    {
        "model": 1,
        "sequence": 21,
        "status": 1,
        "fuel": 6767,
        "fault": 0.3865,
        "weapon": 0,
        "pilot_injury": 0.2243,
        "pilot_skill": 0.9453,
        "mission_priority": 0.0138,
        "estimated_landing_time": 1980.0,
        "wait_time": 0,
        "Landing_success_rate": 0.9083
    },
    {
        "model": 2,
        "sequence": 23,
        "status": 1,
        "fuel": 6938,
        "fault": 0.3578,
        "weapon": 0,
        "pilot_injury": 0.2864,
        "pilot_skill": 0.0881,
        "mission_priority": 0.8595,
        "estimated_landing_time": 2168.0,
        "wait_time": 0,
        "Landing_success_rate": 0.9193
    },
    {
        "model": 2,
        "sequence": 4,
        "status": 1,
        "fuel": 5739,
        "fault": 0.7363,
        "weapon": 1,
        "pilot_injury": 0.6884,
        "pilot_skill": 0.971,
        "mission_priority": 0.5099,
        "estimated_landing_time": 382.0,
        "wait_time": 0,
        "Landing_success_rate": 0.8547
    }
]