[
    {
        "model": 0,
        "sequence": 6,
        "status": 1,
        "fuel": 5963,
        "fault": 0.446,
        "weapon": 0,
        "pilot_injury": 0.8492,
        "pilot_skill": 0.5874,
        "mission_priority": 0.1612,
        "estimated_landing_time": 570.0,
        "wait_time": 0,
        "Landing_success_rate": 0.8692
    },
    {
        "model": 1,
        "sequence": 19,
        "status": 1,
        "fuel": 7206,
        "fault": 0.5381,
        "weapon": 0,
        "pilot_injury": 0.5501,
        "pilot_skill": 0.6508,
        "mission_priority": 0.8132,
        "estimated_landing_time": 1792.0,
        "wait_time": 0,
        "Landing_success_rate": 0.9091
    },
    {
        "model": 1,
        "sequence": 12,
        "status": 1,
        "fuel": 6831,
        "fault": 0.6625,
        "weapon": 1,
        "pilot_injury": 0.94,
        "pilot_skill": 0.5453,
        "mission_priority": 0.6153,
        "estimated_landing_time": 1134.0,
        "wait_time": 0,
        "Landing_success_rate": 0.8837
    },
    {
        "model": 0,
        "sequence": 2,
        "status": 1,
        "fuel": 6824,
        "fault": 0.3637,
        "weapon": 0,
        "pilot_injury": 0.5721,
        "pilot_skill": 0.2976,
        "mission_priority": 0.9971,
        "estimated_landing_time": 194.0,
        "wait_time": 0,
        "Landing_success_rate": 0.9132
    },
    {
        "model": 1,
        "sequence": 4,
        "status": 1,
        "fuel": 7383,
        "fault": 0.9971,
        "weapon": 0,
        "pilot_injury": 0.5598,
        "pilot_skill": 0.4158,
        "mission_priority": 0.8883,
        "estimated_landing_time": 382.0,
        "wait_time": 0,
        "Landing_success_rate": 0.8504
    },
    {
        "model": 2,
        "sequence": 7,
        "status": 1,
        "fuel": 6581,
        "fault": 0.8559,
        "weapon": 0,
        "pilot_injury": 0.8402,
        "pilot_skill": 0.8243,
        "mission_priority": 0.7222,
        "estimated_landing_time": 664.0,
        "wait_time": 0,
        "Landing_success_rate": 0.8617
    },
    {
        "model": 2,
        "sequence": 8,
        "status": 1,
        "fuel": 6549,
        "fault": 0.8677,
        "weapon": 1,
        "pilot_injury": 0.1147,
        "pilot_skill": 0.8425,
        "mission_priority": 0.4982,
        "estimated_landing_time": 758.0,
        "wait_time": 0,
        "Landing_success_rate": 0.8604
    },
    {
        "model": 2,
        "sequence": 10,
        "status": 1,
        "fuel": 7348,
        "fault": 0.6875,
        "weapon": 1,
        "pilot_injury": 0.1592,
        "pilot_skill": 0.751,
        "mission_priority": 0.7109,
        "estimated_landing_time": 946.0,
        "wait_time": 0,
        "Landing_success_rate": 0.8933
    },
    {
        "model": 2,
        "sequence": 22,
        "status": 1,
        "fuel": 7053,
        "fault": 0.1784,
        "weapon": 1,
        "pilot_injury": 0.2813,
        "pilot_skill": 0.793,
        "mission_priority": 0.4888,
        "estimated_landing_time": 2074.0,
        "wait_time": 0,
        "Landing_success_rate": 0.9457
    },
    {
        "model": 1,
        "sequence": 24,
        "status": 1,
        "fuel": 7105,
        "fault": 0.0917,
        "weapon": 1,
        "pilot_injury": 0.3471,
        "pilot_skill": 0.8414,
        "mission_priority": 0.0353,
        "estimated_landing_time": 2262.0,
        "wait_time": 0,
        "Landing_success_rate": 0.9593
    },
    {
        "model": 2,
        "sequence": 5,
        "status": 1,
        "fuel": 6603,
        "fault": 0.4586,
        "weapon": 0,
        "pilot_injury": 0.4325,
        "pilot_skill": 0.6281,
        "mission_priority": 0.1227,
        "estimated_landing_time": 476.0,
        "wait_time": 0,
        "Landing_success_rate": 0.8948
    },
    {
        "model": 1,
        "sequence": 15,
        "status": 1,
        "fuel": 5776,
        "fault": 0.6223,
        "weapon": 0,
        "pilot_injury": 0.2353,
        "pilot_skill": 0.7223,
        "mission_priority": 0.435,
        "estimated_landing_time": 1416.0,
        "wait_time": 0,
        "Landing_success_rate": 0.8578
    },
    {
        "model": 0,
        "sequence": 23,
        "status": 1,
        "fuel": 7368,
        "fault": 0.3051,
        "weapon": 1,
        "pilot_injury": 0.4705,
        "pilot_skill": 0.9801,
        "mission_priority": 0.1953,
        "estimated_landing_time": 2168.0,
        "wait_time": 0,
        "Landing_success_rate": 0.9474
    },
    {
        "model": 2,
        "sequence": 3,
        "status": 1,
        "fuel": 7477,
        "fault": 0.6348,
        "weapon": 1,
        "pilot_injury": 0.5651,
        "pilot_skill": 0.6151,
        "mission_priority": 0.5022,
        "estimated_landing_time": 288.0,
        "wait_time": 0,
        "Landing_success_rate": 0.9042
    },
    {
        "model": 0,
        "sequence": 1,
        "status": 1,
        "fuel": 6216,
        "fault": 0.8329,
        "weapon": 1,
        "pilot_injury": 0.827,
        "pilot_skill": 0.1742,
        "mission_priority": 0.4133,
        "estimated_landing_time": 100.0,
        "wait_time": 0,
        "Landing_success_rate": 0.859
    },
    {
        "model": 2,
        "sequence": 16,
        "status": 1,
        "fuel": 6172,
        "fault": 0.5014,
        "weapon": 0,
        "pilot_injury": 0.9511,
        "pilot_skill": 0.8994,
        "mission_priority": 0.1584,
        "estimated_landing_time": 1510.0,
        "wait_time": 0,
        "Landing_success_rate": 0.8751
    },
    {
        "model": 0,
        "sequence": 20,
        "status": 1,
        "fuel": 6125,
        "fault": 0.0411,
        "weapon": 1,
        "pilot_injury": 0.3769,
        "pilot_skill": 0.3945,
        "mission_priority": 0.4599,
        "estimated_landing_time": 1886.0,
        "wait_time": 0,
        "Landing_success_rate": 0.8949
    },
    {
        "model": 0,
        "sequence": 11,
        "status": 1,
        "fuel": 5590,
        "fault": 0.3573,
        "weapon": 0,
        "pilot_injury": 0.0229,
        "pilot_skill": 0.1412,
        "mission_priority": 0.4401,
        "estimated_landing_time": 1040.0,
        "wait_time": 0,
        "Landing_success_rate": 0.8543
    },
    {
        "model": 0,
        "sequence": 21,
        "status": 1,
        "fuel": 6033,
        "fault": 0.1585,
        "weapon": 0,
        "pilot_injury": 0.1067,
        "pilot_skill": 0.9175,
        "mission_priority": 0.8953,
        "estimated_landing_time": 1980.0,
        "wait_time": 0,
        "Landing_success_rate": 0.8836
    },
    {
        "model": 0,
        "sequence": 13,
        "status": 1,
        "fuel": 5876,
        "fault": 0.2733,
        "weapon": 1,
        "pilot_injury": 0.107,
        "pilot_skill": 0.4381,
        "mission_priority": 0.1314,
        "estimated_landing_time": 1228.0,
        "wait_time": 0,
        "Landing_success_rate": 0.8705
    },
    {
        "model": 0,
        "sequence": 14,
        "status": 1,
        "fuel": 6190,
        "fault": 0.5998,
        "weapon": 1,
        "pilot_injury": 0.5853,
        "pilot_skill": 0.7794,
        "mission_priority": 0.9206,
        "estimated_landing_time": 1322.0,
        "wait_time": 0,
        "Landing_success_rate": 0.8707
    },
    {
        "model": 1,
        "sequence": 9,
        "status": 1,
        "fuel": 6393,
        "fault": 0.158,
        "weapon": 1,
        "pilot_injury": 0.466,
        "pilot_skill": 0.6054,
        "mission_priority": 0.0942,
        "estimated_landing_time": 852.0,
        "wait_time": 0,
        "Landing_success_rate": 0.9064
    },
    {
        "model": 1,
        "sequence": 17,
        "status": 1,
        "fuel": 7394,
        "fault": 0.31,
        "weapon": 0,
        "pilot_injury": 0.0401,
        "pilot_skill": 0.9199,
        "mission_priority": 0.4893,
        "estimated_landing_time": 1604.0,
        "wait_time": 0,
        "Landing_success_rate": 0.948
    },
    {
        "model": 2,
        "sequence": 18,
        "status": 1,
        "fuel": 6458,
        "fault": 0.1458,
        "weapon": 0,
        "pilot_injury": 0.8158,
        "pilot_skill": 0.0614,
        "mission_priority": 0.2471,
        "estimated_landing_time": 1698.0,
        "wait_time": 0,
        "Landing_success_rate": 0.9114
    }
]