[
    {
        "model": 1,
        "sequence": 15,
        "status": 1,
        "fuel": 5520,
        "fault": 0.6236,
        "weapon": 0,
        "pilot_injury": 0.6798,
        "pilot_skill": 0.2933,
        "mission_priority": 0.7954,
        "estimated_landing_time": 1416.0,
        "wait_time": 0,
        "Landing_success_rate": 0.8506
    },
    {
        "model": 1,
        "sequence": 5,
        "status": 1,
        "fuel": 6528,
        "fault": 0.9864,
        "weapon": 0,
        "pilot_injury": 0.9343,
        "pilot_skill": 0.0206,
        "mission_priority": 0.0111,
        "estimated_landing_time": 476.0,
        "wait_time": 0,
        "Landing_success_rate": 0.851
    },
    {
        "model": 0,
        "sequence": 13,
        "status": 1,
        "fuel": 6887,
        "fault": 0.1527,
        "weapon": 0,
        "pilot_injury": 0.293,
        "pilot_skill": 0.4944,
        "mission_priority": 0.0419,
        "estimated_landing_time": 1228.0,
        "wait_time": 0,
        "Landing_success_rate": 0.9381
    },
    {
        "model": 1,
        "sequence": 22,
        "status": 1,
        "fuel": 6904,
        "fault": 0.9152,
        "weapon": 1,
        "pilot_injury": 0.834,
        "pilot_skill": 0.4797,
        "mission_priority": 0.5864,
        "estimated_landing_time": 2074.0,
        "wait_time": 0,
        "Landing_success_rate": 0.8589
    },
    {
        "model": 2,
        "sequence": 24,
        "status": 1,
        "fuel": 6551,
        "fault": 0.7928,
        "weapon": 0,
        "pilot_injury": 0.7007,
        "pilot_skill": 0.8617,
        "mission_priority": 0.2026,
        "estimated_landing_time": 2262.0,
        "wait_time": 0,
        "Landing_success_rate": 0.8663
    },
    {
        "model": 2,
        "sequence": 3,
        "status": 1,
        "fuel": 7354,
        "fault": 0.4078,
        "weapon": 0,
        "pilot_injury": 0.9832,
        "pilot_skill": 0.2232,
        "mission_priority": 0.0664,
        "estimated_landing_time": 288.0,
        "wait_time": 0,
        "Landing_success_rate": 0.9323
    },
    {
        "model": 1,
        "sequence": 21,
        "status": 1,
        "fuel": 7150,
        "fault": 0.1361,
        "weapon": 0,
        "pilot_injury": 0.441,
        "pilot_skill": 0.6188,
        "mission_priority": 0.8995,
        "estimated_landing_time": 1980.0,
        "wait_time": 0,
        "Landing_success_rate": 0.9569
    },
    {
        "model": 1,
        "sequence": 9,
        "status": 1,
        "fuel": 5639,
        "fault": 0.85,
        "weapon": 0,
        "pilot_injury": 0.3827,
        "pilot_skill": 0.9569,
        "mission_priority": 0.2882,
        "estimated_landing_time": 852.0,
        "wait_time": 0,
        "Landing_success_rate": 0.8516
    },
    {
        "model": 0,
        "sequence": 11,
        "status": 1,
        "fuel": 7498,
        "fault": 0.3925,
        "weapon": 1,
        "pilot_injury": 0.3663,
        "pilot_skill": 0.4703,
        "mission_priority": 0.5603,
        "estimated_landing_time": 1040.0,
        "wait_time": 0,
        "Landing_success_rate": 0.941
    },
    {
        "model": 0,
        "sequence": 20,
        "status": 1,
        "fuel": 6421,
        "fault": 0.0449,
        "weapon": 1,
        "pilot_injury": 0.0359,
        "pilot_skill": 0.7127,
        "mission_priority": 0.8242,
        "estimated_landing_time": 1886.0,
        "wait_time": 0,
        "Landing_success_rate": 0.916
    },
    {
        "model": 2,
        "sequence": 18,
        "status": 1,
        "fuel": 7130,
        "fault": 0.9,
        "weapon": 1,
        "pilot_injury": 0.3136,
        "pilot_skill": 0.8393,
        "mission_priority": 0.7776,
        "estimated_landing_time": 1698.0,
        "wait_time": 0,
        "Landing_success_rate": 0.8622
    },
    {
        "model": 1,
        "sequence": 8,
        "status": 1,
        "fuel": 6511,
        "fault": 0.746,
        "weapon": 1,
        "pilot_injury": 0.6518,
        "pilot_skill": 0.0657,
        "mission_priority": 0.1004,
        "estimated_landing_time": 758.0,
        "wait_time": 0,
        "Landing_success_rate": 0.8693
    },
    {
        "model": 2,
        "sequence": 12,
        "status": 1,
        "fuel": 6360,
        "fault": 0.5179,
        "weapon": 0,
        "pilot_injury": 0.462,
        "pilot_skill": 0.3391,
        "mission_priority": 0.0338,
        "estimated_landing_time": 1134.0,
        "wait_time": 0,
        "Landing_success_rate": 0.8811
    },
    {
        "model": 1,
        "sequence": 16,
        "status": 1,
        "fuel": 6774,
        "fault": 0.5152,
        "weapon": 0,
        "pilot_injury": 0.4312,
        "pilot_skill": 0.2121,
        "mission_priority": 0.2935,
        "estimated_landing_time": 1510.0,
        "wait_time": 0,
        "Landing_success_rate": 0.8963
    },
    {
        "model": 2,
        "sequence": 23,
        "status": 1,
        "fuel": 6820,
        "fault": 0.5315,
        "weapon": 0,
        "pilot_injury": 0.2459,
        "pilot_skill": 0.8331,
        "mission_priority": 0.5481,
        "estimated_landing_time": 2168.0,
        "wait_time": 0,
        "Landing_success_rate": 0.8964
    },
    {
        "model": 2,
        "sequence": 10,
        "status": 1,
        "fuel": 7144,
        "fault": 0.0336,
        "weapon": 0,
        "pilot_injury": 0.9093,
        "pilot_skill": 0.2547,
        "mission_priority": 0.6167,
        "estimated_landing_time": 946.0,
        "wait_time": 0,
        "Landing_success_rate": 0.9692
    },
    {
        "model": 2,
        "sequence": 14,
        "status": 1,
        "fuel": 6572,
        "fault": 0.3441,
        "weapon": 1,
        "pilot_injury": 0.4185,
        "pilot_skill": 0.8548,
        "mission_priority": 0.5639,
        "estimated_landing_time": 1322.0,
        "wait_time": 0,
        "Landing_success_rate": 0.9027
    },
    {
        "model": 1,
        "sequence": 7,
        "status": 1,
        "fuel": 6071,
        "fault": 0.1891,
        "weapon": 0,
        "pilot_injury": 0.9969,
        "pilot_skill": 0.7311,
        "mission_priority": 0.3145,
        "estimated_landing_time": 664.0,
        "wait_time": 0,
        "Landing_success_rate": 0.8847
    },
    {
        "model": 0,
        "sequence": 19,
        "status": 1,
        "fuel": 6720,
        "fault": 0.3844,
        "weapon": 0,
        "pilot_injury": 0.0979,
        "pilot_skill": 0.0536,
        "mission_priority": 0.5808,
        "estimated_landing_time": 1792.0,
        "wait_time": 0,
        "Landing_success_rate": 0.9063
    },
    {
        "model": 0,
        "sequence": 4,
        "status": 1,
        "fuel": 6217,
        "fault": 0.4666,
        "weapon": 1,
        "pilot_injury": 0.5666,
        "pilot_skill": 0.3718,
        "mission_priority": 0.8925,
        "estimated_landing_time": 382.0,
        "wait_time": 0,
        "Landing_success_rate": 0.8787
    },
    {
        "model": 1,
        "sequence": 1,
        "status": 1,
        "fuel": 6512,
        "fault": 0.2753,
        "weapon": 1,
        "pilot_injury": 0.9709,
        "pilot_skill": 0.345,
        "mission_priority": 0.7418,
        "estimated_landing_time": 100.0,
        "wait_time": 0,
        "Landing_success_rate": 0.905
    },
    {
        "model": 0,
        "sequence": 6,
        "status": 1,
        "fuel": 5946,
        "fault": 0.1005,
        "weapon": 0,
        "pilot_injury": 0.9925,
        "pilot_skill": 0.8094,
        "mission_priority": 0.1376,
        "estimated_landing_time": 570.0,
        "wait_time": 0,
        "Landing_success_rate": 0.8801
    },
    {
        "model": 2,
        "sequence": 17,
        "status": 1,
        "fuel": 6476,
        "fault": 0.1731,
        "weapon": 0,
        "pilot_injury": 0.8849,
        "pilot_skill": 0.1948,
        "mission_priority": 0.7312,
        "estimated_landing_time": 1604.0,
        "wait_time": 0,
        "Landing_success_rate": 0.9105
    },
    {
        "model": 1,
        "sequence": 2,
        "status": 1,
        "fuel": 5539,
        "fault": 0.4218,
        "weapon": 0,
        "pilot_injury": 0.6834,
        "pilot_skill": 0.5229,
        "mission_priority": 0.6499,
        "estimated_landing_time": 194.0,
        "wait_time": 0,
        "Landing_success_rate": 0.8517
    }
]