[
    {
        "model": 2,
        "sequence": 7,
        "status": 1,
        "fuel": 6875,
        "fault": 0.8579,
        "weapon": 0,
        "pilot_injury": 0.7826,
        "pilot_skill": 0.552,
        "mission_priority": 0.9532,
        "estimated_landing_time": 664.0,
        "wait_time": 0,
        "Landing_success_rate": 0.8647
    },
    {
        "model": 2,
        "sequence": 23,
        "status": 1,
        "fuel": 5978,
        "fault": 0.9015,
        "weapon": 1,
        "pilot_injury": 0.7383,
        "pilot_skill": 0.8902,
        "mission_priority": 0.9568,
        "estimated_landing_time": 2168.0,
        "wait_time": 0,
        "Landing_success_rate": 0.8535
    },
    {
        "model": 0,
        "sequence": 2,
        "status": 1,
        "fuel": 7172,
        "fault": 0.8152,
        "weapon": 0,
        "pilot_injury": 0.6743,
        "pilot_skill": 0.3902,
        "mission_priority": 0.8191,
        "estimated_landing_time": 194.0,
        "wait_time": 0,
        "Landing_success_rate": 0.8732
    },
    {
        "model": 0,
        "sequence": 24,
        "status": 1,
        "fuel": 6559,
        "fault": 0.5196,
        "weapon": 0,
        "pilot_injury": 0.1352,
        "pilot_skill": 0.2902,
        "mission_priority": 0.9691,
        "estimated_landing_time": 2262.0,
        "wait_time": 0,
        "Landing_success_rate": 0.8882
    },
    {
        "model": 1,
        "sequence": 18,
        "status": 1,
        "fuel": 5671,
        "fault": 0.5695,
        "weapon": 0,
        "pilot_injury": 0.0845,
        "pilot_skill": 0.8536,
        "mission_priority": 0.703,
        "estimated_landing_time": 1698.0,
        "wait_time": 0,
        "Landing_success_rate": 0.8555
    },
    {
        "model": 2,
        "sequence": 19,
        "status": 1,
        "fuel": 5795,
        "fault": 0.8261,
        "weapon": 1,
        "pilot_injury": 0.3577,
        "pilot_skill": 0.0023,
        "mission_priority": 0.2779,
        "estimated_landing_time": 1792.0,
        "wait_time": 0,
        "Landing_success_rate": 0.8538
    },
    {
        "model": 0,
        "sequence": 4,
        "status": 1,
        "fuel": 6654,
        "fault": 0.6644,
        "weapon": 0,
        "pilot_injury": 0.5624,
        "pilot_skill": 0.0061,
        "mission_priority": 0.7127,
        "estimated_landing_time": 382.0,
        "wait_time": 0,
        "Landing_success_rate": 0.879
    },
    {
        "model": 1,
        "sequence": 11,
        "status": 1,
        "fuel": 5618,
        "fault": 0.1484,
        "weapon": 1,
        "pilot_injury": 0.337,
        "pilot_skill": 0.771,
        "mission_priority": 0.1066,
        "estimated_landing_time": 1040.0,
        "wait_time": 0,
        "Landing_success_rate": 0.8575
    },
    {
        "model": 2,
        "sequence": 9,
        "status": 1,
        "fuel": 6132,
        "fault": 0.8219,
        "weapon": 1,
        "pilot_injury": 0.9684,
        "pilot_skill": 0.5921,
        "mission_priority": 0.7199,
        "estimated_landing_time": 852.0,
        "wait_time": 0,
        "Landing_success_rate": 0.8584
    },
    {
        "model": 2,
        "sequence": 15,
        "status": 1,
        "fuel": 6573,
        "fault": 0.29,
        "weapon": 1,
        "pilot_injury": 0.5949,
        "pilot_skill": 0.1314,
        "mission_priority": 0.4012,
        "estimated_landing_time": 1416.0,
        "wait_time": 0,
        "Landing_success_rate": 0.9071
    },
    {
        "model": 0,
        "sequence": 12,
        "status": 1,
        "fuel": 5878,
        "fault": 0.4196,
        "weapon": 0,
        "pilot_injury": 0.1191,
        "pilot_skill": 0.0344,
        "mission_priority": 0.7982,
        "estimated_landing_time": 1134.0,
        "wait_time": 0,
        "Landing_success_rate": 0.8665
    },
    {
        "model": 2,
        "sequence": 10,
        "status": 1,
        "fuel": 6924,
        "fault": 0.1978,
        "weapon": 1,
        "pilot_injury": 0.1274,
        "pilot_skill": 0.8926,
        "mission_priority": 0.7691,
        "estimated_landing_time": 946.0,
        "wait_time": 0,
        "Landing_success_rate": 0.9357
    },
    {
        "model": 2,
        "sequence": 17,
        "status": 1,
        "fuel": 6628,
        "fault": 0.682,
        "weapon": 1,
        "pilot_injury": 0.4878,
        "pilot_skill": 0.2365,
        "mission_priority": 0.6228,
        "estimated_landing_time": 1604.0,
        "wait_time": 0,
        "Landing_success_rate": 0.8769
    },
    {
        "model": 0,
        "sequence": 21,
        "status": 1,
        "fuel": 5901,
        "fault": 0.9497,
        "weapon": 0,
        "pilot_injury": 0.0719,
        "pilot_skill": 0.6936,
        "mission_priority": 0.4941,
        "estimated_landing_time": 1980.0,
        "wait_time": 0,
        "Landing_success_rate": 0.8515
    },
    {
        "model": 1,
        "sequence": 14,
        "status": 1,
        "fuel": 6037,
        "fault": 0.3738,
        "weapon": 1,
        "pilot_injury": 0.7403,
        "pilot_skill": 0.4617,
        "mission_priority": 0.9844,
        "estimated_landing_time": 1322.0,
        "wait_time": 0,
        "Landing_success_rate": 0.8752
    },
    {
        "model": 1,
        "sequence": 20,
        "status": 1,
        "fuel": 6325,
        "fault": 0.2814,
        "weapon": 1,
        "pilot_injury": 0.9927,
        "pilot_skill": 0.0228,
        "mission_priority": 0.5499,
        "estimated_landing_time": 1886.0,
        "wait_time": 0,
        "Landing_success_rate": 0.8945
    },
    {
        "model": 0,
        "sequence": 16,
        "status": 1,
        "fuel": 5960,
        "fault": 0.2283,
        "weapon": 0,
        "pilot_injury": 0.5587,
        "pilot_skill": 0.2401,
        "mission_priority": 0.5569,
        "estimated_landing_time": 1510.0,
        "wait_time": 0,
        "Landing_success_rate": 0.8766
    },
    {
        "model": 0,
        "sequence": 22,
        "status": 1,
        "fuel": 5648,
        "fault": 0.6825,
        "weapon": 0,
        "pilot_injury": 0.3834,
        "pilot_skill": 0.2682,
        "mission_priority": 0.8206,
        "estimated_landing_time": 2074.0,
        "wait_time": 0,
        "Landing_success_rate": 0.8535
    },
    {
        "model": 1,
        "sequence": 13,
        "status": 1,
        "fuel": 5529,
        "fault": 0.8712,
        "weapon": 1,
        "pilot_injury": 0.2719,
        "pilot_skill": 0.8609,
        "mission_priority": 0.6486,
        "estimated_landing_time": 1228.0,
        "wait_time": 0,
        "Landing_success_rate": 0.8503
    },
    {
        "model": 1,
        "sequence": 8,
        "status": 1,
        "fuel": 6744,
        "fault": 0.5331,
        "weapon": 0,
        "pilot_injury": 0.1719,
        "pilot_skill": 0.9794,
        "mission_priority": 0.1827,
        "estimated_landing_time": 758.0,
        "wait_time": 0,
        "Landing_success_rate": 0.8936
    },
    {
        "model": 0,
        "sequence": 1,
        "status": 1,
        "fuel": 7408,
        "fault": 0.9269,
        "weapon": 1,
        "pilot_injury": 0.3737,
        "pilot_skill": 0.4401,
        "mission_priority": 0.9214,
        "estimated_landing_time": 100.0,
        "wait_time": 0,
        "Landing_success_rate": 0.8605
    },
    {
        "model": 0,
        "sequence": 6,
        "status": 1,
        "fuel": 6359,
        "fault": 0.2008,
        "weapon": 0,
        "pilot_injury": 0.3767,
        "pilot_skill": 0.0045,
        "mission_priority": 0.6816,
        "estimated_landing_time": 570.0,
        "wait_time": 0,
        "Landing_success_rate": 0.9015
    },
    {
        "model": 0,
        "sequence": 3,
        "status": 1,
        "fuel": 6826,
        "fault": 0.9748,
        "weapon": 0,
        "pilot_injury": 0.7949,
        "pilot_skill": 0.4397,
        "mission_priority": 0.7481,
        "estimated_landing_time": 288.0,
        "wait_time": 0,
        "Landing_success_rate": 0.8525
    },
    {
        "model": 2,
        "sequence": 5,
        "status": 1,
        "fuel": 5791,
        "fault": 0.4538,
        "weapon": 0,
        "pilot_injury": 0.5825,
        "pilot_skill": 0.7785,
        "mission_priority": 0.4946,
        "estimated_landing_time": 476.0,
        "wait_time": 0,
        "Landing_success_rate": 0.8619
    }
]