[
    {
        "model": 1,
        "sequence": 6,
        "status": 1,
        "fuel": 5608,
        "fault": 0.8133,
        "weapon": 0,
        "pilot_injury": 0.0391,
        "pilot_skill": 0.7426,
        "mission_priority": 0.3309,
        "estimated_landing_time": 570.0,
        "wait_time": 0,
        "Landing_success_rate": 0.8515
    },
    {
        "model": 0,
        "sequence": 19,
        "status": 1,
        "fuel": 5755,
        "fault": 0.2465,
        "weapon": 1,
        "pilot_injury": 0.5348,
        "pilot_skill": 0.7774,
        "mission_priority": 0.581,
        "estimated_landing_time": 1792.0,
        "wait_time": 0,
        "Landing_success_rate": 0.8644
    },
    {
        "model": 0,
        "sequence": 13,
        "status": 1,
        "fuel": 5612,
        "fault": 0.1504,
        "weapon": 1,
        "pilot_injury": 0.5891,
        "pilot_skill": 0.0127,
        "mission_priority": 0.9016,
        "estimated_landing_time": 1228.0,
        "wait_time": 0,
        "Landing_success_rate": 0.8571
    },
    {
        "model": 1,
        "sequence": 21,
        "status": 1,
        "fuel": 6719,
        "fault": 0.7492,
        "weapon": 1,
        "pilot_injury": 0.8827,
        "pilot_skill": 0.445,
        "mission_priority": 0.5077,
        "estimated_landing_time": 1980.0,
        "wait_time": 0,
        "Landing_success_rate": 0.8729
    },
    {
        "model": 2,
        "sequence": 24,
        "status": 1,
        "fuel": 5805,
        "fault": 0.3199,
        "weapon": 1,
        "pilot_injury": 0.8951,
        "pilot_skill": 0.7881,
        "mission_priority": 0.1265,
        "estimated_landing_time": 2262.0,
        "wait_time": 0,
        "Landing_success_rate": 0.8656
    },
    {
        "model": 2,
        "sequence": 3,
        "status": 1,
        "fuel": 5861,
        "fault": 0.819,
        "weapon": 0,
        "pilot_injury": 0.5956,
        "pilot_skill": 0.7859,
        "mission_priority": 0.7691,
        "estimated_landing_time": 288.0,
        "wait_time": 0,
        "Landing_success_rate": 0.8549
    },
    {
        "model": 0,
        "sequence": 10,
        "status": 1,
        "fuel": 5693,
        "fault": 0.4012,
        "weapon": 1,
        "pilot_injury": 0.7241,
        "pilot_skill": 0.5,
        "mission_priority": 0.5706,
        "estimated_landing_time": 946.0,
        "wait_time": 0,
        "Landing_success_rate": 0.8587
    },
    {
        "model": 1,
        "sequence": 8,
        "status": 1,
        "fuel": 7135,
        "fault": 0.4608,
        "weapon": 0,
        "pilot_injury": 0.2715,
        "pilot_skill": 0.1468,
        "mission_priority": 0.2918,
        "estimated_landing_time": 758.0,
        "wait_time": 0,
        "Landing_success_rate": 0.9161
    },
    {
        "model": 2,
        "sequence": 11,
        "status": 1,
        "fuel": 5509,
        "fault": 0.8668,
        "weapon": 1,
        "pilot_injury": 0.5684,
        "pilot_skill": 0.0535,
        "mission_priority": 0.5098,
        "estimated_landing_time": 1040.0,
        "wait_time": 0,
        "Landing_success_rate": 0.8501
    },
    {
        "model": 2,
        "sequence": 4,
        "status": 1,
        "fuel": 6088,
        "fault": 0.1475,
        "weapon": 1,
        "pilot_injury": 0.4225,
        "pilot_skill": 0.2842,
        "mission_priority": 0.9041,
        "estimated_landing_time": 382.0,
        "wait_time": 0,
        "Landing_success_rate": 0.8876
    },
    {
        "model": 0,
        "sequence": 17,
        "status": 1,
        "fuel": 6031,
        "fault": 0.9599,
        "weapon": 0,
        "pilot_injury": 0.9246,
        "pilot_skill": 0.5387,
        "mission_priority": 0.8764,
        "estimated_landing_time": 1604.0,
        "wait_time": 0,
        "Landing_success_rate": 0.8516
    },
    {
        "model": 2,
        "sequence": 20,
        "status": 1,
        "fuel": 6576,
        "fault": 0.7728,
        "weapon": 1,
        "pilot_injury": 0.457,
        "pilot_skill": 0.0081,
        "mission_priority": 0.4433,
        "estimated_landing_time": 1886.0,
        "wait_time": 0,
        "Landing_success_rate": 0.8683
    },
    {
        "model": 1,
        "sequence": 23,
        "status": 1,
        "fuel": 6501,
        "fault": 0.4661,
        "weapon": 0,
        "pilot_injury": 0.9383,
        "pilot_skill": 0.0858,
        "mission_priority": 0.3275,
        "estimated_landing_time": 2168.0,
        "wait_time": 0,
        "Landing_success_rate": 0.8901
    },
    {
        "model": 2,
        "sequence": 22,
        "status": 1,
        "fuel": 6026,
        "fault": 0.138,
        "weapon": 1,
        "pilot_injury": 0.7748,
        "pilot_skill": 0.4434,
        "mission_priority": 0.0272,
        "estimated_landing_time": 2074.0,
        "wait_time": 0,
        "Landing_success_rate": 0.884
    },
    {
        "model": 1,
        "sequence": 16,
        "status": 1,
        "fuel": 5973,
        "fault": 0.2197,
        "weapon": 0,
        "pilot_injury": 0.5139,
        "pilot_skill": 0.5811,
        "mission_priority": 0.1629,
        "estimated_landing_time": 1510.0,
        "wait_time": 0,
        "Landing_success_rate": 0.8777
    },
    {
        "model": 1,
        "sequence": 7,
        "status": 1,
        "fuel": 5667,
        "fault": 0.3872,
        "weapon": 1,
        "pilot_injury": 0.4307,
        "pilot_skill": 0.9281,
        "mission_priority": 0.5218,
        "estimated_landing_time": 664.0,
        "wait_time": 0,
        "Landing_success_rate": 0.8577
    },
    {
        "model": 0,
        "sequence": 2,
        "status": 1,
        "fuel": 7462,
        "fault": 0.4931,
        "weapon": 1,
        "pilot_injury": 0.384,
        "pilot_skill": 0.6233,
        "mission_priority": 0.44,
        "estimated_landing_time": 194.0,
        "wait_time": 0,
        "Landing_success_rate": 0.9246
    },
    {
        "model": 2,
        "sequence": 5,
        "status": 1,
        "fuel": 6521,
        "fault": 0.3507,
        "weapon": 0,
        "pilot_injury": 0.2418,
        "pilot_skill": 0.0789,
        "mission_priority": 0.0244,
        "estimated_landing_time": 476.0,
        "wait_time": 0,
        "Landing_success_rate": 0.8997
    },
    {
        "model": 0,
        "sequence": 12,
        "status": 1,
        "fuel": 6871,
        "fault": 0.0597,
        "weapon": 1,
        "pilot_injury": 0.3363,
        "pilot_skill": 0.7729,
        "mission_priority": 0.7163,
        "estimated_landing_time": 1134.0,
        "wait_time": 0,
        "Landing_success_rate": 0.9467
    },
    {
        "model": 2,
        "sequence": 9,
        "status": 1,
        "fuel": 5682,
        "fault": 0.5031,
        "weapon": 1,
        "pilot_injury": 0.2821,
        "pilot_skill": 0.8851,
        "mission_priority": 0.3992,
        "estimated_landing_time": 852.0,
        "wait_time": 0,
        "Landing_success_rate": 0.8568
    },
    {
        "model": 0,
        "sequence": 14,
        "status": 1,
        "fuel": 5973,
        "fault": 0.3481,
        "weapon": 0,
        "pilot_injury": 0.0981,
        "pilot_skill": 0.9755,
        "mission_priority": 0.1385,
        "estimated_landing_time": 1322.0,
        "wait_time": 0,
        "Landing_success_rate": 0.8731
    },
    {
        "model": 0,
        "sequence": 15,
        "status": 1,
        "fuel": 5855,
        "fault": 0.4459,
        "weapon": 0,
        "pilot_injury": 0.0747,
        "pilot_skill": 0.1523,
        "mission_priority": 0.0449,
        "estimated_landing_time": 1416.0,
        "wait_time": 0,
        "Landing_success_rate": 0.8648
    },
    {
        "model": 0,
        "sequence": 18,
        "status": 1,
        "fuel": 6875,
        "fault": 0.7827,
        "weapon": 0,
        "pilot_injury": 0.3394,
        "pilot_skill": 0.1237,
        "mission_priority": 0.6457,
        "estimated_landing_time": 1698.0,
        "wait_time": 0,
        "Landing_success_rate": 0.8724
    },
    {
        "model": 2,
        "sequence": 1,
        "status": 1,
        "fuel": 6747,
        "fault": 0.1387,
        "weapon": 1,
        "pilot_injury": 0.2796,
        "pilot_skill": 0.9718,
        "mission_priority": 0.1788,
        "estimated_landing_time": 100.0,
        "wait_time": 0,
        "Landing_success_rate": 0.9306
    }
]