[
    {
        "model": 2,
        "sequence": 16,
        "status": 1,
        "fuel": 5773,
        "fault": 0.2268,
        "weapon": 0,
        "pilot_injury": 0.7388,
        "pilot_skill": 0.7498,
        "mission_priority": 0.1439,
        "estimated_landing_time": 1510.0,
        "wait_time": 0,
        "Landing_success_rate": 0.8658
    },
    {
        "model": 2,
        "sequence": 11,
        "status": 1,
        "fuel": 6160,
        "fault": 0.4205,
        "weapon": 0,
        "pilot_injury": 0.8372,
        "pilot_skill": 0.6813,
        "mission_priority": 0.6059,
        "estimated_landing_time": 1040.0,
        "wait_time": 0,
        "Landing_success_rate": 0.8787
    },
    {
        "model": 1,
        "sequence": 22,
        "status": 1,
        "fuel": 6973,
        "fault": 0.9115,
        "weapon": 0,
        "pilot_injury": 0.6677,
        "pilot_skill": 0.913,
        "mission_priority": 0.437,
        "estimated_landing_time": 2074.0,
        "wait_time": 0,
        "Landing_success_rate": 0.8598
    },
    {
        "model": 0,
        "sequence": 1,
        "status": 1,
        "fuel": 6794,
        "fault": 0.8546,
        "weapon": 0,
        "pilot_injury": 0.0237,
        "pilot_skill": 0.5203,
        "mission_priority": 0.9882,
        "estimated_landing_time": 100.0,
        "wait_time": 0,
        "Landing_success_rate": 0.8641
    },
    {
        "model": 0,
        "sequence": 15,
        "status": 1,
        "fuel": 6351,
        "fault": 0.0401,
        "weapon": 1,
        "pilot_injury": 0.6212,
        "pilot_skill": 0.4814,
        "mission_priority": 0.9905,
        "estimated_landing_time": 1416.0,
        "wait_time": 0,
        "Landing_success_rate": 0.9113
    },
    {
        "model": 0,
        "sequence": 6,
        "status": 1,
        "fuel": 7383,
        "fault": 0.5376,
        "weapon": 1,
        "pilot_injury": 0.7618,
        "pilot_skill": 0.331,
        "mission_priority": 0.5031,
        "estimated_landing_time": 570.0,
        "wait_time": 0,
        "Landing_success_rate": 0.9153
    },
    {
        "model": 1,
        "sequence": 9,
        "status": 1,
        "fuel": 7127,
        "fault": 0.9491,
        "weapon": 0,
        "pilot_injury": 0.3568,
        "pilot_skill": 0.889,
        "mission_priority": 0.7526,
        "estimated_landing_time": 852.0,
        "wait_time": 0,
        "Landing_success_rate": 0.8562
    },
    {
        "model": 2,
        "sequence": 12,
        "status": 1,
        "fuel": 6970,
        "fault": 0.1286,
        "weapon": 0,
        "pilot_injury": 0.6164,
        "pilot_skill": 0.4161,
        "mission_priority": 0.503,
        "estimated_landing_time": 1134.0,
        "wait_time": 0,
        "Landing_success_rate": 0.9461
    },
    {
        "model": 0,
        "sequence": 3,
        "status": 1,
        "fuel": 6069,
        "fault": 0.8987,
        "weapon": 0,
        "pilot_injury": 0.191,
        "pilot_skill": 0.5206,
        "mission_priority": 0.3561,
        "estimated_landing_time": 288.0,
        "wait_time": 0,
        "Landing_success_rate": 0.8543
    },
    {
        "model": 0,
        "sequence": 18,
        "status": 1,
        "fuel": 7273,
        "fault": 0.5955,
        "weapon": 0,
        "pilot_injury": 0.439,
        "pilot_skill": 0.8866,
        "mission_priority": 0.7341,
        "estimated_landing_time": 1698.0,
        "wait_time": 0,
        "Landing_success_rate": 0.9038
    },
    {
        "model": 0,
        "sequence": 17,
        "status": 1,
        "fuel": 7421,
        "fault": 0.3579,
        "weapon": 0,
        "pilot_injury": 0.0018,
        "pilot_skill": 0.3406,
        "mission_priority": 0.8132,
        "estimated_landing_time": 1604.0,
        "wait_time": 0,
        "Landing_success_rate": 0.9425
    },
    {
        "model": 0,
        "sequence": 21,
        "status": 1,
        "fuel": 6311,
        "fault": 0.5512,
        "weapon": 0,
        "pilot_injury": 0.2047,
        "pilot_skill": 0.9159,
        "mission_priority": 0.9232,
        "estimated_landing_time": 1980.0,
        "wait_time": 0,
        "Landing_success_rate": 0.8773
    },
    {
        "model": 1,
        "sequence": 20,
        "status": 1,
        "fuel": 7140,
        "fault": 0.063,
        "weapon": 1,
        "pilot_injury": 0.0752,
        "pilot_skill": 0.5985,
        "mission_priority": 0.1787,
        "estimated_landing_time": 1886.0,
        "wait_time": 0,
        "Landing_success_rate": 0.9653
    },
    {
        "model": 2,
        "sequence": 13,
        "status": 1,
        "fuel": 5609,
        "fault": 0.9468,
        "weapon": 0,
        "pilot_injury": 0.9409,
        "pilot_skill": 0.8293,
        "mission_priority": 0.0775,
        "estimated_landing_time": 1228.0,
        "wait_time": 0,
        "Landing_success_rate": 0.8504
    },
    {
        "model": 0,
        "sequence": 8,
        "status": 1,
        "fuel": 7052,
        "fault": 0.6018,
        "weapon": 1,
        "pilot_injury": 0.264,
        "pilot_skill": 0.8742,
        "mission_priority": 0.1143,
        "estimated_landing_time": 758.0,
        "wait_time": 0,
        "Landing_success_rate": 0.8964
    },
    {
        "model": 0,
        "sequence": 7,
        "status": 1,
        "fuel": 5983,
        "fault": 0.4231,
        "weapon": 0,
        "pilot_injury": 0.1908,
        "pilot_skill": 0.4519,
        "mission_priority": 0.9405,
        "estimated_landing_time": 664.0,
        "wait_time": 0,
        "Landing_success_rate": 0.8709
    },
    {
        "model": 2,
        "sequence": 4,
        "status": 1,
        "fuel": 5636,
        "fault": 0.9897,
        "weapon": 1,
        "pilot_injury": 0.8494,
        "pilot_skill": 0.9374,
        "mission_priority": 0.277,
        "estimated_landing_time": 382.0,
        "wait_time": 0,
        "Landing_success_rate": 0.8501
    },
    {
        "model": 1,
        "sequence": 5,
        "status": 1,
        "fuel": 7129,
        "fault": 0.0025,
        "weapon": 0,
        "pilot_injury": 0.3449,
        "pilot_skill": 0.6731,
        "mission_priority": 0.2722,
        "estimated_landing_time": 476.0,
        "wait_time": 0,
        "Landing_success_rate": 0.9719
    },
    {
        "model": 1,
        "sequence": 10,
        "status": 1,
        "fuel": 5685,
        "fault": 0.4387,
        "weapon": 1,
        "pilot_injury": 0.4532,
        "pilot_skill": 0.5664,
        "mission_priority": 0.6838,
        "estimated_landing_time": 946.0,
        "wait_time": 0,
        "Landing_success_rate": 0.8578
    },
    {
        "model": 1,
        "sequence": 19,
        "status": 1,
        "fuel": 5825,
        "fault": 0.3084,
        "weapon": 0,
        "pilot_injury": 0.2664,
        "pilot_skill": 0.948,
        "mission_priority": 0.3599,
        "estimated_landing_time": 1792.0,
        "wait_time": 0,
        "Landing_success_rate": 0.8669
    },
    {
        "model": 1,
        "sequence": 24,
        "status": 1,
        "fuel": 6763,
        "fault": 0.3611,
        "weapon": 0,
        "pilot_injury": 0.2654,
        "pilot_skill": 0.1789,
        "mission_priority": 0.6498,
        "estimated_landing_time": 2262.0,
        "wait_time": 0,
        "Landing_success_rate": 0.9105
    },
    {
        "model": 0,
        "sequence": 2,
        "status": 1,
        "fuel": 6662,
        "fault": 0.92,
        "weapon": 0,
        "pilot_injury": 0.5778,
        "pilot_skill": 0.7303,
        "mission_priority": 0.3985,
        "estimated_landing_time": 194.0,
        "wait_time": 0,
        "Landing_success_rate": 0.857
    },
    {
        "model": 2,
        "sequence": 14,
        "status": 1,
        "fuel": 7305,
        "fault": 0.862,
        "weapon": 1,
        "pilot_injury": 0.8831,
        "pilot_skill": 0.8245,
        "mission_priority": 0.0865,
        "estimated_landing_time": 1322.0,
        "wait_time": 0,
        "Landing_success_rate": 0.8687
    },
    {
        "model": 2,
        "sequence": 23,
        "status": 1,
        "fuel": 6539,
        "fault": 0.8389,
        "weapon": 0,
        "pilot_injury": 0.4859,
        "pilot_skill": 0.76,
        "mission_priority": 0.2111,
        "estimated_landing_time": 2168.0,
        "wait_time": 0,
        "Landing_success_rate": 0.8626
    }
]