[
    {
        "model": 2,
        "sequence": 11,
        "status": 1,
        "fuel": 7274,
        "fault": 0.5427,
        "weapon": 1,
        "pilot_injury": 0.354,
        "pilot_skill": 0.7245,
        "mission_priority": 0.301,
        "estimated_landing_time": 1040.0,
        "wait_time": 0,
        "Landing_success_rate": 0.9108
    },
    {
        "model": 2,
        "sequence": 23,
        "status": 1,
        "fuel": 6287,
        "fault": 0.3823,
        "weapon": 1,
        "pilot_injury": 0.7378,
        "pilot_skill": 0.15,
        "mission_priority": 0.5048,
        "estimated_landing_time": 2168.0,
        "wait_time": 0,
        "Landing_success_rate": 0.8865
    },
    {
        "model": 1,
        "sequence": 10,
        "status": 1,
        "fuel": 6383,
        "fault": 0.3022,
        "weapon": 0,
        "pilot_injury": 0.6175,
        "pilot_skill": 0.952,
        "mission_priority": 0.3107,
        "estimated_landing_time": 946.0,
        "wait_time": 0,
        "Landing_success_rate": 0.8962
    },
    {
        "model": 0,
        "sequence": 18,
        "status": 1,
        "fuel": 6548,
        "fault": 0.0971,
        "weapon": 0,
        "pilot_injury": 0.6505,
        "pilot_skill": 0.6731,
        "mission_priority": 0.1789,
        "estimated_landing_time": 1698.0,
        "wait_time": 0,
        "Landing_success_rate": 0.921
    },
    {
        "model": 1,
        "sequence": 1,
        "status": 1,
        "fuel": 6261,
        "fault": 0.8864,
        "weapon": 1,
        "pilot_injury": 0.471,
        "pilot_skill": 0.8008,
        "mission_priority": 0.4607,
        "estimated_landing_time": 100.0,
        "wait_time": 0,
        "Landing_success_rate": 0.8565
    },
    {
        "model": 2,
        "sequence": 9,
        "status": 1,
        "fuel": 6384,
        "fault": 0.239,
        "weapon": 1,
        "pilot_injury": 0.5448,
        "pilot_skill": 0.9245,
        "mission_priority": 0.5724,
        "estimated_landing_time": 852.0,
        "wait_time": 0,
        "Landing_success_rate": 0.9005
    },
    {
        "model": 2,
        "sequence": 13,
        "status": 1,
        "fuel": 7437,
        "fault": 0.1165,
        "weapon": 0,
        "pilot_injury": 0.5757,
        "pilot_skill": 0.2143,
        "mission_priority": 0.471,
        "estimated_landing_time": 1228.0,
        "wait_time": 0,
        "Landing_success_rate": 0.9784
    },
    {
        "model": 0,
        "sequence": 4,
        "status": 1,
        "fuel": 6907,
        "fault": 0.8726,
        "weapon": 1,
        "pilot_injury": 0.2596,
        "pilot_skill": 0.5817,
        "mission_priority": 0.241,
        "estimated_landing_time": 382.0,
        "wait_time": 0,
        "Landing_success_rate": 0.8634
    },
    {
        "model": 2,
        "sequence": 3,
        "status": 1,
        "fuel": 6716,
        "fault": 0.1115,
        "weapon": 0,
        "pilot_injury": 0.0373,
        "pilot_skill": 0.3206,
        "mission_priority": 0.2746,
        "estimated_landing_time": 288.0,
        "wait_time": 0,
        "Landing_success_rate": 0.931
    },
    {
        "model": 2,
        "sequence": 6,
        "status": 1,
        "fuel": 6455,
        "fault": 0.5545,
        "weapon": 0,
        "pilot_injury": 0.5222,
        "pilot_skill": 0.5532,
        "mission_priority": 0.9416,
        "estimated_landing_time": 570.0,
        "wait_time": 0,
        "Landing_success_rate": 0.8819
    },
    {
        "model": 1,
        "sequence": 17,
        "status": 1,
        "fuel": 6635,
        "fault": 0.9613,
        "weapon": 0,
        "pilot_injury": 0.098,
        "pilot_skill": 0.6343,
        "mission_priority": 0.8081,
        "estimated_landing_time": 1604.0,
        "wait_time": 0,
        "Landing_success_rate": 0.8533
    },
    {
        "model": 0,
        "sequence": 2,
        "status": 1,
        "fuel": 5765,
        "fault": 0.4093,
        "weapon": 1,
        "pilot_injury": 0.0175,
        "pilot_skill": 0.9737,
        "mission_priority": 0.4722,
        "estimated_landing_time": 194.0,
        "wait_time": 0,
        "Landing_success_rate": 0.8617
    },
    {
        "model": 1,
        "sequence": 20,
        "status": 1,
        "fuel": 6346,
        "fault": 0.8137,
        "weapon": 1,
        "pilot_injury": 0.4242,
        "pilot_skill": 0.2422,
        "mission_priority": 0.3273,
        "estimated_landing_time": 1886.0,
        "wait_time": 0,
        "Landing_success_rate": 0.8618
    },
    {
        "model": 1,
        "sequence": 22,
        "status": 1,
        "fuel": 6903,
        "fault": 0.6515,
        "weapon": 1,
        "pilot_injury": 0.5267,
        "pilot_skill": 0.8483,
        "mission_priority": 0.5274,
        "estimated_landing_time": 2074.0,
        "wait_time": 0,
        "Landing_success_rate": 0.8867
    },
    {
        "model": 1,
        "sequence": 7,
        "status": 1,
        "fuel": 5805,
        "fault": 0.0914,
        "weapon": 1,
        "pilot_injury": 0.1141,
        "pilot_skill": 0.13,
        "mission_priority": 0.6941,
        "estimated_landing_time": 664.0,
        "wait_time": 0,
        "Landing_success_rate": 0.8708
    },
    {
        "model": 2,
        "sequence": 21,
        "status": 1,
        "fuel": 6402,
        "fault": 0.9468,
        "weapon": 0,
        "pilot_injury": 0.0746,
        "pilot_skill": 0.4029,
        "mission_priority": 0.0026,
        "estimated_landing_time": 1980.0,
        "wait_time": 0,
        "Landing_success_rate": 0.8536
    },
    {
        "model": 2,
        "sequence": 14,
        "status": 1,
        "fuel": 6007,
        "fault": 0.6274,
        "weapon": 0,
        "pilot_injury": 0.8681,
        "pilot_skill": 0.1043,
        "mission_priority": 0.0014,
        "estimated_landing_time": 1322.0,
        "wait_time": 0,
        "Landing_success_rate": 0.8642
    },
    {
        "model": 0,
        "sequence": 16,
        "status": 1,
        "fuel": 7178,
        "fault": 0.9029,
        "weapon": 1,
        "pilot_injury": 0.738,
        "pilot_skill": 0.9199,
        "mission_priority": 0.0419,
        "estimated_landing_time": 1510.0,
        "wait_time": 0,
        "Landing_success_rate": 0.8622
    },
    {
        "model": 2,
        "sequence": 19,
        "status": 1,
        "fuel": 7177,
        "fault": 0.2988,
        "weapon": 1,
        "pilot_injury": 0.7327,
        "pilot_skill": 0.9532,
        "mission_priority": 0.1641,
        "estimated_landing_time": 1792.0,
        "wait_time": 0,
        "Landing_success_rate": 0.9382
    },
    {
        "model": 0,
        "sequence": 15,
        "status": 1,
        "fuel": 6564,
        "fault": 0.1056,
        "weapon": 1,
        "pilot_injury": 0.3024,
        "pilot_skill": 0.7244,
        "mission_priority": 0.1649,
        "estimated_landing_time": 1416.0,
        "wait_time": 0,
        "Landing_success_rate": 0.9214
    },
    {
        "model": 1,
        "sequence": 12,
        "status": 1,
        "fuel": 6441,
        "fault": 0.505,
        "weapon": 1,
        "pilot_injury": 0.8292,
        "pilot_skill": 0.0066,
        "mission_priority": 0.2231,
        "estimated_landing_time": 1134.0,
        "wait_time": 0,
        "Landing_success_rate": 0.8849
    },
    {
        "model": 1,
        "sequence": 24,
        "status": 1,
        "fuel": 7276,
        "fault": 0.3743,
        "weapon": 0,
        "pilot_injury": 0.4663,
        "pilot_skill": 0.4362,
        "mission_priority": 0.8525,
        "estimated_landing_time": 2262.0,
        "wait_time": 0,
        "Landing_success_rate": 0.9333
    },
    {
        "model": 2,
        "sequence": 5,
        "status": 1,
        "fuel": 6348,
        "fault": 0.6397,
        "weapon": 1,
        "pilot_injury": 0.8053,
        "pilot_skill": 0.6531,
        "mission_priority": 0.4367,
        "estimated_landing_time": 476.0,
        "wait_time": 0,
        "Landing_success_rate": 0.8729
    },
    {
        "model": 2,
        "sequence": 8,
        "status": 1,
        "fuel": 5771,
        "fault": 0.6079,
        "weapon": 1,
        "pilot_injury": 0.1803,
        "pilot_skill": 0.6269,
        "mission_priority": 0.6414,
        "estimated_landing_time": 758.0,
        "wait_time": 0,
        "Landing_success_rate": 0.858
    }
]