[
    {
        "model": 2,
        "sequence": 24,
        "status": 1,
        "fuel": 6180,
        "fault": 0.3838,
        "weapon": 1,
        "pilot_injury": 0.7701,
        "pilot_skill": 0.9848,
        "mission_priority": 0.7944,
        "estimated_landing_time": 2262.0,
        "wait_time": 0,
        "Landing_success_rate": 0.8814
    },
    {
        "model": 1,
        "sequence": 9,
        "status": 1,
        "fuel": 5793,
        "fault": 0.4338,
        "weapon": 0,
        "pilot_injury": 0.9836,
        "pilot_skill": 0.1231,
        "mission_priority": 0.901,
        "estimated_landing_time": 852.0,
        "wait_time": 0,
        "Landing_success_rate": 0.8624
    },
    {
        "model": 0,
        "sequence": 14,
        "status": 1,
        "fuel": 7418,
        "fault": 0.9206,
        "weapon": 0,
        "pilot_injury": 0.9157,
        "pilot_skill": 0.8914,
        "mission_priority": 0.8853,
        "estimated_landing_time": 1322.0,
        "wait_time": 0,
        "Landing_success_rate": 0.8614
    },
    {
        "model": 0,
        "sequence": 13,
        "status": 1,
        "fuel": 5571,
        "fault": 0.9054,
        "weapon": 0,
        "pilot_injury": 0.1178,
        "pilot_skill": 0.091,
        "mission_priority": 0.3533,
        "estimated_landing_time": 1228.0,
        "wait_time": 0,
        "Landing_success_rate": 0.8505
    },
    {
        "model": 1,
        "sequence": 1,
        "status": 1,
        "fuel": 7058,
        "fault": 0.4171,
        "weapon": 1,
        "pilot_injury": 0.7203,
        "pilot_skill": 0.8203,
        "mission_priority": 0.6662,
        "estimated_landing_time": 100.0,
        "wait_time": 0,
        "Landing_success_rate": 0.9181
    },
    {
        "model": 0,
        "sequence": 11,
        "status": 1,
        "fuel": 6124,
        "fault": 0.6438,
        "weapon": 0,
        "pilot_injury": 0.1244,
        "pilot_skill": 0.4937,
        "mission_priority": 0.7196,
        "estimated_landing_time": 1040.0,
        "wait_time": 0,
        "Landing_success_rate": 0.8667
    },
    {
        "model": 1,
        "sequence": 12,
        "status": 1,
        "fuel": 6221,
        "fault": 0.2395,
        "weapon": 0,
        "pilot_injury": 0.3352,
        "pilot_skill": 0.0668,
        "mission_priority": 0.7711,
        "estimated_landing_time": 1134.0,
        "wait_time": 0,
        "Landing_success_rate": 0.8911
    },
    {
        "model": 0,
        "sequence": 23,
        "status": 1,
        "fuel": 7264,
        "fault": 0.0766,
        "weapon": 1,
        "pilot_injury": 0.8043,
        "pilot_skill": 0.1391,
        "mission_priority": 0.5985,
        "estimated_landing_time": 2168.0,
        "wait_time": 0,
        "Landing_success_rate": 0.9722
    },
    {
        "model": 0,
        "sequence": 16,
        "status": 1,
        "fuel": 7176,
        "fault": 0.5876,
        "weapon": 0,
        "pilot_injury": 0.1477,
        "pilot_skill": 0.8251,
        "mission_priority": 0.0941,
        "estimated_landing_time": 1510.0,
        "wait_time": 0,
        "Landing_success_rate": 0.9018
    },
    {
        "model": 1,
        "sequence": 20,
        "status": 1,
        "fuel": 6537,
        "fault": 0.6024,
        "weapon": 1,
        "pilot_injury": 0.2218,
        "pilot_skill": 0.3019,
        "mission_priority": 0.1644,
        "estimated_landing_time": 1886.0,
        "wait_time": 0,
        "Landing_success_rate": 0.8809
    },
    {
        "model": 1,
        "sequence": 19,
        "status": 1,
        "fuel": 6612,
        "fault": 0.619,
        "weapon": 1,
        "pilot_injury": 0.8889,
        "pilot_skill": 0.1635,
        "mission_priority": 0.886,
        "estimated_landing_time": 1792.0,
        "wait_time": 0,
        "Landing_success_rate": 0.8818
    },
    {
        "model": 2,
        "sequence": 18,
        "status": 1,
        "fuel": 5644,
        "fault": 0.5981,
        "weapon": 1,
        "pilot_injury": 0.4977,
        "pilot_skill": 0.3019,
        "mission_priority": 0.9969,
        "estimated_landing_time": 1698.0,
        "wait_time": 0,
        "Landing_success_rate": 0.8543
    },
    {
        "model": 1,
        "sequence": 21,
        "status": 1,
        "fuel": 5987,
        "fault": 0.4266,
        "weapon": 1,
        "pilot_injury": 0.4148,
        "pilot_skill": 0.883,
        "mission_priority": 0.4482,
        "estimated_landing_time": 1980.0,
        "wait_time": 0,
        "Landing_success_rate": 0.8709
    },
    {
        "model": 2,
        "sequence": 4,
        "status": 1,
        "fuel": 7332,
        "fault": 0.7782,
        "weapon": 1,
        "pilot_injury": 0.6369,
        "pilot_skill": 0.6787,
        "mission_priority": 0.6562,
        "estimated_landing_time": 382.0,
        "wait_time": 0,
        "Landing_success_rate": 0.8805
    },
    {
        "model": 1,
        "sequence": 8,
        "status": 1,
        "fuel": 7282,
        "fault": 0.2465,
        "weapon": 1,
        "pilot_injury": 0.2395,
        "pilot_skill": 0.5958,
        "mission_priority": 0.5542,
        "estimated_landing_time": 758.0,
        "wait_time": 0,
        "Landing_success_rate": 0.9507
    },
    {
        "model": 0,
        "sequence": 6,
        "status": 1,
        "fuel": 6249,
        "fault": 0.393,
        "weapon": 0,
        "pilot_injury": 0.0809,
        "pilot_skill": 0.1714,
        "mission_priority": 0.4712,
        "estimated_landing_time": 570.0,
        "wait_time": 0,
        "Landing_success_rate": 0.8841
    },
    {
        "model": 2,
        "sequence": 5,
        "status": 1,
        "fuel": 6316,
        "fault": 0.5697,
        "weapon": 0,
        "pilot_injury": 0.8421,
        "pilot_skill": 0.5176,
        "mission_priority": 0.7855,
        "estimated_landing_time": 476.0,
        "wait_time": 0,
        "Landing_success_rate": 0.8763
    },
    {
        "model": 0,
        "sequence": 3,
        "status": 1,
        "fuel": 6860,
        "fault": 0.1111,
        "weapon": 1,
        "pilot_injury": 0.4017,
        "pilot_skill": 0.5588,
        "mission_priority": 0.1759,
        "estimated_landing_time": 288.0,
        "wait_time": 0,
        "Landing_success_rate": 0.9407
    },
    {
        "model": 1,
        "sequence": 15,
        "status": 1,
        "fuel": 7470,
        "fault": 0.2716,
        "weapon": 1,
        "pilot_injury": 0.8589,
        "pilot_skill": 0.2079,
        "mission_priority": 0.0677,
        "estimated_landing_time": 1416.0,
        "wait_time": 0,
        "Landing_success_rate": 0.9576
    },
    {
        "model": 1,
        "sequence": 22,
        "status": 1,
        "fuel": 5686,
        "fault": 0.1822,
        "weapon": 1,
        "pilot_injury": 0.8024,
        "pilot_skill": 0.3977,
        "mission_priority": 0.27,
        "estimated_landing_time": 2074.0,
        "wait_time": 0,
        "Landing_success_rate": 0.8614
    },
    {
        "model": 1,
        "sequence": 2,
        "status": 1,
        "fuel": 6973,
        "fault": 0.5659,
        "weapon": 0,
        "pilot_injury": 0.3362,
        "pilot_skill": 0.9792,
        "mission_priority": 0.175,
        "estimated_landing_time": 194.0,
        "wait_time": 0,
        "Landing_success_rate": 0.898
    },
    {
        "model": 1,
        "sequence": 7,
        "status": 1,
        "fuel": 5567,
        "fault": 0.814,
        "weapon": 0,
        "pilot_injury": 0.2331,
        "pilot_skill": 0.7536,
        "mission_priority": 0.4475,
        "estimated_landing_time": 664.0,
        "wait_time": 0,
        "Landing_success_rate": 0.8509
    },
    {
        "model": 2,
        "sequence": 17,
        "status": 1,
        "fuel": 7373,
        "fault": 0.1345,
        "weapon": 1,
        "pilot_injury": 0.1106,
        "pilot_skill": 0.84,
        "mission_priority": 0.6815,
        "estimated_landing_time": 1604.0,
        "wait_time": 0,
        "Landing_success_rate": 0.9716
    },
    {
        "model": 2,
        "sequence": 10,
        "status": 1,
        "fuel": 6985,
        "fault": 0.4478,
        "weapon": 1,
        "pilot_injury": 0.1067,
        "pilot_skill": 0.0002,
        "mission_priority": 0.697,
        "estimated_landing_time": 946.0,
        "wait_time": 0,
        "Landing_success_rate": 0.9115
    }
]