[
    {
        "model": 2,
        "sequence": 1,
        "status": 1,
        "fuel": 7264,
        "fault": 0.4984,
        "weapon": 0,
        "pilot_injury": 0.4727,
        "pilot_skill": 0.8942,
        "mission_priority": 0.6804,
        "estimated_landing_time": 100.0,
        "wait_time": 0,
        "Landing_success_rate": 0.9164
    },
    {
        "model": 0,
        "sequence": 11,
        "status": 1,
        "fuel": 5537,
        "fault": 0.6724,
        "weapon": 0,
        "pilot_injury": 0.9366,
        "pilot_skill": 0.1878,
        "mission_priority": 0.5318,
        "estimated_landing_time": 1040.0,
        "wait_time": 0,
        "Landing_success_rate": 0.8509
    },
    {
        "model": 1,
        "sequence": 18,
        "status": 1,
        "fuel": 6274,
        "fault": 0.8266,
        "weapon": 0,
        "pilot_injury": 0.7211,
        "pilot_skill": 0.8011,
        "mission_priority": 0.943,
        "estimated_landing_time": 1698.0,
        "wait_time": 0,
        "Landing_success_rate": 0.8601
    },
    {
        "model": 0,
        "sequence": 12,
        "status": 1,
        "fuel": 7177,
        "fault": 0.1605,
        "weapon": 0,
        "pilot_injury": 0.2909,
        "pilot_skill": 0.3991,
        "mission_priority": 0.6252,
        "estimated_landing_time": 1134.0,
        "wait_time": 0,
        "Landing_success_rate": 0.9556
    },
    {
        "model": 1,
        "sequence": 14,
        "status": 1,
        "fuel": 6962,
        "fault": 0.9907,
        "weapon": 1,
        "pilot_injury": 0.4735,
        "pilot_skill": 0.7855,
        "mission_priority": 0.2253,
        "estimated_landing_time": 1322.0,
        "wait_time": 0,
        "Landing_success_rate": 0.851
    },
    {
        "model": 1,
        "sequence": 6,
        "status": 1,
        "fuel": 6858,
        "fault": 0.0442,
        "weapon": 1,
        "pilot_injury": 0.4361,
        "pilot_skill": 0.9489,
        "mission_priority": 0.357,
        "estimated_landing_time": 570.0,
        "wait_time": 0,
        "Landing_success_rate": 0.9473
    },
    {
        "model": 2,
        "sequence": 20,
        "status": 1,
        "fuel": 6632,
        "fault": 0.3924,
        "weapon": 0,
        "pilot_injury": 0.0546,
        "pilot_skill": 0.0844,
        "mission_priority": 0.2032,
        "estimated_landing_time": 1886.0,
        "wait_time": 0,
        "Landing_success_rate": 0.9016
    },
    {
        "model": 2,
        "sequence": 7,
        "status": 1,
        "fuel": 7161,
        "fault": 0.796,
        "weapon": 0,
        "pilot_injury": 0.579,
        "pilot_skill": 0.6024,
        "mission_priority": 0.5878,
        "estimated_landing_time": 664.0,
        "wait_time": 0,
        "Landing_success_rate": 0.8754
    },
    {
        "model": 2,
        "sequence": 3,
        "status": 1,
        "fuel": 5861,
        "fault": 0.7336,
        "weapon": 1,
        "pilot_injury": 0.4097,
        "pilot_skill": 0.9031,
        "mission_priority": 0.912,
        "estimated_landing_time": 288.0,
        "wait_time": 0,
        "Landing_success_rate": 0.8572
    },
    {
        "model": 0,
        "sequence": 15,
        "status": 1,
        "fuel": 6062,
        "fault": 0.7266,
        "weapon": 1,
        "pilot_injury": 0.115,
        "pilot_skill": 0.0847,
        "mission_priority": 0.8408,
        "estimated_landing_time": 1416.0,
        "wait_time": 0,
        "Landing_success_rate": 0.8615
    },
    {
        "model": 2,
        "sequence": 10,
        "status": 1,
        "fuel": 5637,
        "fault": 0.705,
        "weapon": 0,
        "pilot_injury": 0.8478,
        "pilot_skill": 0.6214,
        "mission_priority": 0.1794,
        "estimated_landing_time": 946.0,
        "wait_time": 0,
        "Landing_success_rate": 0.853
    },
    {
        "model": 0,
        "sequence": 17,
        "status": 1,
        "fuel": 7178,
        "fault": 0.1726,
        "weapon": 1,
        "pilot_injury": 0.7107,
        "pilot_skill": 0.4856,
        "mission_priority": 0.95,
        "estimated_landing_time": 1604.0,
        "wait_time": 0,
        "Landing_success_rate": 0.9541
    },
    {
        "model": 2,
        "sequence": 23,
        "status": 1,
        "fuel": 6267,
        "fault": 0.9465,
        "weapon": 0,
        "pilot_injury": 0.1615,
        "pilot_skill": 0.5017,
        "mission_priority": 0.9249,
        "estimated_landing_time": 2168.0,
        "wait_time": 0,
        "Landing_success_rate": 0.8531
    },
    {
        "model": 2,
        "sequence": 13,
        "status": 1,
        "fuel": 5742,
        "fault": 0.5297,
        "weapon": 0,
        "pilot_injury": 0.3123,
        "pilot_skill": 0.2699,
        "mission_priority": 0.9014,
        "estimated_landing_time": 1228.0,
        "wait_time": 0,
        "Landing_success_rate": 0.8585
    },
    {
        "model": 2,
        "sequence": 16,
        "status": 1,
        "fuel": 7134,
        "fault": 0.1551,
        "weapon": 1,
        "pilot_injury": 0.0432,
        "pilot_skill": 0.8008,
        "mission_priority": 0.8294,
        "estimated_landing_time": 1510.0,
        "wait_time": 0,
        "Landing_success_rate": 0.9535
    },
    {
        "model": 0,
        "sequence": 8,
        "status": 1,
        "fuel": 6567,
        "fault": 0.7447,
        "weapon": 1,
        "pilot_injury": 0.1245,
        "pilot_skill": 0.5035,
        "mission_priority": 0.2716,
        "estimated_landing_time": 758.0,
        "wait_time": 0,
        "Landing_success_rate": 0.8704
    },
    {
        "model": 1,
        "sequence": 19,
        "status": 1,
        "fuel": 7454,
        "fault": 0.2171,
        "weapon": 0,
        "pilot_injury": 0.1449,
        "pilot_skill": 0.7393,
        "mission_priority": 0.8038,
        "estimated_landing_time": 1792.0,
        "wait_time": 0,
        "Landing_success_rate": 0.9647
    },
    {
        "model": 0,
        "sequence": 22,
        "status": 1,
        "fuel": 6739,
        "fault": 0.432,
        "weapon": 0,
        "pilot_injury": 0.3377,
        "pilot_skill": 0.1923,
        "mission_priority": 0.1809,
        "estimated_landing_time": 2074.0,
        "wait_time": 0,
        "Landing_success_rate": 0.9028
    },
    {
        "model": 0,
        "sequence": 5,
        "status": 1,
        "fuel": 6609,
        "fault": 0.5306,
        "weapon": 0,
        "pilot_injury": 0.0923,
        "pilot_skill": 0.2594,
        "mission_priority": 0.086,
        "estimated_landing_time": 476.0,
        "wait_time": 0,
        "Landing_success_rate": 0.889
    },
    {
        "model": 0,
        "sequence": 24,
        "status": 1,
        "fuel": 6779,
        "fault": 0.8425,
        "weapon": 1,
        "pilot_injury": 0.5083,
        "pilot_skill": 0.4384,
        "mission_priority": 0.1741,
        "estimated_landing_time": 2262.0,
        "wait_time": 0,
        "Landing_success_rate": 0.8651
    },
    {
        "model": 1,
        "sequence": 2,
        "status": 1,
        "fuel": 6975,
        "fault": 0.339,
        "weapon": 0,
        "pilot_injury": 0.3871,
        "pilot_skill": 0.0562,
        "mission_priority": 0.9202,
        "estimated_landing_time": 194.0,
        "wait_time": 0,
        "Landing_success_rate": 0.9231
    },
    {
        "model": 0,
        "sequence": 4,
        "status": 1,
        "fuel": 7384,
        "fault": 0.5933,
        "weapon": 1,
        "pilot_injury": 0.8854,
        "pilot_skill": 0.4022,
        "mission_priority": 0.8207,
        "estimated_landing_time": 382.0,
        "wait_time": 0,
        "Landing_success_rate": 0.9075
    },
    {
        "model": 2,
        "sequence": 21,
        "status": 1,
        "fuel": 6456,
        "fault": 0.2692,
        "weapon": 0,
        "pilot_injury": 0.8925,
        "pilot_skill": 0.1198,
        "mission_priority": 0.2751,
        "estimated_landing_time": 1980.0,
        "wait_time": 0,
        "Landing_success_rate": 0.9024
    },
    {
        "model": 1,
        "sequence": 9,
        "status": 1,
        "fuel": 6017,
        "fault": 0.2472,
        "weapon": 1,
        "pilot_injury": 0.6841,
        "pilot_skill": 0.1048,
        "mission_priority": 0.523,
        "estimated_landing_time": 852.0,
        "wait_time": 0,
        "Landing_success_rate": 0.8792
    }
]