[
    {
        "model": 2,
        "sequence": 21,
        "status": 1,
        "fuel": 6028,
        "fault": 0.9496,
        "weapon": 0,
        "pilot_injury": 0.6259,
        "pilot_skill": 0.338,
        "mission_priority": 0.7007,
        "estimated_landing_time": 1980.0,
        "wait_time": 0,
        "Landing_success_rate": 0.852
    },
    {
        "model": 1,
        "sequence": 8,
        "status": 1,
        "fuel": 5814,
        "fault": 0.3386,
        "weapon": 1,
        "pilot_injury": 0.7845,
        "pilot_skill": 0.7491,
        "mission_priority": 0.5717,
        "estimated_landing_time": 758.0,
        "wait_time": 0,
        "Landing_success_rate": 0.8656
    },
    {
        "model": 1,
        "sequence": 22,
        "status": 1,
        "fuel": 6857,
        "fault": 0.0815,
        "weapon": 0,
        "pilot_injury": 0.2068,
        "pilot_skill": 0.7795,
        "mission_priority": 0.8045,
        "estimated_landing_time": 2074.0,
        "wait_time": 0,
        "Landing_success_rate": 0.9435
    },
    {
        "model": 0,
        "sequence": 13,
        "status": 1,
        "fuel": 7082,
        "fault": 0.8228,
        "weapon": 0,
        "pilot_injury": 0.1925,
        "pilot_skill": 0.0997,
        "mission_priority": 0.7434,
        "estimated_landing_time": 1228.0,
        "wait_time": 0,
        "Landing_success_rate": 0.871
    },
    {
        "model": 1,
        "sequence": 19,
        "status": 1,
        "fuel": 7205,
        "fault": 0.4457,
        "weapon": 0,
        "pilot_injury": 0.1442,
        "pilot_skill": 0.9349,
        "mission_priority": 0.9891,
        "estimated_landing_time": 1792.0,
        "wait_time": 0,
        "Landing_success_rate": 0.9209
    },
    {
        "model": 1,
        "sequence": 11,
        "status": 1,
        "fuel": 7179,
        "fault": 0.3893,
        "weapon": 1,
        "pilot_injury": 0.7772,
        "pilot_skill": 0.7364,
        "mission_priority": 0.9678,
        "estimated_landing_time": 1040.0,
        "wait_time": 0,
        "Landing_success_rate": 0.9269
    },
    {
        "model": 2,
        "sequence": 5,
        "status": 1,
        "fuel": 6117,
        "fault": 0.4702,
        "weapon": 1,
        "pilot_injury": 0.6919,
        "pilot_skill": 0.8901,
        "mission_priority": 0.8741,
        "estimated_landing_time": 476.0,
        "wait_time": 0,
        "Landing_success_rate": 0.8745
    },
    {
        "model": 1,
        "sequence": 14,
        "status": 1,
        "fuel": 5979,
        "fault": 0.2763,
        "weapon": 0,
        "pilot_injury": 0.8308,
        "pilot_skill": 0.4273,
        "mission_priority": 0.4223,
        "estimated_landing_time": 1322.0,
        "wait_time": 0,
        "Landing_success_rate": 0.876
    },
    {
        "model": 1,
        "sequence": 16,
        "status": 1,
        "fuel": 5555,
        "fault": 0.8721,
        "weapon": 1,
        "pilot_injury": 0.9858,
        "pilot_skill": 0.2563,
        "mission_priority": 0.0561,
        "estimated_landing_time": 1510.0,
        "wait_time": 0,
        "Landing_success_rate": 0.8505
    },
    {
        "model": 2,
        "sequence": 23,
        "status": 1,
        "fuel": 6432,
        "fault": 0.038,
        "weapon": 1,
        "pilot_injury": 0.9597,
        "pilot_skill": 0.2522,
        "mission_priority": 0.071,
        "estimated_landing_time": 2168.0,
        "wait_time": 0,
        "Landing_success_rate": 0.9172
    },
    {
        "model": 0,
        "sequence": 7,
        "status": 1,
        "fuel": 6054,
        "fault": 0.4247,
        "weapon": 1,
        "pilot_injury": 0.2618,
        "pilot_skill": 0.126,
        "mission_priority": 0.2241,
        "estimated_landing_time": 664.0,
        "wait_time": 0,
        "Landing_success_rate": 0.8739
    },
    {
        "model": 0,
        "sequence": 2,
        "status": 1,
        "fuel": 6485,
        "fault": 0.141,
        "weapon": 0,
        "pilot_injury": 0.2786,
        "pilot_skill": 0.4439,
        "mission_priority": 0.8986,
        "estimated_landing_time": 194.0,
        "wait_time": 0,
        "Landing_success_rate": 0.9135
    },
    {
        "model": 1,
        "sequence": 20,
        "status": 1,
        "fuel": 6153,
        "fault": 0.6615,
        "weapon": 1,
        "pilot_injury": 0.7056,
        "pilot_skill": 0.8288,
        "mission_priority": 0.8777,
        "estimated_landing_time": 1886.0,
        "wait_time": 0,
        "Landing_success_rate": 0.8666
    },
    {
        "model": 1,
        "sequence": 24,
        "status": 1,
        "fuel": 5644,
        "fault": 0.5193,
        "weapon": 1,
        "pilot_injury": 0.5354,
        "pilot_skill": 0.2773,
        "mission_priority": 0.8801,
        "estimated_landing_time": 2262.0,
        "wait_time": 0,
        "Landing_success_rate": 0.8552
    },
    {
        "model": 2,
        "sequence": 9,
        "status": 1,
        "fuel": 7175,
        "fault": 0.6691,
        "weapon": 1,
        "pilot_injury": 0.0402,
        "pilot_skill": 0.3975,
        "mission_priority": 0.9478,
        "estimated_landing_time": 852.0,
        "wait_time": 0,
        "Landing_success_rate": 0.8916
    },
    {
        "model": 0,
        "sequence": 15,
        "status": 1,
        "fuel": 5898,
        "fault": 0.245,
        "weapon": 0,
        "pilot_injury": 0.9539,
        "pilot_skill": 0.8821,
        "mission_priority": 0.5637,
        "estimated_landing_time": 1416.0,
        "wait_time": 0,
        "Landing_success_rate": 0.8725
    },
    {
        "model": 0,
        "sequence": 4,
        "status": 1,
        "fuel": 6244,
        "fault": 0.0092,
        "weapon": 0,
        "pilot_injury": 0.7759,
        "pilot_skill": 0.6301,
        "mission_priority": 0.9823,
        "estimated_landing_time": 382.0,
        "wait_time": 0,
        "Landing_success_rate": 0.9053
    },
    {
        "model": 0,
        "sequence": 18,
        "status": 1,
        "fuel": 5775,
        "fault": 0.2714,
        "weapon": 1,
        "pilot_injury": 0.0574,
        "pilot_skill": 0.139,
        "mission_priority": 0.4515,
        "estimated_landing_time": 1698.0,
        "wait_time": 0,
        "Landing_success_rate": 0.865
    },
    {
        "model": 2,
        "sequence": 1,
        "status": 1,
        "fuel": 6972,
        "fault": 0.7938,
        "weapon": 1,
        "pilot_injury": 0.1606,
        "pilot_skill": 0.9761,
        "mission_priority": 0.3151,
        "estimated_landing_time": 100.0,
        "wait_time": 0,
        "Landing_success_rate": 0.8728
    },
    {
        "model": 2,
        "sequence": 12,
        "status": 1,
        "fuel": 5943,
        "fault": 0.5382,
        "weapon": 0,
        "pilot_injury": 0.5794,
        "pilot_skill": 0.0586,
        "mission_priority": 0.1497,
        "estimated_landing_time": 1134.0,
        "wait_time": 0,
        "Landing_success_rate": 0.8653
    },
    {
        "model": 2,
        "sequence": 10,
        "status": 1,
        "fuel": 5803,
        "fault": 0.3005,
        "weapon": 1,
        "pilot_injury": 0.2355,
        "pilot_skill": 0.793,
        "mission_priority": 0.0933,
        "estimated_landing_time": 946.0,
        "wait_time": 0,
        "Landing_success_rate": 0.8659
    },
    {
        "model": 1,
        "sequence": 17,
        "status": 1,
        "fuel": 5710,
        "fault": 0.5518,
        "weapon": 0,
        "pilot_injury": 0.3468,
        "pilot_skill": 0.699,
        "mission_priority": 0.0901,
        "estimated_landing_time": 1604.0,
        "wait_time": 0,
        "Landing_success_rate": 0.8571
    },
    {
        "model": 0,
        "sequence": 3,
        "status": 1,
        "fuel": 7007,
        "fault": 0.31,
        "weapon": 0,
        "pilot_injury": 0.105,
        "pilot_skill": 0.9907,
        "mission_priority": 0.2975,
        "estimated_landing_time": 288.0,
        "wait_time": 0,
        "Landing_success_rate": 0.928
    },
    {
        "model": 1,
        "sequence": 6,
        "status": 1,
        "fuel": 5670,
        "fault": 0.0051,
        "weapon": 0,
        "pilot_injury": 0.9054,
        "pilot_skill": 0.3532,
        "mission_priority": 0.2108,
        "estimated_landing_time": 570.0,
        "wait_time": 0,
        "Landing_success_rate": 0.8627
    }
]