[
    {
        "model": 0,
        "sequence": 12,
        "status": 1,
        "fuel": 6472,
        "fault": 0.5587,
        "weapon": 0,
        "pilot_injury": 0.629,
        "pilot_skill": 0.4505,
        "mission_priority": 0.169,
        "estimated_landing_time": 1134.0,
        "wait_time": 0,
        "Landing_success_rate": 0.8822
    },
    {
        "model": 2,
        "sequence": 7,
        "status": 1,
        "fuel": 6150,
        "fault": 0.3156,
        "weapon": 1,
        "pilot_injury": 0.1081,
        "pilot_skill": 0.5469,
        "mission_priority": 0.7636,
        "estimated_landing_time": 664.0,
        "wait_time": 0,
        "Landing_success_rate": 0.8834
    },
    {
        "model": 0,
        "sequence": 17,
        "status": 1,
        "fuel": 6611,
        "fault": 0.3611,
        "weapon": 0,
        "pilot_injury": 0.1276,
        "pilot_skill": 0.4356,
        "mission_priority": 0.6094,
        "estimated_landing_time": 1604.0,
        "wait_time": 0,
        "Landing_success_rate": 0.9032
    },
    {
        "model": 0,
        "sequence": 18,
        "status": 1,
        "fuel": 5543,
        "fault": 0.6341,
        "weapon": 0,
        "pilot_injury": 0.729,
        "pilot_skill": 0.6514,
        "mission_priority": 0.0942,
        "estimated_landing_time": 1698.0,
        "wait_time": 0,
        "Landing_success_rate": 0.8512
    },
    {
        "model": 1,
        "sequence": 3,
        "status": 1,
        "fuel": 6908,
        "fault": 0.3133,
        "weapon": 0,
        "pilot_injury": 0.9935,
        "pilot_skill": 0.6934,
        "mission_priority": 0.6868,
        "estimated_landing_time": 288.0,
        "wait_time": 0,
        "Landing_success_rate": 0.9225
    },
    {
        "model": 2,
        "sequence": 1,
        "status": 1,
        "fuel": 6974,
        "fault": 0.1524,
        "weapon": 0,
        "pilot_injury": 0.9968,
        "pilot_skill": 0.779,
        "mission_priority": 0.6125,
        "estimated_landing_time": 100.0,
        "wait_time": 0,
        "Landing_success_rate": 0.9437
    },
    {
        "model": 0,
        "sequence": 13,
        "status": 1,
        "fuel": 6054,
        "fault": 0.4854,
        "weapon": 1,
        "pilot_injury": 0.7086,
        "pilot_skill": 0.7756,
        "mission_priority": 0.1246,
        "estimated_landing_time": 1228.0,
        "wait_time": 0,
        "Landing_success_rate": 0.8714
    },
    {
        "model": 1,
        "sequence": 24,
        "status": 1,
        "fuel": 6341,
        "fault": 0.8867,
        "weapon": 0,
        "pilot_injury": 0.7603,
        "pilot_skill": 0.2404,
        "mission_priority": 0.684,
        "estimated_landing_time": 2262.0,
        "wait_time": 0,
        "Landing_success_rate": 0.8571
    },
    {
        "model": 1,
        "sequence": 20,
        "status": 1,
        "fuel": 5619,
        "fault": 0.1202,
        "weapon": 1,
        "pilot_injury": 0.6334,
        "pilot_skill": 0.1133,
        "mission_priority": 0.6593,
        "estimated_landing_time": 1886.0,
        "wait_time": 0,
        "Landing_success_rate": 0.8579
    },
    {
        "model": 0,
        "sequence": 14,
        "status": 1,
        "fuel": 6940,
        "fault": 0.1738,
        "weapon": 0,
        "pilot_injury": 0.2359,
        "pilot_skill": 0.8093,
        "mission_priority": 0.3536,
        "estimated_landing_time": 1322.0,
        "wait_time": 0,
        "Landing_success_rate": 0.9392
    },
    {
        "model": 0,
        "sequence": 2,
        "status": 1,
        "fuel": 6223,
        "fault": 0.4658,
        "weapon": 1,
        "pilot_injury": 0.0739,
        "pilot_skill": 0.4071,
        "mission_priority": 0.3373,
        "estimated_landing_time": 194.0,
        "wait_time": 0,
        "Landing_success_rate": 0.879
    },
    {
        "model": 2,
        "sequence": 4,
        "status": 1,
        "fuel": 7423,
        "fault": 0.6702,
        "weapon": 1,
        "pilot_injury": 0.6846,
        "pilot_skill": 0.6024,
        "mission_priority": 0.9756,
        "estimated_landing_time": 382.0,
        "wait_time": 0,
        "Landing_success_rate": 0.8976
    },
    {
        "model": 2,
        "sequence": 5,
        "status": 1,
        "fuel": 6745,
        "fault": 0.2545,
        "weapon": 1,
        "pilot_injury": 0.7236,
        "pilot_skill": 0.8295,
        "mission_priority": 0.8989,
        "estimated_landing_time": 476.0,
        "wait_time": 0,
        "Landing_success_rate": 0.9196
    },
    {
        "model": 0,
        "sequence": 6,
        "status": 1,
        "fuel": 7385,
        "fault": 0.083,
        "weapon": 0,
        "pilot_injury": 0.3202,
        "pilot_skill": 0.4344,
        "mission_priority": 0.1693,
        "estimated_landing_time": 570.0,
        "wait_time": 0,
        "Landing_success_rate": 0.9796
    },
    {
        "model": 0,
        "sequence": 21,
        "status": 1,
        "fuel": 5808,
        "fault": 0.8271,
        "weapon": 0,
        "pilot_injury": 0.4974,
        "pilot_skill": 0.6658,
        "mission_priority": 0.0664,
        "estimated_landing_time": 1980.0,
        "wait_time": 0,
        "Landing_success_rate": 0.854
    },
    {
        "model": 1,
        "sequence": 9,
        "status": 1,
        "fuel": 6704,
        "fault": 0.4186,
        "weapon": 0,
        "pilot_injury": 0.6179,
        "pilot_skill": 0.8814,
        "mission_priority": 0.1314,
        "estimated_landing_time": 852.0,
        "wait_time": 0,
        "Landing_success_rate": 0.9025
    },
    {
        "model": 2,
        "sequence": 10,
        "status": 1,
        "fuel": 6747,
        "fault": 0.2487,
        "weapon": 1,
        "pilot_injury": 0.408,
        "pilot_skill": 0.3238,
        "mission_priority": 0.5856,
        "estimated_landing_time": 946.0,
        "wait_time": 0,
        "Landing_success_rate": 0.9203
    },
    {
        "model": 0,
        "sequence": 16,
        "status": 1,
        "fuel": 7139,
        "fault": 0.8788,
        "weapon": 0,
        "pilot_injury": 0.3674,
        "pilot_skill": 0.8608,
        "mission_priority": 0.6339,
        "estimated_landing_time": 1510.0,
        "wait_time": 0,
        "Landing_success_rate": 0.8649
    },
    {
        "model": 0,
        "sequence": 8,
        "status": 1,
        "fuel": 6012,
        "fault": 0.3088,
        "weapon": 0,
        "pilot_injury": 0.8474,
        "pilot_skill": 0.3865,
        "mission_priority": 0.5358,
        "estimated_landing_time": 758.0,
        "wait_time": 0,
        "Landing_success_rate": 0.8765
    },
    {
        "model": 2,
        "sequence": 11,
        "status": 1,
        "fuel": 7300,
        "fault": 0.2474,
        "weapon": 0,
        "pilot_injury": 0.294,
        "pilot_skill": 0.4753,
        "mission_priority": 0.2149,
        "estimated_landing_time": 1040.0,
        "wait_time": 0,
        "Landing_success_rate": 0.9516
    },
    {
        "model": 0,
        "sequence": 23,
        "status": 1,
        "fuel": 7160,
        "fault": 0.2498,
        "weapon": 0,
        "pilot_injury": 0.304,
        "pilot_skill": 0.3207,
        "mission_priority": 0.9618,
        "estimated_landing_time": 2168.0,
        "wait_time": 0,
        "Landing_success_rate": 0.9434
    },
    {
        "model": 1,
        "sequence": 15,
        "status": 1,
        "fuel": 5814,
        "fault": 0.7874,
        "weapon": 1,
        "pilot_injury": 0.7711,
        "pilot_skill": 0.9647,
        "mission_priority": 0.259,
        "estimated_landing_time": 1416.0,
        "wait_time": 0,
        "Landing_success_rate": 0.855
    },
    {
        "model": 1,
        "sequence": 22,
        "status": 1,
        "fuel": 5680,
        "fault": 0.191,
        "weapon": 1,
        "pilot_injury": 0.6796,
        "pilot_skill": 0.0836,
        "mission_priority": 0.5853,
        "estimated_landing_time": 2074.0,
        "wait_time": 0,
        "Landing_success_rate": 0.8609
    },
    {
        "model": 0,
        "sequence": 19,
        "status": 1,
        "fuel": 5730,
        "fault": 0.5967,
        "weapon": 1,
        "pilot_injury": 0.2898,
        "pilot_skill": 0.3984,
        "mission_priority": 0.8407,
        "estimated_landing_time": 1792.0,
        "wait_time": 0,
        "Landing_success_rate": 0.857
    }
]