[
    {
        "model": 1,
        "sequence": 15,
        "status": 1,
        "fuel": 5533,
        "fault": 0.1716,
        "weapon": 1,
        "pilot_injury": 0.7382,
        "pilot_skill": 0.4017,
        "mission_priority": 0.0709,
        "estimated_landing_time": 1416.0,
        "wait_time": 0,
        "Landing_success_rate": 0.8521
    },
    {
        "model": 1,
        "sequence": 14,
        "status": 1,
        "fuel": 5908,
        "fault": 0.8808,
        "weapon": 1,
        "pilot_injury": 0.9221,
        "pilot_skill": 0.051,
        "mission_priority": 0.4793,
        "estimated_landing_time": 1322.0,
        "wait_time": 0,
        "Landing_success_rate": 0.8536
    },
    {
        "model": 2,
        "sequence": 12,
        "status": 1,
        "fuel": 5708,
        "fault": 0.5746,
        "weapon": 1,
        "pilot_injury": 0.2172,
        "pilot_skill": 0.7591,
        "mission_priority": 0.7843,
        "estimated_landing_time": 1134.0,
        "wait_time": 0,
        "Landing_success_rate": 0.8566
    },
    {
        "model": 0,
        "sequence": 23,
        "status": 1,
        "fuel": 6787,
        "fault": 0.3834,
        "weapon": 1,
        "pilot_injury": 0.5063,
        "pilot_skill": 0.3631,
        "mission_priority": 0.2571,
        "estimated_landing_time": 2168.0,
        "wait_time": 0,
        "Landing_success_rate": 0.9095
    },
    {
        "model": 2,
        "sequence": 9,
        "status": 1,
        "fuel": 6061,
        "fault": 0.7507,
        "weapon": 1,
        "pilot_injury": 0.4281,
        "pilot_skill": 0.4037,
        "mission_priority": 0.7127,
        "estimated_landing_time": 852.0,
        "wait_time": 0,
        "Landing_success_rate": 0.8605
    },
    {
        "model": 2,
        "sequence": 10,
        "status": 1,
        "fuel": 7391,
        "fault": 0.7049,
        "weapon": 0,
        "pilot_injury": 0.4716,
        "pilot_skill": 0.7792,
        "mission_priority": 0.641,
        "estimated_landing_time": 946.0,
        "wait_time": 0,
        "Landing_success_rate": 0.8919
    },
    {
        "model": 0,
        "sequence": 7,
        "status": 1,
        "fuel": 5775,
        "fault": 0.4256,
        "weapon": 0,
        "pilot_injury": 0.0379,
        "pilot_skill": 0.4568,
        "mission_priority": 0.8259,
        "estimated_landing_time": 664.0,
        "wait_time": 0,
        "Landing_success_rate": 0.8618
    },
    {
        "model": 2,
        "sequence": 20,
        "status": 1,
        "fuel": 5891,
        "fault": 0.3842,
        "weapon": 1,
        "pilot_injury": 0.1531,
        "pilot_skill": 0.9858,
        "mission_priority": 0.6547,
        "estimated_landing_time": 1886.0,
        "wait_time": 0,
        "Landing_success_rate": 0.8681
    },
    {
        "model": 1,
        "sequence": 4,
        "status": 1,
        "fuel": 6278,
        "fault": 0.117,
        "weapon": 1,
        "pilot_injury": 0.6945,
        "pilot_skill": 0.3487,
        "mission_priority": 0.8841,
        "estimated_landing_time": 382.0,
        "wait_time": 0,
        "Landing_success_rate": 0.9015
    },
    {
        "model": 0,
        "sequence": 5,
        "status": 1,
        "fuel": 7436,
        "fault": 0.064,
        "weapon": 1,
        "pilot_injury": 0.8964,
        "pilot_skill": 0.4484,
        "mission_priority": 0.6569,
        "estimated_landing_time": 476.0,
        "wait_time": 0,
        "Landing_success_rate": 0.9859
    },
    {
        "model": 0,
        "sequence": 8,
        "status": 1,
        "fuel": 5632,
        "fault": 0.5508,
        "weapon": 1,
        "pilot_injury": 0.0835,
        "pilot_skill": 0.7714,
        "mission_priority": 0.0478,
        "estimated_landing_time": 758.0,
        "wait_time": 0,
        "Landing_success_rate": 0.8544
    },
    {
        "model": 2,
        "sequence": 13,
        "status": 1,
        "fuel": 6772,
        "fault": 0.8977,
        "weapon": 1,
        "pilot_injury": 0.347,
        "pilot_skill": 0.1021,
        "mission_priority": 0.2329,
        "estimated_landing_time": 1228.0,
        "wait_time": 0,
        "Landing_success_rate": 0.8598
    },
    {
        "model": 1,
        "sequence": 11,
        "status": 1,
        "fuel": 7362,
        "fault": 0.0332,
        "weapon": 1,
        "pilot_injury": 0.5123,
        "pilot_skill": 0.1127,
        "mission_priority": 0.6278,
        "estimated_landing_time": 1040.0,
        "wait_time": 0,
        "Landing_success_rate": 0.985
    },
    {
        "model": 1,
        "sequence": 21,
        "status": 1,
        "fuel": 5954,
        "fault": 0.392,
        "weapon": 0,
        "pilot_injury": 0.7215,
        "pilot_skill": 0.3248,
        "mission_priority": 0.7891,
        "estimated_landing_time": 1980.0,
        "wait_time": 0,
        "Landing_success_rate": 0.8707
    },
    {
        "model": 1,
        "sequence": 17,
        "status": 1,
        "fuel": 5835,
        "fault": 0.3415,
        "weapon": 0,
        "pilot_injury": 0.8792,
        "pilot_skill": 0.5485,
        "mission_priority": 0.2852,
        "estimated_landing_time": 1604.0,
        "wait_time": 0,
        "Landing_success_rate": 0.8665
    },
    {
        "model": 2,
        "sequence": 24,
        "status": 1,
        "fuel": 6197,
        "fault": 0.811,
        "weapon": 1,
        "pilot_injury": 0.2207,
        "pilot_skill": 0.6146,
        "mission_priority": 0.8704,
        "estimated_landing_time": 2262.0,
        "wait_time": 0,
        "Landing_success_rate": 0.8599
    },
    {
        "model": 2,
        "sequence": 6,
        "status": 1,
        "fuel": 7481,
        "fault": 0.1318,
        "weapon": 0,
        "pilot_injury": 0.6488,
        "pilot_skill": 0.6192,
        "mission_priority": 0.8208,
        "estimated_landing_time": 570.0,
        "wait_time": 0,
        "Landing_success_rate": 0.979
    },
    {
        "model": 1,
        "sequence": 22,
        "status": 1,
        "fuel": 5761,
        "fault": 0.4516,
        "weapon": 1,
        "pilot_injury": 0.0274,
        "pilot_skill": 0.6962,
        "mission_priority": 0.9604,
        "estimated_landing_time": 2074.0,
        "wait_time": 0,
        "Landing_success_rate": 0.8607
    },
    {
        "model": 2,
        "sequence": 3,
        "status": 1,
        "fuel": 6923,
        "fault": 0.8859,
        "weapon": 0,
        "pilot_injury": 0.5829,
        "pilot_skill": 0.7324,
        "mission_priority": 0.3444,
        "estimated_landing_time": 288.0,
        "wait_time": 0,
        "Landing_success_rate": 0.8622
    },
    {
        "model": 1,
        "sequence": 18,
        "status": 1,
        "fuel": 5579,
        "fault": 0.7154,
        "weapon": 0,
        "pilot_injury": 0.7266,
        "pilot_skill": 0.711,
        "mission_priority": 0.382,
        "estimated_landing_time": 1698.0,
        "wait_time": 0,
        "Landing_success_rate": 0.8517
    },
    {
        "model": 2,
        "sequence": 16,
        "status": 1,
        "fuel": 7132,
        "fault": 0.0649,
        "weapon": 0,
        "pilot_injury": 0.2053,
        "pilot_skill": 0.3642,
        "mission_priority": 0.6502,
        "estimated_landing_time": 1510.0,
        "wait_time": 0,
        "Landing_success_rate": 0.9645
    },
    {
        "model": 0,
        "sequence": 1,
        "status": 1,
        "fuel": 6967,
        "fault": 0.5746,
        "weapon": 0,
        "pilot_injury": 0.8138,
        "pilot_skill": 0.8128,
        "mission_priority": 0.5869,
        "estimated_landing_time": 100.0,
        "wait_time": 0,
        "Landing_success_rate": 0.8968
    },
    {
        "model": 0,
        "sequence": 2,
        "status": 1,
        "fuel": 6208,
        "fault": 0.258,
        "weapon": 0,
        "pilot_injury": 0.1696,
        "pilot_skill": 0.8628,
        "mission_priority": 0.4981,
        "estimated_landing_time": 194.0,
        "wait_time": 0,
        "Landing_success_rate": 0.8894
    },
    {
        "model": 2,
        "sequence": 19,
        "status": 1,
        "fuel": 6992,
        "fault": 0.1277,
        "weapon": 0,
        "pilot_injury": 0.8919,
        "pilot_skill": 0.6323,
        "mission_priority": 0.3473,
        "estimated_landing_time": 1792.0,
        "wait_time": 0,
        "Landing_success_rate": 0.9476
    }
]