[
    {
        "model": 1,
        "sequence": 14,
        "status": 1,
        "fuel": 5551,
        "fault": 0.1707,
        "weapon": 1,
        "pilot_injury": 0.2428,
        "pilot_skill": 0.0852,
        "mission_priority": 0.5346,
        "estimated_landing_time": 1322.0,
        "wait_time": 0,
        "Landing_success_rate": 0.8532
    },
    {
        "model": 1,
        "sequence": 19,
        "status": 1,
        "fuel": 5701,
        "fault": 0.7274,
        "weapon": 1,
        "pilot_injury": 0.7391,
        "pilot_skill": 0.2984,
        "mission_priority": 0.4481,
        "estimated_landing_time": 1792.0,
        "wait_time": 0,
        "Landing_success_rate": 0.8541
    },
    {
        "model": 2,
        "sequence": 2,
        "status": 1,
        "fuel": 6022,
        "fault": 0.468,
        "weapon": 1,
        "pilot_injury": 0.417,
        "pilot_skill": 0.7643,
        "mission_priority": 0.395,
        "estimated_landing_time": 194.0,
        "wait_time": 0,
        "Landing_success_rate": 0.8708
    },
    {
        "model": 2,
        "sequence": 10,
        "status": 1,
        "fuel": 6841,
        "fault": 0.9989,
        "weapon": 1,
        "pilot_injury": 0.3227,
        "pilot_skill": 0.7975,
        "mission_priority": 0.3389,
        "estimated_landing_time": 946.0,
        "wait_time": 0,
        "Landing_success_rate": 0.8501
    },
    {
        "model": 2,
        "sequence": 6,
        "status": 1,
        "fuel": 6377,
        "fault": 0.7798,
        "weapon": 0,
        "pilot_injury": 0.1999,
        "pilot_skill": 0.7371,
        "mission_priority": 0.8875,
        "estimated_landing_time": 570.0,
        "wait_time": 0,
        "Landing_success_rate": 0.8645
    },
    {
        "model": 2,
        "sequence": 22,
        "status": 1,
        "fuel": 7387,
        "fault": 0.1718,
        "weapon": 1,
        "pilot_injury": 0.3138,
        "pilot_skill": 0.6578,
        "mission_priority": 0.3685,
        "estimated_landing_time": 2074.0,
        "wait_time": 0,
        "Landing_success_rate": 0.9672
    },
    {
        "model": 0,
        "sequence": 18,
        "status": 1,
        "fuel": 6878,
        "fault": 0.3638,
        "weapon": 1,
        "pilot_injury": 0.4085,
        "pilot_skill": 0.9997,
        "mission_priority": 0.2979,
        "estimated_landing_time": 1698.0,
        "wait_time": 0,
        "Landing_success_rate": 0.9158
    },
    {
        "model": 2,
        "sequence": 1,
        "status": 1,
        "fuel": 6514,
        "fault": 0.2081,
        "weapon": 0,
        "pilot_injury": 0.1109,
        "pilot_skill": 0.7508,
        "mission_priority": 0.7023,
        "estimated_landing_time": 100.0,
        "wait_time": 0,
        "Landing_success_rate": 0.9102
    },
    {
        "model": 2,
        "sequence": 7,
        "status": 1,
        "fuel": 6347,
        "fault": 0.8101,
        "weapon": 0,
        "pilot_injury": 0.9308,
        "pilot_skill": 0.1195,
        "mission_priority": 0.0303,
        "estimated_landing_time": 664.0,
        "wait_time": 0,
        "Landing_success_rate": 0.8621
    },
    {
        "model": 2,
        "sequence": 12,
        "status": 1,
        "fuel": 5800,
        "fault": 0.7786,
        "weapon": 1,
        "pilot_injury": 0.673,
        "pilot_skill": 0.4362,
        "mission_priority": 0.2563,
        "estimated_landing_time": 1134.0,
        "wait_time": 0,
        "Landing_success_rate": 0.855
    },
    {
        "model": 1,
        "sequence": 21,
        "status": 1,
        "fuel": 5582,
        "fault": 0.7722,
        "weapon": 0,
        "pilot_injury": 0.46,
        "pilot_skill": 0.687,
        "mission_priority": 0.646,
        "estimated_landing_time": 1980.0,
        "wait_time": 0,
        "Landing_success_rate": 0.8514
    },
    {
        "model": 1,
        "sequence": 20,
        "status": 1,
        "fuel": 6024,
        "fault": 0.5039,
        "weapon": 1,
        "pilot_injury": 0.3363,
        "pilot_skill": 0.4816,
        "mission_priority": 0.6707,
        "estimated_landing_time": 1886.0,
        "wait_time": 0,
        "Landing_success_rate": 0.8695
    },
    {
        "model": 2,
        "sequence": 8,
        "status": 1,
        "fuel": 6554,
        "fault": 0.359,
        "weapon": 0,
        "pilot_injury": 0.6087,
        "pilot_skill": 0.0397,
        "mission_priority": 0.1137,
        "estimated_landing_time": 758.0,
        "wait_time": 0,
        "Landing_success_rate": 0.9007
    },
    {
        "model": 1,
        "sequence": 9,
        "status": 1,
        "fuel": 6982,
        "fault": 0.32,
        "weapon": 1,
        "pilot_injury": 0.1535,
        "pilot_skill": 0.0589,
        "mission_priority": 0.5787,
        "estimated_landing_time": 852.0,
        "wait_time": 0,
        "Landing_success_rate": 0.9256
    },
    {
        "model": 1,
        "sequence": 16,
        "status": 1,
        "fuel": 7461,
        "fault": 0.636,
        "weapon": 1,
        "pilot_injury": 0.4736,
        "pilot_skill": 0.3058,
        "mission_priority": 0.9313,
        "estimated_landing_time": 1510.0,
        "wait_time": 0,
        "Landing_success_rate": 0.9035
    },
    {
        "model": 0,
        "sequence": 5,
        "status": 1,
        "fuel": 6122,
        "fault": 0.589,
        "weapon": 0,
        "pilot_injury": 0.5181,
        "pilot_skill": 0.0115,
        "mission_priority": 0.517,
        "estimated_landing_time": 476.0,
        "wait_time": 0,
        "Landing_success_rate": 0.8692
    },
    {
        "model": 1,
        "sequence": 17,
        "status": 1,
        "fuel": 5921,
        "fault": 0.9615,
        "weapon": 1,
        "pilot_injury": 0.5655,
        "pilot_skill": 0.0104,
        "mission_priority": 0.2047,
        "estimated_landing_time": 1604.0,
        "wait_time": 0,
        "Landing_success_rate": 0.8512
    },
    {
        "model": 0,
        "sequence": 24,
        "status": 1,
        "fuel": 7391,
        "fault": 0.0132,
        "weapon": 0,
        "pilot_injury": 0.4993,
        "pilot_skill": 0.312,
        "mission_priority": 0.9215,
        "estimated_landing_time": 2262.0,
        "wait_time": 0,
        "Landing_success_rate": 0.99
    },
    {
        "model": 1,
        "sequence": 11,
        "status": 1,
        "fuel": 6672,
        "fault": 0.2239,
        "weapon": 1,
        "pilot_injury": 0.0835,
        "pilot_skill": 0.0403,
        "mission_priority": 0.2592,
        "estimated_landing_time": 1040.0,
        "wait_time": 0,
        "Landing_success_rate": 0.9182
    },
    {
        "model": 2,
        "sequence": 23,
        "status": 1,
        "fuel": 6746,
        "fault": 0.3532,
        "weapon": 1,
        "pilot_injury": 0.5691,
        "pilot_skill": 0.3746,
        "mission_priority": 0.6541,
        "estimated_landing_time": 2168.0,
        "wait_time": 0,
        "Landing_success_rate": 0.9104
    },
    {
        "model": 1,
        "sequence": 15,
        "status": 1,
        "fuel": 5978,
        "fault": 0.9861,
        "weapon": 1,
        "pilot_injury": 0.8545,
        "pilot_skill": 0.5639,
        "mission_priority": 0.6491,
        "estimated_landing_time": 1416.0,
        "wait_time": 0,
        "Landing_success_rate": 0.8505
    },
    {
        "model": 1,
        "sequence": 3,
        "status": 1,
        "fuel": 6920,
        "fault": 0.8412,
        "weapon": 1,
        "pilot_injury": 0.0824,
        "pilot_skill": 0.857,
        "mission_priority": 0.5924,
        "estimated_landing_time": 288.0,
        "wait_time": 0,
        "Landing_success_rate": 0.8669
    },
    {
        "model": 0,
        "sequence": 13,
        "status": 1,
        "fuel": 7382,
        "fault": 0.95,
        "weapon": 1,
        "pilot_injury": 0.4441,
        "pilot_skill": 0.7651,
        "mission_priority": 0.0126,
        "estimated_landing_time": 1228.0,
        "wait_time": 0,
        "Landing_success_rate": 0.8571
    },
    {
        "model": 2,
        "sequence": 4,
        "status": 1,
        "fuel": 6528,
        "fault": 0.831,
        "weapon": 1,
        "pilot_injury": 0.2109,
        "pilot_skill": 0.764,
        "mission_priority": 0.7067,
        "estimated_landing_time": 382.0,
        "wait_time": 0,
        "Landing_success_rate": 0.863
    }
]