[
    {
        "model": 1,
        "sequence": 12,
        "status": 1,
        "fuel": 6005,
        "fault": 0.4441,
        "weapon": 1,
        "pilot_injury": 0.1453,
        "pilot_skill": 0.8308,
        "mission_priority": 0.8624,
        "estimated_landing_time": 1134.0,
        "wait_time": 0,
        "Landing_success_rate": 0.8711
    },
    {
        "model": 1,
        "sequence": 19,
        "status": 1,
        "fuel": 6546,
        "fault": 0.4952,
        "weapon": 1,
        "pilot_injury": 0.1356,
        "pilot_skill": 0.8135,
        "mission_priority": 0.9292,
        "estimated_landing_time": 1792.0,
        "wait_time": 0,
        "Landing_success_rate": 0.8896
    },
    {
        "model": 1,
        "sequence": 8,
        "status": 1,
        "fuel": 7199,
        "fault": 0.2468,
        "weapon": 1,
        "pilot_injury": 0.331,
        "pilot_skill": 0.0305,
        "mission_priority": 0.828,
        "estimated_landing_time": 758.0,
        "wait_time": 0,
        "Landing_success_rate": 0.946
    },
    {
        "model": 2,
        "sequence": 5,
        "status": 1,
        "fuel": 7361,
        "fault": 0.4491,
        "weapon": 0,
        "pilot_injury": 0.4115,
        "pilot_skill": 0.3455,
        "mission_priority": 0.2222,
        "estimated_landing_time": 476.0,
        "wait_time": 0,
        "Landing_success_rate": 0.9269
    },
    {
        "model": 0,
        "sequence": 20,
        "status": 1,
        "fuel": 7264,
        "fault": 0.8135,
        "weapon": 1,
        "pilot_injury": 0.3607,
        "pilot_skill": 0.3211,
        "mission_priority": 0.0012,
        "estimated_landing_time": 1886.0,
        "wait_time": 0,
        "Landing_success_rate": 0.8747
    },
    {
        "model": 2,
        "sequence": 4,
        "status": 1,
        "fuel": 6485,
        "fault": 0.5043,
        "weapon": 1,
        "pilot_injury": 0.5146,
        "pilot_skill": 0.4348,
        "mission_priority": 0.8275,
        "estimated_landing_time": 382.0,
        "wait_time": 0,
        "Landing_success_rate": 0.8866
    },
    {
        "model": 1,
        "sequence": 7,
        "status": 1,
        "fuel": 5780,
        "fault": 0.1382,
        "weapon": 0,
        "pilot_injury": 0.1613,
        "pilot_skill": 0.8207,
        "mission_priority": 0.5762,
        "estimated_landing_time": 664.0,
        "wait_time": 0,
        "Landing_success_rate": 0.8681
    },
    {
        "model": 2,
        "sequence": 16,
        "status": 1,
        "fuel": 6734,
        "fault": 0.5571,
        "weapon": 1,
        "pilot_injury": 0.4251,
        "pilot_skill": 0.8114,
        "mission_priority": 0.9189,
        "estimated_landing_time": 1510.0,
        "wait_time": 0,
        "Landing_success_rate": 0.891
    },
    {
        "model": 1,
        "sequence": 11,
        "status": 1,
        "fuel": 5660,
        "fault": 0.1862,
        "weapon": 0,
        "pilot_injury": 0.0566,
        "pilot_skill": 0.5603,
        "mission_priority": 0.7553,
        "estimated_landing_time": 1040.0,
        "wait_time": 0,
        "Landing_success_rate": 0.8598
    },
    {
        "model": 1,
        "sequence": 2,
        "status": 1,
        "fuel": 7012,
        "fault": 0.0593,
        "weapon": 1,
        "pilot_injury": 0.8989,
        "pilot_skill": 0.1981,
        "mission_priority": 0.0982,
        "estimated_landing_time": 194.0,
        "wait_time": 0,
        "Landing_success_rate": 0.9567
    },
    {
        "model": 0,
        "sequence": 15,
        "status": 1,
        "fuel": 6799,
        "fault": 0.6133,
        "weapon": 0,
        "pilot_injury": 0.8505,
        "pilot_skill": 0.6416,
        "mission_priority": 0.8332,
        "estimated_landing_time": 1416.0,
        "wait_time": 0,
        "Landing_success_rate": 0.8877
    },
    {
        "model": 1,
        "sequence": 23,
        "status": 1,
        "fuel": 6181,
        "fault": 0.7831,
        "weapon": 1,
        "pilot_injury": 0.762,
        "pilot_skill": 0.1794,
        "mission_priority": 0.2366,
        "estimated_landing_time": 2168.0,
        "wait_time": 0,
        "Landing_success_rate": 0.8611
    },
    {
        "model": 1,
        "sequence": 21,
        "status": 1,
        "fuel": 6219,
        "fault": 0.5095,
        "weapon": 1,
        "pilot_injury": 0.3217,
        "pilot_skill": 0.1693,
        "mission_priority": 0.2939,
        "estimated_landing_time": 1980.0,
        "wait_time": 0,
        "Landing_success_rate": 0.8765
    },
    {
        "model": 1,
        "sequence": 22,
        "status": 1,
        "fuel": 6416,
        "fault": 0.1532,
        "weapon": 0,
        "pilot_injury": 0.7686,
        "pilot_skill": 0.8622,
        "mission_priority": 0.8204,
        "estimated_landing_time": 2074.0,
        "wait_time": 0,
        "Landing_success_rate": 0.9082
    },
    {
        "model": 0,
        "sequence": 9,
        "status": 1,
        "fuel": 5768,
        "fault": 0.8516,
        "weapon": 1,
        "pilot_injury": 0.2879,
        "pilot_skill": 0.0556,
        "mission_priority": 0.676,
        "estimated_landing_time": 852.0,
        "wait_time": 0,
        "Landing_success_rate": 0.853
    },
    {
        "model": 2,
        "sequence": 17,
        "status": 1,
        "fuel": 5857,
        "fault": 0.166,
        "weapon": 0,
        "pilot_injury": 0.6161,
        "pilot_skill": 0.1569,
        "mission_priority": 0.8532,
        "estimated_landing_time": 1604.0,
        "wait_time": 0,
        "Landing_success_rate": 0.8723
    },
    {
        "model": 0,
        "sequence": 13,
        "status": 1,
        "fuel": 6410,
        "fault": 0.0895,
        "weapon": 0,
        "pilot_injury": 0.7741,
        "pilot_skill": 0.2979,
        "mission_priority": 0.0746,
        "estimated_landing_time": 1228.0,
        "wait_time": 0,
        "Landing_success_rate": 0.9121
    },
    {
        "model": 2,
        "sequence": 10,
        "status": 1,
        "fuel": 6652,
        "fault": 0.77,
        "weapon": 1,
        "pilot_injury": 0.2434,
        "pilot_skill": 0.4595,
        "mission_priority": 0.9068,
        "estimated_landing_time": 946.0,
        "wait_time": 0,
        "Landing_success_rate": 0.8699
    },
    {
        "model": 1,
        "sequence": 1,
        "status": 1,
        "fuel": 7294,
        "fault": 0.1931,
        "weapon": 0,
        "pilot_injury": 0.0241,
        "pilot_skill": 0.3414,
        "mission_priority": 0.6823,
        "estimated_landing_time": 100.0,
        "wait_time": 0,
        "Landing_success_rate": 0.9586
    },
    {
        "model": 2,
        "sequence": 24,
        "status": 1,
        "fuel": 5929,
        "fault": 0.3801,
        "weapon": 0,
        "pilot_injury": 0.9146,
        "pilot_skill": 0.3541,
        "mission_priority": 0.7058,
        "estimated_landing_time": 2262.0,
        "wait_time": 0,
        "Landing_success_rate": 0.8699
    },
    {
        "model": 2,
        "sequence": 14,
        "status": 1,
        "fuel": 6705,
        "fault": 0.967,
        "weapon": 1,
        "pilot_injury": 0.0215,
        "pilot_skill": 0.1508,
        "mission_priority": 0.7099,
        "estimated_landing_time": 1322.0,
        "wait_time": 0,
        "Landing_success_rate": 0.853
    },
    {
        "model": 2,
        "sequence": 6,
        "status": 1,
        "fuel": 5749,
        "fault": 0.5908,
        "weapon": 1,
        "pilot_injury": 0.4774,
        "pilot_skill": 0.6749,
        "mission_priority": 0.7738,
        "estimated_landing_time": 570.0,
        "wait_time": 0,
        "Landing_success_rate": 0.8576
    },
    {
        "model": 2,
        "sequence": 18,
        "status": 1,
        "fuel": 7444,
        "fault": 0.4296,
        "weapon": 0,
        "pilot_injury": 0.7945,
        "pilot_skill": 0.6948,
        "mission_priority": 0.5742,
        "estimated_landing_time": 1698.0,
        "wait_time": 0,
        "Landing_success_rate": 0.9332
    },
    {
        "model": 1,
        "sequence": 3,
        "status": 1,
        "fuel": 5590,
        "fault": 0.247,
        "weapon": 1,
        "pilot_injury": 0.8203,
        "pilot_skill": 0.8033,
        "mission_priority": 0.6145,
        "estimated_landing_time": 288.0,
        "wait_time": 0,
        "Landing_success_rate": 0.8551
    }
]