[
    {
        "model": 1,
        "sequence": 4,
        "status": 1,
        "fuel": 5816,
        "fault": 0.109,
        "weapon": 0,
        "pilot_injury": 0.6319,
        "pilot_skill": 0.431,
        "mission_priority": 0.5669,
        "estimated_landing_time": 382.0,
        "wait_time": 0,
        "Landing_success_rate": 0.8711
    },
    {
        "model": 2,
        "sequence": 13,
        "status": 1,
        "fuel": 6400,
        "fault": 0.8102,
        "weapon": 1,
        "pilot_injury": 0.9565,
        "pilot_skill": 0.466,
        "mission_priority": 0.9562,
        "estimated_landing_time": 1228.0,
        "wait_time": 0,
        "Landing_success_rate": 0.8628
    },
    {
        "model": 1,
        "sequence": 11,
        "status": 1,
        "fuel": 6497,
        "fault": 0.7518,
        "weapon": 0,
        "pilot_injury": 0.4674,
        "pilot_skill": 0.5869,
        "mission_priority": 0.838,
        "estimated_landing_time": 1040.0,
        "wait_time": 0,
        "Landing_success_rate": 0.8686
    },
    {
        "model": 0,
        "sequence": 10,
        "status": 1,
        "fuel": 6963,
        "fault": 0.6315,
        "weapon": 1,
        "pilot_injury": 0.7907,
        "pilot_skill": 0.5131,
        "mission_priority": 0.5362,
        "estimated_landing_time": 946.0,
        "wait_time": 0,
        "Landing_success_rate": 0.8904
    },
    {
        "model": 1,
        "sequence": 1,
        "status": 1,
        "fuel": 6476,
        "fault": 0.265,
        "weapon": 0,
        "pilot_injury": 0.9049,
        "pilot_skill": 0.8403,
        "mission_priority": 0.0101,
        "estimated_landing_time": 100.0,
        "wait_time": 0,
        "Landing_success_rate": 0.9038
    },
    {
        "model": 0,
        "sequence": 17,
        "status": 1,
        "fuel": 7357,
        "fault": 0.5427,
        "weapon": 1,
        "pilot_injury": 0.4583,
        "pilot_skill": 0.0674,
        "mission_priority": 0.9688,
        "estimated_landing_time": 1604.0,
        "wait_time": 0,
        "Landing_success_rate": 0.9137
    },
    {
        "model": 0,
        "sequence": 5,
        "status": 1,
        "fuel": 6048,
        "fault": 0.4047,
        "weapon": 0,
        "pilot_injury": 0.3922,
        "pilot_skill": 0.512,
        "mission_priority": 0.7623,
        "estimated_landing_time": 476.0,
        "wait_time": 0,
        "Landing_success_rate": 0.8745
    },
    {
        "model": 0,
        "sequence": 2,
        "status": 1,
        "fuel": 6630,
        "fault": 0.9592,
        "weapon": 0,
        "pilot_injury": 0.7373,
        "pilot_skill": 0.3954,
        "mission_priority": 0.032,
        "estimated_landing_time": 194.0,
        "wait_time": 0,
        "Landing_success_rate": 0.8535
    },
    {
        "model": 0,
        "sequence": 20,
        "status": 1,
        "fuel": 5953,
        "fault": 0.1255,
        "weapon": 0,
        "pilot_injury": 0.9768,
        "pilot_skill": 0.037,
        "mission_priority": 0.5399,
        "estimated_landing_time": 1886.0,
        "wait_time": 0,
        "Landing_success_rate": 0.8797
    },
    {
        "model": 1,
        "sequence": 21,
        "status": 1,
        "fuel": 7054,
        "fault": 0.9717,
        "weapon": 1,
        "pilot_injury": 0.6378,
        "pilot_skill": 0.1636,
        "mission_priority": 0.2839,
        "estimated_landing_time": 1980.0,
        "wait_time": 0,
        "Landing_success_rate": 0.8533
    },
    {
        "model": 1,
        "sequence": 12,
        "status": 1,
        "fuel": 5634,
        "fault": 0.7565,
        "weapon": 0,
        "pilot_injury": 0.9937,
        "pilot_skill": 0.3865,
        "mission_priority": 0.4633,
        "estimated_landing_time": 1134.0,
        "wait_time": 0,
        "Landing_success_rate": 0.8524
    },
    {
        "model": 1,
        "sequence": 24,
        "status": 1,
        "fuel": 5824,
        "fault": 0.6419,
        "weapon": 1,
        "pilot_injury": 0.9223,
        "pilot_skill": 0.7488,
        "mission_priority": 0.3334,
        "estimated_landing_time": 2262.0,
        "wait_time": 0,
        "Landing_success_rate": 0.8587
    },
    {
        "model": 1,
        "sequence": 6,
        "status": 1,
        "fuel": 6603,
        "fault": 0.1758,
        "weapon": 1,
        "pilot_injury": 0.074,
        "pilot_skill": 0.2645,
        "mission_priority": 0.2006,
        "estimated_landing_time": 570.0,
        "wait_time": 0,
        "Landing_success_rate": 0.9182
    },
    {
        "model": 1,
        "sequence": 23,
        "status": 1,
        "fuel": 6555,
        "fault": 0.077,
        "weapon": 0,
        "pilot_injury": 0.3081,
        "pilot_skill": 0.5439,
        "mission_priority": 0.6211,
        "estimated_landing_time": 2168.0,
        "wait_time": 0,
        "Landing_success_rate": 0.923
    },
    {
        "model": 2,
        "sequence": 15,
        "status": 1,
        "fuel": 5888,
        "fault": 0.4136,
        "weapon": 1,
        "pilot_injury": 0.5342,
        "pilot_skill": 0.9655,
        "mission_priority": 0.2974,
        "estimated_landing_time": 1416.0,
        "wait_time": 0,
        "Landing_success_rate": 0.8671
    },
    {
        "model": 0,
        "sequence": 3,
        "status": 1,
        "fuel": 6066,
        "fault": 0.3526,
        "weapon": 0,
        "pilot_injury": 0.7711,
        "pilot_skill": 0.4148,
        "mission_priority": 0.213,
        "estimated_landing_time": 288.0,
        "wait_time": 0,
        "Landing_success_rate": 0.8775
    },
    {
        "model": 0,
        "sequence": 19,
        "status": 1,
        "fuel": 5932,
        "fault": 0.1507,
        "weapon": 0,
        "pilot_injury": 0.8762,
        "pilot_skill": 0.8443,
        "mission_priority": 0.2052,
        "estimated_landing_time": 1792.0,
        "wait_time": 0,
        "Landing_success_rate": 0.8775
    },
    {
        "model": 2,
        "sequence": 8,
        "status": 1,
        "fuel": 7097,
        "fault": 0.6769,
        "weapon": 1,
        "pilot_injury": 0.8637,
        "pilot_skill": 0.7703,
        "mission_priority": 0.5699,
        "estimated_landing_time": 758.0,
        "wait_time": 0,
        "Landing_success_rate": 0.8887
    },
    {
        "model": 2,
        "sequence": 16,
        "status": 1,
        "fuel": 6460,
        "fault": 0.1996,
        "weapon": 0,
        "pilot_injury": 0.0399,
        "pilot_skill": 0.3306,
        "mission_priority": 0.8214,
        "estimated_landing_time": 1510.0,
        "wait_time": 0,
        "Landing_success_rate": 0.9076
    },
    {
        "model": 1,
        "sequence": 18,
        "status": 1,
        "fuel": 5818,
        "fault": 0.3674,
        "weapon": 1,
        "pilot_injury": 0.8345,
        "pilot_skill": 0.2286,
        "mission_priority": 0.8155,
        "estimated_landing_time": 1698.0,
        "wait_time": 0,
        "Landing_success_rate": 0.8651
    },
    {
        "model": 1,
        "sequence": 22,
        "status": 1,
        "fuel": 7399,
        "fault": 0.4703,
        "weapon": 1,
        "pilot_injury": 0.2727,
        "pilot_skill": 0.9002,
        "mission_priority": 0.0888,
        "estimated_landing_time": 2074.0,
        "wait_time": 0,
        "Landing_success_rate": 0.9254
    },
    {
        "model": 0,
        "sequence": 7,
        "status": 1,
        "fuel": 7467,
        "fault": 0.6698,
        "weapon": 1,
        "pilot_injury": 0.8501,
        "pilot_skill": 0.0955,
        "mission_priority": 0.7338,
        "estimated_landing_time": 664.0,
        "wait_time": 0,
        "Landing_success_rate": 0.8987
    },
    {
        "model": 1,
        "sequence": 9,
        "status": 1,
        "fuel": 6612,
        "fault": 0.9918,
        "weapon": 0,
        "pilot_injury": 0.4867,
        "pilot_skill": 0.3211,
        "mission_priority": 0.3515,
        "estimated_landing_time": 852.0,
        "wait_time": 0,
        "Landing_success_rate": 0.8507
    },
    {
        "model": 0,
        "sequence": 14,
        "status": 1,
        "fuel": 6539,
        "fault": 0.3548,
        "weapon": 0,
        "pilot_injury": 0.5849,
        "pilot_skill": 0.2787,
        "mission_priority": 0.4666,
        "estimated_landing_time": 1322.0,
        "wait_time": 0,
        "Landing_success_rate": 0.9003
    }
]