[
    {
        "model": 0,
        "sequence": 2,
        "status": 1,
        "fuel": 6894,
        "fault": 0.6157,
        "weapon": 0,
        "pilot_injury": 0.6243,
        "pilot_skill": 0.294,
        "mission_priority": 0.1581,
        "estimated_landing_time": 194.0,
        "wait_time": 0,
        "Landing_success_rate": 0.8902
    },
    {
        "model": 1,
        "sequence": 18,
        "status": 1,
        "fuel": 5889,
        "fault": 0.136,
        "weapon": 1,
        "pilot_injury": 0.2461,
        "pilot_skill": 0.361,
        "mission_priority": 0.7408,
        "estimated_landing_time": 1698.0,
        "wait_time": 0,
        "Landing_success_rate": 0.8752
    },
    {
        "model": 0,
        "sequence": 6,
        "status": 1,
        "fuel": 6826,
        "fault": 0.1269,
        "weapon": 0,
        "pilot_injury": 0.9366,
        "pilot_skill": 0.7853,
        "mission_priority": 0.8568,
        "estimated_landing_time": 570.0,
        "wait_time": 0,
        "Landing_success_rate": 0.9368
    },
    {
        "model": 1,
        "sequence": 5,
        "status": 1,
        "fuel": 7108,
        "fault": 0.2234,
        "weapon": 0,
        "pilot_injury": 0.3054,
        "pilot_skill": 0.0646,
        "mission_priority": 0.0911,
        "estimated_landing_time": 476.0,
        "wait_time": 0,
        "Landing_success_rate": 0.9437
    },
    {
        "model": 2,
        "sequence": 11,
        "status": 1,
        "fuel": 5855,
        "fault": 0.0472,
        "weapon": 0,
        "pilot_injury": 0.0302,
        "pilot_skill": 0.0832,
        "mission_priority": 0.9442,
        "estimated_landing_time": 1040.0,
        "wait_time": 0,
        "Landing_success_rate": 0.8754
    },
    {
        "model": 1,
        "sequence": 3,
        "status": 1,
        "fuel": 7075,
        "fault": 0.7461,
        "weapon": 1,
        "pilot_injury": 0.6426,
        "pilot_skill": 0.9586,
        "mission_priority": 0.8998,
        "estimated_landing_time": 288.0,
        "wait_time": 0,
        "Landing_success_rate": 0.88
    },
    {
        "model": 1,
        "sequence": 20,
        "status": 1,
        "fuel": 7030,
        "fault": 0.7805,
        "weapon": 0,
        "pilot_injury": 0.4323,
        "pilot_skill": 0.6699,
        "mission_priority": 0.2596,
        "estimated_landing_time": 1886.0,
        "wait_time": 0,
        "Landing_success_rate": 0.8752
    },
    {
        "model": 2,
        "sequence": 17,
        "status": 1,
        "fuel": 6174,
        "fault": 0.8085,
        "weapon": 0,
        "pilot_injury": 0.6068,
        "pilot_skill": 0.6827,
        "mission_priority": 0.1735,
        "estimated_landing_time": 1604.0,
        "wait_time": 0,
        "Landing_success_rate": 0.8597
    },
    {
        "model": 0,
        "sequence": 15,
        "status": 1,
        "fuel": 7294,
        "fault": 0.6779,
        "weapon": 1,
        "pilot_injury": 0.1638,
        "pilot_skill": 0.3442,
        "mission_priority": 0.6665,
        "estimated_landing_time": 1416.0,
        "wait_time": 0,
        "Landing_success_rate": 0.8933
    },
    {
        "model": 1,
        "sequence": 14,
        "status": 1,
        "fuel": 6810,
        "fault": 0.8894,
        "weapon": 0,
        "pilot_injury": 0.5166,
        "pilot_skill": 0.0819,
        "mission_priority": 0.3791,
        "estimated_landing_time": 1322.0,
        "wait_time": 0,
        "Landing_success_rate": 0.8609
    },
    {
        "model": 1,
        "sequence": 21,
        "status": 1,
        "fuel": 5832,
        "fault": 0.1005,
        "weapon": 0,
        "pilot_injury": 0.7578,
        "pilot_skill": 0.2473,
        "mission_priority": 0.7129,
        "estimated_landing_time": 1980.0,
        "wait_time": 0,
        "Landing_success_rate": 0.8724
    },
    {
        "model": 0,
        "sequence": 22,
        "status": 1,
        "fuel": 5956,
        "fault": 0.6665,
        "weapon": 0,
        "pilot_injury": 0.5234,
        "pilot_skill": 0.3797,
        "mission_priority": 0.23,
        "estimated_landing_time": 2074.0,
        "wait_time": 0,
        "Landing_success_rate": 0.8614
    },
    {
        "model": 1,
        "sequence": 23,
        "status": 1,
        "fuel": 6658,
        "fault": 0.9852,
        "weapon": 1,
        "pilot_injury": 0.8003,
        "pilot_skill": 0.3821,
        "mission_priority": 0.1695,
        "estimated_landing_time": 2168.0,
        "wait_time": 0,
        "Landing_success_rate": 0.8513
    },
    {
        "model": 2,
        "sequence": 8,
        "status": 1,
        "fuel": 5884,
        "fault": 0.7895,
        "weapon": 0,
        "pilot_injury": 0.7481,
        "pilot_skill": 0.8175,
        "mission_priority": 0.7682,
        "estimated_landing_time": 758.0,
        "wait_time": 0,
        "Landing_success_rate": 0.8561
    },
    {
        "model": 1,
        "sequence": 13,
        "status": 1,
        "fuel": 6516,
        "fault": 0.8,
        "weapon": 1,
        "pilot_injury": 0.6602,
        "pilot_skill": 0.5757,
        "mission_priority": 0.6979,
        "estimated_landing_time": 1228.0,
        "wait_time": 0,
        "Landing_success_rate": 0.8652
    },
    {
        "model": 0,
        "sequence": 10,
        "status": 1,
        "fuel": 6665,
        "fault": 0.8647,
        "weapon": 0,
        "pilot_injury": 0.8812,
        "pilot_skill": 0.1611,
        "mission_priority": 0.4144,
        "estimated_landing_time": 946.0,
        "wait_time": 0,
        "Landing_success_rate": 0.8618
    },
    {
        "model": 0,
        "sequence": 7,
        "status": 1,
        "fuel": 6808,
        "fault": 0.6517,
        "weapon": 1,
        "pilot_injury": 0.5624,
        "pilot_skill": 0.9962,
        "mission_priority": 0.2558,
        "estimated_landing_time": 664.0,
        "wait_time": 0,
        "Landing_success_rate": 0.8842
    },
    {
        "model": 1,
        "sequence": 9,
        "status": 1,
        "fuel": 6006,
        "fault": 0.3294,
        "weapon": 1,
        "pilot_injury": 0.5845,
        "pilot_skill": 0.0975,
        "mission_priority": 0.5724,
        "estimated_landing_time": 852.0,
        "wait_time": 0,
        "Landing_success_rate": 0.8754
    },
    {
        "model": 0,
        "sequence": 24,
        "status": 1,
        "fuel": 7414,
        "fault": 0.6535,
        "weapon": 1,
        "pilot_injury": 0.6397,
        "pilot_skill": 0.9594,
        "mission_priority": 0.798,
        "estimated_landing_time": 2262.0,
        "wait_time": 0,
        "Landing_success_rate": 0.8997
    },
    {
        "model": 0,
        "sequence": 1,
        "status": 1,
        "fuel": 7419,
        "fault": 0.6448,
        "weapon": 0,
        "pilot_injury": 0.1706,
        "pilot_skill": 0.7727,
        "mission_priority": 0.4068,
        "estimated_landing_time": 100.0,
        "wait_time": 0,
        "Landing_success_rate": 0.9011
    },
    {
        "model": 1,
        "sequence": 12,
        "status": 1,
        "fuel": 5573,
        "fault": 0.2197,
        "weapon": 1,
        "pilot_injury": 0.0338,
        "pilot_skill": 0.3125,
        "mission_priority": 0.1662,
        "estimated_landing_time": 1134.0,
        "wait_time": 0,
        "Landing_success_rate": 0.8543
    },
    {
        "model": 1,
        "sequence": 16,
        "status": 1,
        "fuel": 7325,
        "fault": 0.4141,
        "weapon": 1,
        "pilot_injury": 0.8023,
        "pilot_skill": 0.2011,
        "mission_priority": 0.5314,
        "estimated_landing_time": 1510.0,
        "wait_time": 0,
        "Landing_success_rate": 0.9302
    },
    {
        "model": 0,
        "sequence": 19,
        "status": 1,
        "fuel": 7196,
        "fault": 0.4165,
        "weapon": 1,
        "pilot_injury": 0.9242,
        "pilot_skill": 0.8665,
        "mission_priority": 0.2512,
        "estimated_landing_time": 1792.0,
        "wait_time": 0,
        "Landing_success_rate": 0.9242
    },
    {
        "model": 1,
        "sequence": 4,
        "status": 1,
        "fuel": 6414,
        "fault": 0.9441,
        "weapon": 1,
        "pilot_injury": 0.2861,
        "pilot_skill": 0.681,
        "mission_priority": 0.6662,
        "estimated_landing_time": 382.0,
        "wait_time": 0,
        "Landing_success_rate": 0.8538
    }
]