[
    {
        "model": 1,
        "sequence": 11,
        "status": 1,
        "fuel": 6344,
        "fault": 0.5202,
        "weapon": 0,
        "pilot_injury": 0.5267,
        "pilot_skill": 0.288,
        "mission_priority": 0.7908,
        "estimated_landing_time": 1040.0,
        "wait_time": 0,
        "Landing_success_rate": 0.8804
    },
    {
        "model": 2,
        "sequence": 17,
        "status": 1,
        "fuel": 7190,
        "fault": 0.9682,
        "weapon": 0,
        "pilot_injury": 0.7849,
        "pilot_skill": 0.4336,
        "mission_priority": 0.2015,
        "estimated_landing_time": 1604.0,
        "wait_time": 0,
        "Landing_success_rate": 0.854
    },
    {
        "model": 2,
        "sequence": 15,
        "status": 1,
        "fuel": 6858,
        "fault": 0.1298,
        "weapon": 0,
        "pilot_injury": 0.1251,
        "pilot_skill": 0.277,
        "mission_priority": 0.2213,
        "estimated_landing_time": 1416.0,
        "wait_time": 0,
        "Landing_success_rate": 0.9386
    },
    {
        "model": 1,
        "sequence": 19,
        "status": 1,
        "fuel": 7349,
        "fault": 0.2428,
        "weapon": 0,
        "pilot_injury": 0.7137,
        "pilot_skill": 0.6625,
        "mission_priority": 0.0063,
        "estimated_landing_time": 1792.0,
        "wait_time": 0,
        "Landing_success_rate": 0.955
    },
    {
        "model": 0,
        "sequence": 7,
        "status": 1,
        "fuel": 5759,
        "fault": 0.5723,
        "weapon": 1,
        "pilot_injury": 0.272,
        "pilot_skill": 0.1464,
        "mission_priority": 0.4103,
        "estimated_landing_time": 664.0,
        "wait_time": 0,
        "Landing_success_rate": 0.8583
    },
    {
        "model": 2,
        "sequence": 24,
        "status": 1,
        "fuel": 5732,
        "fault": 0.3103,
        "weapon": 0,
        "pilot_injury": 0.7877,
        "pilot_skill": 0.5743,
        "mission_priority": 0.0897,
        "estimated_landing_time": 2262.0,
        "wait_time": 0,
        "Landing_success_rate": 0.862
    },
    {
        "model": 1,
        "sequence": 22,
        "status": 1,
        "fuel": 6930,
        "fault": 0.7476,
        "weapon": 0,
        "pilot_injury": 0.2024,
        "pilot_skill": 0.7046,
        "mission_priority": 0.8419,
        "estimated_landing_time": 2074.0,
        "wait_time": 0,
        "Landing_success_rate": 0.8771
    },
    {
        "model": 0,
        "sequence": 8,
        "status": 1,
        "fuel": 7410,
        "fault": 0.0712,
        "weapon": 0,
        "pilot_injury": 0.4786,
        "pilot_skill": 0.5123,
        "mission_priority": 0.4006,
        "estimated_landing_time": 758.0,
        "wait_time": 0,
        "Landing_success_rate": 0.9831
    },
    {
        "model": 2,
        "sequence": 21,
        "status": 1,
        "fuel": 5564,
        "fault": 0.8934,
        "weapon": 1,
        "pilot_injury": 0.2413,
        "pilot_skill": 0.5856,
        "mission_priority": 0.6887,
        "estimated_landing_time": 1980.0,
        "wait_time": 0,
        "Landing_success_rate": 0.8505
    },
    {
        "model": 1,
        "sequence": 4,
        "status": 1,
        "fuel": 6154,
        "fault": 0.4855,
        "weapon": 1,
        "pilot_injury": 0.9055,
        "pilot_skill": 0.5672,
        "mission_priority": 0.217,
        "estimated_landing_time": 382.0,
        "wait_time": 0,
        "Landing_success_rate": 0.8752
    },
    {
        "model": 2,
        "sequence": 14,
        "status": 1,
        "fuel": 6295,
        "fault": 0.6365,
        "weapon": 0,
        "pilot_injury": 0.5477,
        "pilot_skill": 0.3344,
        "mission_priority": 0.6304,
        "estimated_landing_time": 1322.0,
        "wait_time": 0,
        "Landing_success_rate": 0.8717
    },
    {
        "model": 2,
        "sequence": 18,
        "status": 1,
        "fuel": 5965,
        "fault": 0.5328,
        "weapon": 0,
        "pilot_injury": 0.5463,
        "pilot_skill": 0.0618,
        "mission_priority": 0.8809,
        "estimated_landing_time": 1698.0,
        "wait_time": 0,
        "Landing_success_rate": 0.8663
    },
    {
        "model": 1,
        "sequence": 2,
        "status": 1,
        "fuel": 6614,
        "fault": 0.8861,
        "weapon": 1,
        "pilot_injury": 0.3912,
        "pilot_skill": 0.3998,
        "mission_priority": 0.7649,
        "estimated_landing_time": 194.0,
        "wait_time": 0,
        "Landing_success_rate": 0.8595
    },
    {
        "model": 1,
        "sequence": 3,
        "status": 1,
        "fuel": 5506,
        "fault": 0.8707,
        "weapon": 0,
        "pilot_injury": 0.5052,
        "pilot_skill": 0.5929,
        "mission_priority": 0.7607,
        "estimated_landing_time": 288.0,
        "wait_time": 0,
        "Landing_success_rate": 0.8501
    },
    {
        "model": 2,
        "sequence": 9,
        "status": 1,
        "fuel": 7034,
        "fault": 0.6694,
        "weapon": 0,
        "pilot_injury": 0.7892,
        "pilot_skill": 0.9491,
        "mission_priority": 0.3767,
        "estimated_landing_time": 852.0,
        "wait_time": 0,
        "Landing_success_rate": 0.888
    },
    {
        "model": 2,
        "sequence": 6,
        "status": 1,
        "fuel": 6323,
        "fault": 0.6327,
        "weapon": 1,
        "pilot_injury": 0.3588,
        "pilot_skill": 0.412,
        "mission_priority": 0.8352,
        "estimated_landing_time": 570.0,
        "wait_time": 0,
        "Landing_success_rate": 0.8727
    },
    {
        "model": 1,
        "sequence": 1,
        "status": 1,
        "fuel": 7331,
        "fault": 0.7858,
        "weapon": 0,
        "pilot_injury": 0.019,
        "pilot_skill": 0.4645,
        "mission_priority": 0.9013,
        "estimated_landing_time": 100.0,
        "wait_time": 0,
        "Landing_success_rate": 0.8794
    },
    {
        "model": 0,
        "sequence": 23,
        "status": 1,
        "fuel": 6255,
        "fault": 0.2658,
        "weapon": 0,
        "pilot_injury": 0.4334,
        "pilot_skill": 0.7044,
        "mission_priority": 0.4545,
        "estimated_landing_time": 2168.0,
        "wait_time": 0,
        "Landing_success_rate": 0.8916
    },
    {
        "model": 0,
        "sequence": 13,
        "status": 1,
        "fuel": 6397,
        "fault": 0.1688,
        "weapon": 0,
        "pilot_injury": 0.2544,
        "pilot_skill": 0.7519,
        "mission_priority": 0.1531,
        "estimated_landing_time": 1228.0,
        "wait_time": 0,
        "Landing_success_rate": 0.9059
    },
    {
        "model": 0,
        "sequence": 20,
        "status": 1,
        "fuel": 5871,
        "fault": 0.0961,
        "weapon": 1,
        "pilot_injury": 0.8284,
        "pilot_skill": 0.7915,
        "mission_priority": 0.7217,
        "estimated_landing_time": 1886.0,
        "wait_time": 0,
        "Landing_success_rate": 0.8752
    },
    {
        "model": 0,
        "sequence": 12,
        "status": 1,
        "fuel": 6919,
        "fault": 0.7313,
        "weapon": 0,
        "pilot_injury": 0.2168,
        "pilot_skill": 0.8648,
        "mission_priority": 0.8573,
        "estimated_landing_time": 1134.0,
        "wait_time": 0,
        "Landing_success_rate": 0.8786
    },
    {
        "model": 1,
        "sequence": 10,
        "status": 1,
        "fuel": 7016,
        "fault": 0.6815,
        "weapon": 1,
        "pilot_injury": 0.5368,
        "pilot_skill": 0.6487,
        "mission_priority": 0.7107,
        "estimated_landing_time": 946.0,
        "wait_time": 0,
        "Landing_success_rate": 0.8862
    },
    {
        "model": 0,
        "sequence": 16,
        "status": 1,
        "fuel": 5630,
        "fault": 0.5458,
        "weapon": 1,
        "pilot_injury": 0.3595,
        "pilot_skill": 0.1794,
        "mission_priority": 0.2046,
        "estimated_landing_time": 1510.0,
        "wait_time": 0,
        "Landing_success_rate": 0.8544
    },
    {
        "model": 2,
        "sequence": 5,
        "status": 1,
        "fuel": 5770,
        "fault": 0.4851,
        "weapon": 0,
        "pilot_injury": 0.0917,
        "pilot_skill": 0.3215,
        "mission_priority": 0.6282,
        "estimated_landing_time": 476.0,
        "wait_time": 0,
        "Landing_success_rate": 0.8604
    }
]