[
    {
        "model": 1,
        "sequence": 16,
        "status": 1,
        "fuel": 6049,
        "fault": 0.6475,
        "weapon": 0,
        "pilot_injury": 0.9563,
        "pilot_skill": 0.1487,
        "mission_priority": 0.764,
        "estimated_landing_time": 1510.0,
        "wait_time": 0,
        "Landing_success_rate": 0.8645
    },
    {
        "model": 1,
        "sequence": 22,
        "status": 1,
        "fuel": 7403,
        "fault": 0.584,
        "weapon": 0,
        "pilot_injury": 0.0287,
        "pilot_skill": 0.0781,
        "mission_priority": 0.0697,
        "estimated_landing_time": 2074.0,
        "wait_time": 0,
        "Landing_success_rate": 0.9094
    },
    {
        "model": 1,
        "sequence": 21,
        "status": 1,
        "fuel": 5713,
        "fault": 0.913,
        "weapon": 1,
        "pilot_injury": 0.9061,
        "pilot_skill": 0.4676,
        "mission_priority": 0.068,
        "estimated_landing_time": 1980.0,
        "wait_time": 0,
        "Landing_success_rate": 0.8514
    },
    {
        "model": 0,
        "sequence": 9,
        "status": 1,
        "fuel": 5512,
        "fault": 0.235,
        "weapon": 1,
        "pilot_injury": 0.7767,
        "pilot_skill": 0.8156,
        "mission_priority": 0.9979,
        "estimated_landing_time": 852.0,
        "wait_time": 0,
        "Landing_success_rate": 0.8507
    },
    {
        "model": 0,
        "sequence": 11,
        "status": 1,
        "fuel": 6340,
        "fault": 0.4461,
        "weapon": 1,
        "pilot_injury": 0.2347,
        "pilot_skill": 0.5878,
        "mission_priority": 0.9619,
        "estimated_landing_time": 1040.0,
        "wait_time": 0,
        "Landing_success_rate": 0.8849
    },
    {
        "model": 1,
        "sequence": 13,
        "status": 1,
        "fuel": 7472,
        "fault": 0.8479,
        "weapon": 1,
        "pilot_injury": 0.7018,
        "pilot_skill": 0.6672,
        "mission_priority": 0.2505,
        "estimated_landing_time": 1228.0,
        "wait_time": 0,
        "Landing_success_rate": 0.8725
    },
    {
        "model": 1,
        "sequence": 15,
        "status": 1,
        "fuel": 5971,
        "fault": 0.385,
        "weapon": 1,
        "pilot_injury": 0.9257,
        "pilot_skill": 0.201,
        "mission_priority": 0.0814,
        "estimated_landing_time": 1416.0,
        "wait_time": 0,
        "Landing_success_rate": 0.8717
    },
    {
        "model": 1,
        "sequence": 10,
        "status": 1,
        "fuel": 6366,
        "fault": 0.0523,
        "weapon": 0,
        "pilot_injury": 0.5269,
        "pilot_skill": 0.6868,
        "mission_priority": 0.4909,
        "estimated_landing_time": 946.0,
        "wait_time": 0,
        "Landing_success_rate": 0.9116
    },
    {
        "model": 1,
        "sequence": 3,
        "status": 1,
        "fuel": 6643,
        "fault": 0.3649,
        "weapon": 0,
        "pilot_injury": 0.5612,
        "pilot_skill": 0.6798,
        "mission_priority": 0.8719,
        "estimated_landing_time": 288.0,
        "wait_time": 0,
        "Landing_success_rate": 0.9044
    },
    {
        "model": 0,
        "sequence": 14,
        "status": 1,
        "fuel": 6438,
        "fault": 0.4492,
        "weapon": 1,
        "pilot_injury": 0.8217,
        "pilot_skill": 0.9661,
        "mission_priority": 0.227,
        "estimated_landing_time": 1322.0,
        "wait_time": 0,
        "Landing_success_rate": 0.8887
    },
    {
        "model": 1,
        "sequence": 7,
        "status": 1,
        "fuel": 6981,
        "fault": 0.2083,
        "weapon": 0,
        "pilot_injury": 0.8814,
        "pilot_skill": 0.1503,
        "mission_priority": 0.8858,
        "estimated_landing_time": 664.0,
        "wait_time": 0,
        "Landing_success_rate": 0.9379
    },
    {
        "model": 2,
        "sequence": 12,
        "status": 1,
        "fuel": 6571,
        "fault": 0.7379,
        "weapon": 1,
        "pilot_injury": 0.4953,
        "pilot_skill": 0.3289,
        "mission_priority": 0.3937,
        "estimated_landing_time": 1134.0,
        "wait_time": 0,
        "Landing_success_rate": 0.8711
    },
    {
        "model": 1,
        "sequence": 6,
        "status": 1,
        "fuel": 6981,
        "fault": 0.3458,
        "weapon": 0,
        "pilot_injury": 0.5913,
        "pilot_skill": 0.9612,
        "mission_priority": 0.3328,
        "estimated_landing_time": 570.0,
        "wait_time": 0,
        "Landing_success_rate": 0.9227
    },
    {
        "model": 0,
        "sequence": 1,
        "status": 1,
        "fuel": 6239,
        "fault": 0.6536,
        "weapon": 1,
        "pilot_injury": 0.373,
        "pilot_skill": 0.4653,
        "mission_priority": 0.685,
        "estimated_landing_time": 100.0,
        "wait_time": 0,
        "Landing_success_rate": 0.8692
    },
    {
        "model": 2,
        "sequence": 5,
        "status": 1,
        "fuel": 6451,
        "fault": 0.4102,
        "weapon": 1,
        "pilot_injury": 0.532,
        "pilot_skill": 0.9751,
        "mission_priority": 0.0425,
        "estimated_landing_time": 476.0,
        "wait_time": 0,
        "Landing_success_rate": 0.8921
    },
    {
        "model": 2,
        "sequence": 24,
        "status": 1,
        "fuel": 7004,
        "fault": 0.9744,
        "weapon": 1,
        "pilot_injury": 0.0084,
        "pilot_skill": 0.5968,
        "mission_priority": 0.0562,
        "estimated_landing_time": 2262.0,
        "wait_time": 0,
        "Landing_success_rate": 0.8529
    },
    {
        "model": 2,
        "sequence": 2,
        "status": 1,
        "fuel": 6128,
        "fault": 0.6254,
        "weapon": 1,
        "pilot_injury": 0.0323,
        "pilot_skill": 0.0488,
        "mission_priority": 0.7536,
        "estimated_landing_time": 194.0,
        "wait_time": 0,
        "Landing_success_rate": 0.8676
    },
    {
        "model": 0,
        "sequence": 4,
        "status": 1,
        "fuel": 7149,
        "fault": 0.8759,
        "weapon": 0,
        "pilot_injury": 0.2703,
        "pilot_skill": 0.173,
        "mission_priority": 0.2961,
        "estimated_landing_time": 382.0,
        "wait_time": 0,
        "Landing_success_rate": 0.8653
    },
    {
        "model": 1,
        "sequence": 20,
        "status": 1,
        "fuel": 5779,
        "fault": 0.3105,
        "weapon": 0,
        "pilot_injury": 0.7467,
        "pilot_skill": 0.5541,
        "mission_priority": 0.6092,
        "estimated_landing_time": 1886.0,
        "wait_time": 0,
        "Landing_success_rate": 0.8644
    },
    {
        "model": 0,
        "sequence": 18,
        "status": 1,
        "fuel": 6044,
        "fault": 0.198,
        "weapon": 1,
        "pilot_injury": 0.1435,
        "pilot_skill": 0.3546,
        "mission_priority": 0.6652,
        "estimated_landing_time": 1698.0,
        "wait_time": 0,
        "Landing_success_rate": 0.8827
    },
    {
        "model": 0,
        "sequence": 23,
        "status": 1,
        "fuel": 7112,
        "fault": 0.5625,
        "weapon": 1,
        "pilot_injury": 0.645,
        "pilot_skill": 0.2105,
        "mission_priority": 0.8601,
        "estimated_landing_time": 2168.0,
        "wait_time": 0,
        "Landing_success_rate": 0.9029
    },
    {
        "model": 2,
        "sequence": 17,
        "status": 1,
        "fuel": 6241,
        "fault": 0.0022,
        "weapon": 0,
        "pilot_injury": 0.5477,
        "pilot_skill": 0.6067,
        "mission_priority": 0.4724,
        "estimated_landing_time": 1604.0,
        "wait_time": 0,
        "Landing_success_rate": 0.9055
    },
    {
        "model": 2,
        "sequence": 19,
        "status": 1,
        "fuel": 6714,
        "fault": 0.7356,
        "weapon": 0,
        "pilot_injury": 0.6725,
        "pilot_skill": 0.5201,
        "mission_priority": 0.0848,
        "estimated_landing_time": 1792.0,
        "wait_time": 0,
        "Landing_success_rate": 0.8741
    },
    {
        "model": 0,
        "sequence": 8,
        "status": 1,
        "fuel": 7168,
        "fault": 0.334,
        "weapon": 1,
        "pilot_injury": 0.2115,
        "pilot_skill": 0.9525,
        "mission_priority": 0.4098,
        "estimated_landing_time": 758.0,
        "wait_time": 0,
        "Landing_success_rate": 0.9333
    }
]