[
    {
        "model": 1,
        "sequence": 16,
        "status": 1,
        "fuel": 7237,
        "fault": 0.5015,
        "weapon": 0,
        "pilot_injury": 0.0959,
        "pilot_skill": 0.3814,
        "mission_priority": 0.9321,
        "estimated_landing_time": 1510.0,
        "wait_time": 0,
        "Landing_success_rate": 0.9149
    },
    {
        "model": 0,
        "sequence": 19,
        "status": 1,
        "fuel": 6364,
        "fault": 0.6563,
        "weapon": 0,
        "pilot_injury": 0.7468,
        "pilot_skill": 0.7336,
        "mission_priority": 0.9122,
        "estimated_landing_time": 1792.0,
        "wait_time": 0,
        "Landing_success_rate": 0.8723
    },
    {
        "model": 2,
        "sequence": 4,
        "status": 1,
        "fuel": 7320,
        "fault": 0.8628,
        "weapon": 1,
        "pilot_injury": 0.4674,
        "pilot_skill": 0.9278,
        "mission_priority": 0.7693,
        "estimated_landing_time": 382.0,
        "wait_time": 0,
        "Landing_success_rate": 0.8687
    },
    {
        "model": 0,
        "sequence": 8,
        "status": 1,
        "fuel": 7104,
        "fault": 0.6536,
        "weapon": 1,
        "pilot_injury": 0.7918,
        "pilot_skill": 0.433,
        "mission_priority": 0.0233,
        "estimated_landing_time": 758.0,
        "wait_time": 0,
        "Landing_success_rate": 0.8917
    },
    {
        "model": 0,
        "sequence": 15,
        "status": 1,
        "fuel": 6340,
        "fault": 0.1845,
        "weapon": 1,
        "pilot_injury": 0.372,
        "pilot_skill": 0.8681,
        "mission_priority": 0.7343,
        "estimated_landing_time": 1416.0,
        "wait_time": 0,
        "Landing_success_rate": 0.9014
    },
    {
        "model": 0,
        "sequence": 10,
        "status": 1,
        "fuel": 6068,
        "fault": 0.909,
        "weapon": 0,
        "pilot_injury": 0.1924,
        "pilot_skill": 0.4226,
        "mission_priority": 0.6247,
        "estimated_landing_time": 946.0,
        "wait_time": 0,
        "Landing_success_rate": 0.8539
    },
    {
        "model": 0,
        "sequence": 7,
        "status": 1,
        "fuel": 7482,
        "fault": 0.8438,
        "weapon": 0,
        "pilot_injury": 0.8085,
        "pilot_skill": 0.783,
        "mission_priority": 0.4145,
        "estimated_landing_time": 664.0,
        "wait_time": 0,
        "Landing_success_rate": 0.8732
    },
    {
        "model": 0,
        "sequence": 5,
        "status": 1,
        "fuel": 6637,
        "fault": 0.309,
        "weapon": 1,
        "pilot_injury": 0.0311,
        "pilot_skill": 0.8908,
        "mission_priority": 0.7698,
        "estimated_landing_time": 476.0,
        "wait_time": 0,
        "Landing_success_rate": 0.9089
    },
    {
        "model": 1,
        "sequence": 2,
        "status": 1,
        "fuel": 5521,
        "fault": 0.9289,
        "weapon": 1,
        "pilot_injury": 0.1794,
        "pilot_skill": 0.9141,
        "mission_priority": 0.3245,
        "estimated_landing_time": 194.0,
        "wait_time": 0,
        "Landing_success_rate": 0.8501
    },
    {
        "model": 0,
        "sequence": 12,
        "status": 1,
        "fuel": 6821,
        "fault": 0.5689,
        "weapon": 1,
        "pilot_injury": 0.7365,
        "pilot_skill": 0.1558,
        "mission_priority": 0.2695,
        "estimated_landing_time": 1134.0,
        "wait_time": 0,
        "Landing_success_rate": 0.8927
    },
    {
        "model": 0,
        "sequence": 23,
        "status": 1,
        "fuel": 5576,
        "fault": 0.3237,
        "weapon": 1,
        "pilot_injury": 0.2963,
        "pilot_skill": 0.6945,
        "mission_priority": 0.8202,
        "estimated_landing_time": 2168.0,
        "wait_time": 0,
        "Landing_success_rate": 0.8539
    },
    {
        "model": 1,
        "sequence": 20,
        "status": 1,
        "fuel": 5615,
        "fault": 0.6646,
        "weapon": 1,
        "pilot_injury": 0.893,
        "pilot_skill": 0.1973,
        "mission_priority": 0.7369,
        "estimated_landing_time": 1886.0,
        "wait_time": 0,
        "Landing_success_rate": 0.8529
    },
    {
        "model": 2,
        "sequence": 24,
        "status": 1,
        "fuel": 5858,
        "fault": 0.4341,
        "weapon": 1,
        "pilot_injury": 0.2206,
        "pilot_skill": 0.4919,
        "mission_priority": 0.42,
        "estimated_landing_time": 2262.0,
        "wait_time": 0,
        "Landing_success_rate": 0.8652
    },
    {
        "model": 1,
        "sequence": 18,
        "status": 1,
        "fuel": 5934,
        "fault": 0.4712,
        "weapon": 0,
        "pilot_injury": 0.937,
        "pilot_skill": 0.4594,
        "mission_priority": 0.9644,
        "estimated_landing_time": 1698.0,
        "wait_time": 0,
        "Landing_success_rate": 0.8672
    },
    {
        "model": 2,
        "sequence": 9,
        "status": 1,
        "fuel": 5747,
        "fault": 0.3314,
        "weapon": 0,
        "pilot_injury": 0.1049,
        "pilot_skill": 0.5861,
        "mission_priority": 0.1427,
        "estimated_landing_time": 852.0,
        "wait_time": 0,
        "Landing_success_rate": 0.8624
    },
    {
        "model": 0,
        "sequence": 14,
        "status": 1,
        "fuel": 6479,
        "fault": 0.7004,
        "weapon": 1,
        "pilot_injury": 0.7262,
        "pilot_skill": 0.0392,
        "mission_priority": 0.5309,
        "estimated_landing_time": 1322.0,
        "wait_time": 0,
        "Landing_success_rate": 0.872
    },
    {
        "model": 1,
        "sequence": 3,
        "status": 1,
        "fuel": 6214,
        "fault": 0.8465,
        "weapon": 1,
        "pilot_injury": 0.5007,
        "pilot_skill": 0.7138,
        "mission_priority": 0.0532,
        "estimated_landing_time": 288.0,
        "wait_time": 0,
        "Landing_success_rate": 0.8582
    },
    {
        "model": 2,
        "sequence": 22,
        "status": 1,
        "fuel": 5664,
        "fault": 0.6098,
        "weapon": 1,
        "pilot_injury": 0.8332,
        "pilot_skill": 0.2181,
        "mission_priority": 0.8333,
        "estimated_landing_time": 2074.0,
        "wait_time": 0,
        "Landing_success_rate": 0.8548
    },
    {
        "model": 2,
        "sequence": 11,
        "status": 1,
        "fuel": 7026,
        "fault": 0.2579,
        "weapon": 1,
        "pilot_injury": 0.1995,
        "pilot_skill": 0.876,
        "mission_priority": 0.7049,
        "estimated_landing_time": 1040.0,
        "wait_time": 0,
        "Landing_success_rate": 0.9349
    },
    {
        "model": 1,
        "sequence": 21,
        "status": 1,
        "fuel": 6530,
        "fault": 0.1086,
        "weapon": 0,
        "pilot_injury": 0.2912,
        "pilot_skill": 0.1433,
        "mission_priority": 0.6303,
        "estimated_landing_time": 1980.0,
        "wait_time": 0,
        "Landing_success_rate": 0.9189
    },
    {
        "model": 1,
        "sequence": 17,
        "status": 1,
        "fuel": 5628,
        "fault": 0.3191,
        "weapon": 1,
        "pilot_injury": 0.952,
        "pilot_skill": 0.6589,
        "mission_priority": 0.0057,
        "estimated_landing_time": 1604.0,
        "wait_time": 0,
        "Landing_success_rate": 0.8565
    },
    {
        "model": 1,
        "sequence": 6,
        "status": 1,
        "fuel": 5900,
        "fault": 0.7187,
        "weapon": 0,
        "pilot_injury": 0.4992,
        "pilot_skill": 0.6033,
        "mission_priority": 0.9606,
        "estimated_landing_time": 570.0,
        "wait_time": 0,
        "Landing_success_rate": 0.8584
    },
    {
        "model": 1,
        "sequence": 13,
        "status": 1,
        "fuel": 6773,
        "fault": 0.9564,
        "weapon": 1,
        "pilot_injury": 0.266,
        "pilot_skill": 0.8331,
        "mission_priority": 0.8243,
        "estimated_landing_time": 1228.0,
        "wait_time": 0,
        "Landing_success_rate": 0.8542
    },
    {
        "model": 1,
        "sequence": 1,
        "status": 1,
        "fuel": 6029,
        "fault": 0.9493,
        "weapon": 1,
        "pilot_injury": 0.672,
        "pilot_skill": 0.4735,
        "mission_priority": 0.2015,
        "estimated_landing_time": 100.0,
        "wait_time": 0,
        "Landing_success_rate": 0.852
    }
]