[
    {
        "model": 2,
        "sequence": 12,
        "status": 1,
        "fuel": 7007,
        "fault": 0.5194,
        "weapon": 1,
        "pilot_injury": 0.9836,
        "pilot_skill": 0.3163,
        "mission_priority": 0.1656,
        "estimated_landing_time": 1134.0,
        "wait_time": 0,
        "Landing_success_rate": 0.9043
    },
    {
        "model": 1,
        "sequence": 21,
        "status": 1,
        "fuel": 6465,
        "fault": 0.9024,
        "weapon": 1,
        "pilot_injury": 0.961,
        "pilot_skill": 0.9881,
        "mission_priority": 0.9264,
        "estimated_landing_time": 1980.0,
        "wait_time": 0,
        "Landing_success_rate": 0.8571
    },
    {
        "model": 0,
        "sequence": 15,
        "status": 1,
        "fuel": 5555,
        "fault": 0.319,
        "weapon": 0,
        "pilot_injury": 0.6921,
        "pilot_skill": 0.0942,
        "mission_priority": 0.7631,
        "estimated_landing_time": 1416.0,
        "wait_time": 0,
        "Landing_success_rate": 0.8528
    },
    {
        "model": 0,
        "sequence": 17,
        "status": 1,
        "fuel": 6684,
        "fault": 0.5042,
        "weapon": 0,
        "pilot_injury": 0.9615,
        "pilot_skill": 0.2124,
        "mission_priority": 0.078,
        "estimated_landing_time": 1604.0,
        "wait_time": 0,
        "Landing_success_rate": 0.894
    },
    {
        "model": 2,
        "sequence": 7,
        "status": 1,
        "fuel": 5866,
        "fault": 0.0941,
        "weapon": 1,
        "pilot_injury": 0.7706,
        "pilot_skill": 0.6968,
        "mission_priority": 0.8207,
        "estimated_landing_time": 664.0,
        "wait_time": 0,
        "Landing_success_rate": 0.8749
    },
    {
        "model": 0,
        "sequence": 23,
        "status": 1,
        "fuel": 5868,
        "fault": 0.1118,
        "weapon": 1,
        "pilot_injury": 0.6057,
        "pilot_skill": 0.1534,
        "mission_priority": 0.4144,
        "estimated_landing_time": 2168.0,
        "wait_time": 0,
        "Landing_success_rate": 0.8745
    },
    {
        "model": 2,
        "sequence": 8,
        "status": 1,
        "fuel": 6301,
        "fault": 0.9782,
        "weapon": 0,
        "pilot_injury": 0.6654,
        "pilot_skill": 0.9219,
        "mission_priority": 0.132,
        "estimated_landing_time": 758.0,
        "wait_time": 0,
        "Landing_success_rate": 0.8513
    },
    {
        "model": 1,
        "sequence": 16,
        "status": 1,
        "fuel": 5760,
        "fault": 0.4143,
        "weapon": 0,
        "pilot_injury": 0.5273,
        "pilot_skill": 0.291,
        "mission_priority": 0.8139,
        "estimated_landing_time": 1510.0,
        "wait_time": 0,
        "Landing_success_rate": 0.8614
    },
    {
        "model": 2,
        "sequence": 19,
        "status": 1,
        "fuel": 5646,
        "fault": 0.041,
        "weapon": 1,
        "pilot_injury": 0.4146,
        "pilot_skill": 0.0641,
        "mission_priority": 0.2901,
        "estimated_landing_time": 1792.0,
        "wait_time": 0,
        "Landing_success_rate": 0.8605
    },
    {
        "model": 0,
        "sequence": 9,
        "status": 1,
        "fuel": 7040,
        "fault": 0.5807,
        "weapon": 0,
        "pilot_injury": 0.2458,
        "pilot_skill": 0.1555,
        "mission_priority": 0.1352,
        "estimated_landing_time": 852.0,
        "wait_time": 0,
        "Landing_success_rate": 0.8984
    },
    {
        "model": 2,
        "sequence": 14,
        "status": 1,
        "fuel": 7205,
        "fault": 0.8805,
        "weapon": 0,
        "pilot_injury": 0.4527,
        "pilot_skill": 0.1236,
        "mission_priority": 0.6478,
        "estimated_landing_time": 1322.0,
        "wait_time": 0,
        "Landing_success_rate": 0.8653
    },
    {
        "model": 2,
        "sequence": 5,
        "status": 1,
        "fuel": 6138,
        "fault": 0.4118,
        "weapon": 0,
        "pilot_injury": 0.33,
        "pilot_skill": 0.1832,
        "mission_priority": 0.1463,
        "estimated_landing_time": 476.0,
        "wait_time": 0,
        "Landing_success_rate": 0.8781
    },
    {
        "model": 1,
        "sequence": 20,
        "status": 1,
        "fuel": 7019,
        "fault": 0.1423,
        "weapon": 1,
        "pilot_injury": 0.4366,
        "pilot_skill": 0.6016,
        "mission_priority": 0.9417,
        "estimated_landing_time": 1886.0,
        "wait_time": 0,
        "Landing_success_rate": 0.9477
    },
    {
        "model": 0,
        "sequence": 10,
        "status": 1,
        "fuel": 7028,
        "fault": 0.5092,
        "weapon": 0,
        "pilot_injury": 0.3744,
        "pilot_skill": 0.1333,
        "mission_priority": 0.4469,
        "estimated_landing_time": 946.0,
        "wait_time": 0,
        "Landing_success_rate": 0.9062
    },
    {
        "model": 0,
        "sequence": 6,
        "status": 1,
        "fuel": 5986,
        "fault": 0.3526,
        "weapon": 0,
        "pilot_injury": 0.8261,
        "pilot_skill": 0.2559,
        "mission_priority": 0.2412,
        "estimated_landing_time": 570.0,
        "wait_time": 0,
        "Landing_success_rate": 0.8736
    },
    {
        "model": 1,
        "sequence": 1,
        "status": 1,
        "fuel": 7004,
        "fault": 0.2646,
        "weapon": 1,
        "pilot_injury": 0.2179,
        "pilot_skill": 0.5875,
        "mission_priority": 0.3459,
        "estimated_landing_time": 100.0,
        "wait_time": 0,
        "Landing_success_rate": 0.933
    },
    {
        "model": 2,
        "sequence": 24,
        "status": 1,
        "fuel": 6642,
        "fault": 0.8884,
        "weapon": 0,
        "pilot_injury": 0.5923,
        "pilot_skill": 0.7683,
        "mission_priority": 0.9802,
        "estimated_landing_time": 2262.0,
        "wait_time": 0,
        "Landing_success_rate": 0.8596
    },
    {
        "model": 2,
        "sequence": 18,
        "status": 1,
        "fuel": 5896,
        "fault": 0.593,
        "weapon": 1,
        "pilot_injury": 0.4883,
        "pilot_skill": 0.4377,
        "mission_priority": 0.0278,
        "estimated_landing_time": 1698.0,
        "wait_time": 0,
        "Landing_success_rate": 0.8621
    },
    {
        "model": 0,
        "sequence": 2,
        "status": 1,
        "fuel": 7140,
        "fault": 0.604,
        "weapon": 0,
        "pilot_injury": 0.6964,
        "pilot_skill": 0.4132,
        "mission_priority": 0.0638,
        "estimated_landing_time": 194.0,
        "wait_time": 0,
        "Landing_success_rate": 0.8987
    },
    {
        "model": 2,
        "sequence": 11,
        "status": 1,
        "fuel": 7355,
        "fault": 0.9361,
        "weapon": 0,
        "pilot_injury": 0.72,
        "pilot_skill": 0.5998,
        "mission_priority": 0.1615,
        "estimated_landing_time": 1040.0,
        "wait_time": 0,
        "Landing_success_rate": 0.8589
    },
    {
        "model": 1,
        "sequence": 3,
        "status": 1,
        "fuel": 6809,
        "fault": 0.8171,
        "weapon": 1,
        "pilot_injury": 0.5232,
        "pilot_skill": 0.03,
        "mission_priority": 0.3043,
        "estimated_landing_time": 288.0,
        "wait_time": 0,
        "Landing_success_rate": 0.868
    },
    {
        "model": 0,
        "sequence": 4,
        "status": 1,
        "fuel": 6304,
        "fault": 0.5524,
        "weapon": 0,
        "pilot_injury": 0.5583,
        "pilot_skill": 0.7099,
        "mission_priority": 0.717,
        "estimated_landing_time": 382.0,
        "wait_time": 0,
        "Landing_success_rate": 0.877
    },
    {
        "model": 2,
        "sequence": 13,
        "status": 1,
        "fuel": 6841,
        "fault": 0.005,
        "weapon": 0,
        "pilot_injury": 0.0196,
        "pilot_skill": 0.7162,
        "mission_priority": 0.1021,
        "estimated_landing_time": 1228.0,
        "wait_time": 0,
        "Landing_success_rate": 0.9501
    },
    {
        "model": 1,
        "sequence": 22,
        "status": 1,
        "fuel": 5892,
        "fault": 0.7736,
        "weapon": 1,
        "pilot_injury": 0.4373,
        "pilot_skill": 0.6907,
        "mission_priority": 0.0364,
        "estimated_landing_time": 2074.0,
        "wait_time": 0,
        "Landing_success_rate": 0.8567
    }
]