[
    {
        "model": 1,
        "sequence": 14,
        "status": 1,
        "fuel": 5746,
        "fault": 0.3391,
        "weapon": 1,
        "pilot_injury": 0.5592,
        "pilot_skill": 0.8798,
        "mission_priority": 0.426,
        "estimated_landing_time": 1322.0,
        "wait_time": 0,
        "Landing_success_rate": 0.8622
    },
    {
        "model": 1,
        "sequence": 15,
        "status": 1,
        "fuel": 6127,
        "fault": 0.2209,
        "weapon": 0,
        "pilot_injury": 0.9118,
        "pilot_skill": 0.4551,
        "mission_priority": 0.8037,
        "estimated_landing_time": 1416.0,
        "wait_time": 0,
        "Landing_success_rate": 0.8866
    },
    {
        "model": 1,
        "sequence": 16,
        "status": 1,
        "fuel": 7308,
        "fault": 0.8663,
        "weapon": 1,
        "pilot_injury": 0.4052,
        "pilot_skill": 0.0314,
        "mission_priority": 0.413,
        "estimated_landing_time": 1510.0,
        "wait_time": 0,
        "Landing_success_rate": 0.8681
    },
    {
        "model": 2,
        "sequence": 8,
        "status": 1,
        "fuel": 7092,
        "fault": 0.1518,
        "weapon": 0,
        "pilot_injury": 0.1284,
        "pilot_skill": 0.6227,
        "mission_priority": 0.3209,
        "estimated_landing_time": 758.0,
        "wait_time": 0,
        "Landing_success_rate": 0.9513
    },
    {
        "model": 1,
        "sequence": 10,
        "status": 1,
        "fuel": 6556,
        "fault": 0.4608,
        "weapon": 1,
        "pilot_injury": 0.333,
        "pilot_skill": 0.2187,
        "mission_priority": 0.081,
        "estimated_landing_time": 946.0,
        "wait_time": 0,
        "Landing_success_rate": 0.8927
    },
    {
        "model": 1,
        "sequence": 23,
        "status": 1,
        "fuel": 7484,
        "fault": 0.6659,
        "weapon": 1,
        "pilot_injury": 0.5415,
        "pilot_skill": 0.1571,
        "mission_priority": 0.2635,
        "estimated_landing_time": 2168.0,
        "wait_time": 0,
        "Landing_success_rate": 0.8997
    },
    {
        "model": 0,
        "sequence": 7,
        "status": 1,
        "fuel": 7041,
        "fault": 0.4914,
        "weapon": 1,
        "pilot_injury": 0.0568,
        "pilot_skill": 0.55,
        "mission_priority": 0.2619,
        "estimated_landing_time": 664.0,
        "wait_time": 0,
        "Landing_success_rate": 0.9088
    },
    {
        "model": 1,
        "sequence": 12,
        "status": 1,
        "fuel": 6569,
        "fault": 0.3624,
        "weapon": 0,
        "pilot_injury": 0.9658,
        "pilot_skill": 0.7856,
        "mission_priority": 0.7231,
        "estimated_landing_time": 1134.0,
        "wait_time": 0,
        "Landing_success_rate": 0.9011
    },
    {
        "model": 1,
        "sequence": 20,
        "status": 1,
        "fuel": 7009,
        "fault": 0.7938,
        "weapon": 1,
        "pilot_injury": 0.0111,
        "pilot_skill": 0.3925,
        "mission_priority": 0.219,
        "estimated_landing_time": 1886.0,
        "wait_time": 0,
        "Landing_success_rate": 0.8733
    },
    {
        "model": 1,
        "sequence": 2,
        "status": 1,
        "fuel": 6912,
        "fault": 0.2647,
        "weapon": 0,
        "pilot_injury": 0.1278,
        "pilot_skill": 0.0234,
        "mission_priority": 0.1382,
        "estimated_landing_time": 194.0,
        "wait_time": 0,
        "Landing_success_rate": 0.9279
    },
    {
        "model": 1,
        "sequence": 4,
        "status": 1,
        "fuel": 5539,
        "fault": 0.5803,
        "weapon": 1,
        "pilot_injury": 0.7989,
        "pilot_skill": 0.2763,
        "mission_priority": 0.2361,
        "estimated_landing_time": 382.0,
        "wait_time": 0,
        "Landing_success_rate": 0.8512
    },
    {
        "model": 0,
        "sequence": 22,
        "status": 1,
        "fuel": 6748,
        "fault": 0.8738,
        "weapon": 0,
        "pilot_injury": 0.3824,
        "pilot_skill": 0.8359,
        "mission_priority": 0.6819,
        "estimated_landing_time": 2074.0,
        "wait_time": 0,
        "Landing_success_rate": 0.8618
    },
    {
        "model": 1,
        "sequence": 6,
        "status": 1,
        "fuel": 6595,
        "fault": 0.3587,
        "weapon": 1,
        "pilot_injury": 0.7706,
        "pilot_skill": 0.7202,
        "mission_priority": 0.2166,
        "estimated_landing_time": 570.0,
        "wait_time": 0,
        "Landing_success_rate": 0.9027
    },
    {
        "model": 1,
        "sequence": 13,
        "status": 1,
        "fuel": 7499,
        "fault": 0.4189,
        "weapon": 1,
        "pilot_injury": 0.2977,
        "pilot_skill": 0.6548,
        "mission_priority": 0.2118,
        "estimated_landing_time": 1228.0,
        "wait_time": 0,
        "Landing_success_rate": 0.9371
    },
    {
        "model": 0,
        "sequence": 21,
        "status": 1,
        "fuel": 5656,
        "fault": 0.9686,
        "weapon": 0,
        "pilot_injury": 0.4649,
        "pilot_skill": 0.1907,
        "mission_priority": 0.4965,
        "estimated_landing_time": 1980.0,
        "wait_time": 0,
        "Landing_success_rate": 0.8504
    },
    {
        "model": 2,
        "sequence": 1,
        "status": 1,
        "fuel": 6554,
        "fault": 0.7185,
        "weapon": 0,
        "pilot_injury": 0.4827,
        "pilot_skill": 0.0211,
        "mission_priority": 0.7657,
        "estimated_landing_time": 100.0,
        "wait_time": 0,
        "Landing_success_rate": 0.8723
    },
    {
        "model": 2,
        "sequence": 9,
        "status": 1,
        "fuel": 6377,
        "fault": 0.4253,
        "weapon": 1,
        "pilot_injury": 0.0223,
        "pilot_skill": 0.5321,
        "mission_priority": 0.7767,
        "estimated_landing_time": 852.0,
        "wait_time": 0,
        "Landing_success_rate": 0.8878
    },
    {
        "model": 0,
        "sequence": 11,
        "status": 1,
        "fuel": 5590,
        "fault": 0.1004,
        "weapon": 0,
        "pilot_injury": 0.7209,
        "pilot_skill": 0.6378,
        "mission_priority": 0.3643,
        "estimated_landing_time": 1040.0,
        "wait_time": 0,
        "Landing_success_rate": 0.8561
    },
    {
        "model": 0,
        "sequence": 24,
        "status": 1,
        "fuel": 5940,
        "fault": 0.5404,
        "weapon": 0,
        "pilot_injury": 0.5904,
        "pilot_skill": 0.8192,
        "mission_priority": 0.2446,
        "estimated_landing_time": 2262.0,
        "wait_time": 0,
        "Landing_success_rate": 0.8652
    },
    {
        "model": 2,
        "sequence": 18,
        "status": 1,
        "fuel": 6670,
        "fault": 0.9137,
        "weapon": 1,
        "pilot_injury": 0.0731,
        "pilot_skill": 0.3374,
        "mission_priority": 0.4063,
        "estimated_landing_time": 1698.0,
        "wait_time": 0,
        "Landing_success_rate": 0.8576
    },
    {
        "model": 1,
        "sequence": 3,
        "status": 1,
        "fuel": 6022,
        "fault": 0.5313,
        "weapon": 1,
        "pilot_injury": 0.9068,
        "pilot_skill": 0.2851,
        "mission_priority": 0.8516,
        "estimated_landing_time": 288.0,
        "wait_time": 0,
        "Landing_success_rate": 0.8683
    },
    {
        "model": 2,
        "sequence": 5,
        "status": 1,
        "fuel": 7326,
        "fault": 0.0608,
        "weapon": 0,
        "pilot_injury": 0.1109,
        "pilot_skill": 0.5446,
        "mission_priority": 0.9608,
        "estimated_landing_time": 476.0,
        "wait_time": 0,
        "Landing_success_rate": 0.9786
    },
    {
        "model": 1,
        "sequence": 19,
        "status": 1,
        "fuel": 5621,
        "fault": 0.5982,
        "weapon": 0,
        "pilot_injury": 0.2611,
        "pilot_skill": 0.8002,
        "mission_priority": 0.3513,
        "estimated_landing_time": 1792.0,
        "wait_time": 0,
        "Landing_success_rate": 0.8536
    },
    {
        "model": 0,
        "sequence": 17,
        "status": 1,
        "fuel": 6547,
        "fault": 0.4908,
        "weapon": 1,
        "pilot_injury": 0.4857,
        "pilot_skill": 0.5157,
        "mission_priority": 0.6223,
        "estimated_landing_time": 1604.0,
        "wait_time": 0,
        "Landing_success_rate": 0.89
    }
]