[
    {
        "model": 2,
        "sequence": 9,
        "status": 1,
        "fuel": 5611,
        "fault": 0.2501,
        "weapon": 1,
        "pilot_injury": 0.1995,
        "pilot_skill": 0.599,
        "mission_priority": 0.2636,
        "estimated_landing_time": 852.0,
        "wait_time": 0,
        "Landing_success_rate": 0.8562
    },
    {
        "model": 2,
        "sequence": 5,
        "status": 1,
        "fuel": 7127,
        "fault": 0.7224,
        "weapon": 0,
        "pilot_injury": 0.8405,
        "pilot_skill": 0.9715,
        "mission_priority": 0.7033,
        "estimated_landing_time": 476.0,
        "wait_time": 0,
        "Landing_success_rate": 0.8839
    },
    {
        "model": 0,
        "sequence": 22,
        "status": 1,
        "fuel": 6917,
        "fault": 0.0745,
        "weapon": 0,
        "pilot_injury": 0.4751,
        "pilot_skill": 0.4573,
        "mission_priority": 0.4199,
        "estimated_landing_time": 2074.0,
        "wait_time": 0,
        "Landing_success_rate": 0.9484
    },
    {
        "model": 2,
        "sequence": 3,
        "status": 1,
        "fuel": 5728,
        "fault": 0.1631,
        "weapon": 1,
        "pilot_injury": 0.0732,
        "pilot_skill": 0.0383,
        "mission_priority": 0.064,
        "estimated_landing_time": 288.0,
        "wait_time": 0,
        "Landing_success_rate": 0.8643
    },
    {
        "model": 2,
        "sequence": 2,
        "status": 1,
        "fuel": 5931,
        "fault": 0.605,
        "weapon": 0,
        "pilot_injury": 0.1695,
        "pilot_skill": 0.2519,
        "mission_priority": 0.1858,
        "estimated_landing_time": 194.0,
        "wait_time": 0,
        "Landing_success_rate": 0.8628
    },
    {
        "model": 0,
        "sequence": 8,
        "status": 1,
        "fuel": 6577,
        "fault": 0.8156,
        "weapon": 1,
        "pilot_injury": 0.3975,
        "pilot_skill": 0.7443,
        "mission_priority": 0.9555,
        "estimated_landing_time": 758.0,
        "wait_time": 0,
        "Landing_success_rate": 0.8649
    },
    {
        "model": 1,
        "sequence": 15,
        "status": 1,
        "fuel": 7426,
        "fault": 0.0435,
        "weapon": 1,
        "pilot_injury": 0.4613,
        "pilot_skill": 0.1257,
        "mission_priority": 0.9717,
        "estimated_landing_time": 1416.0,
        "wait_time": 0,
        "Landing_success_rate": 0.9882
    },
    {
        "model": 1,
        "sequence": 20,
        "status": 1,
        "fuel": 6776,
        "fault": 0.392,
        "weapon": 0,
        "pilot_injury": 0.2342,
        "pilot_skill": 0.4011,
        "mission_priority": 0.1026,
        "estimated_landing_time": 1886.0,
        "wait_time": 0,
        "Landing_success_rate": 0.9082
    },
    {
        "model": 1,
        "sequence": 21,
        "status": 1,
        "fuel": 5687,
        "fault": 0.4724,
        "weapon": 0,
        "pilot_injury": 0.596,
        "pilot_skill": 0.1522,
        "mission_priority": 0.8028,
        "estimated_landing_time": 1980.0,
        "wait_time": 0,
        "Landing_success_rate": 0.8574
    },
    {
        "model": 0,
        "sequence": 18,
        "status": 1,
        "fuel": 5678,
        "fault": 0.865,
        "weapon": 1,
        "pilot_injury": 0.4018,
        "pilot_skill": 0.5778,
        "mission_priority": 0.2697,
        "estimated_landing_time": 1698.0,
        "wait_time": 0,
        "Landing_success_rate": 0.8518
    },
    {
        "model": 2,
        "sequence": 12,
        "status": 1,
        "fuel": 6349,
        "fault": 0.3127,
        "weapon": 0,
        "pilot_injury": 0.3543,
        "pilot_skill": 0.5854,
        "mission_priority": 0.129,
        "estimated_landing_time": 1134.0,
        "wait_time": 0,
        "Landing_success_rate": 0.8938
    },
    {
        "model": 1,
        "sequence": 11,
        "status": 1,
        "fuel": 7105,
        "fault": 0.2497,
        "weapon": 1,
        "pilot_injury": 0.6406,
        "pilot_skill": 0.5574,
        "mission_priority": 0.5594,
        "estimated_landing_time": 1040.0,
        "wait_time": 0,
        "Landing_success_rate": 0.9403
    },
    {
        "model": 2,
        "sequence": 6,
        "status": 1,
        "fuel": 6016,
        "fault": 0.2288,
        "weapon": 0,
        "pilot_injury": 0.3876,
        "pilot_skill": 0.5369,
        "mission_priority": 0.893,
        "estimated_landing_time": 570.0,
        "wait_time": 0,
        "Landing_success_rate": 0.8798
    },
    {
        "model": 0,
        "sequence": 1,
        "status": 1,
        "fuel": 7380,
        "fault": 0.4396,
        "weapon": 0,
        "pilot_injury": 0.7665,
        "pilot_skill": 0.8773,
        "mission_priority": 0.7377,
        "estimated_landing_time": 100.0,
        "wait_time": 0,
        "Landing_success_rate": 0.929
    },
    {
        "model": 1,
        "sequence": 4,
        "status": 1,
        "fuel": 5643,
        "fault": 0.2574,
        "weapon": 0,
        "pilot_injury": 0.212,
        "pilot_skill": 0.3173,
        "mission_priority": 0.4688,
        "estimated_landing_time": 382.0,
        "wait_time": 0,
        "Landing_success_rate": 0.858
    },
    {
        "model": 1,
        "sequence": 24,
        "status": 1,
        "fuel": 6101,
        "fault": 0.5698,
        "weapon": 1,
        "pilot_injury": 0.6433,
        "pilot_skill": 0.8749,
        "mission_priority": 0.2115,
        "estimated_landing_time": 2262.0,
        "wait_time": 0,
        "Landing_success_rate": 0.8694
    },
    {
        "model": 2,
        "sequence": 10,
        "status": 1,
        "fuel": 5650,
        "fault": 0.7856,
        "weapon": 1,
        "pilot_injury": 0.2245,
        "pilot_skill": 0.332,
        "mission_priority": 0.8834,
        "estimated_landing_time": 946.0,
        "wait_time": 0,
        "Landing_success_rate": 0.8524
    },
    {
        "model": 1,
        "sequence": 23,
        "status": 1,
        "fuel": 5861,
        "fault": 0.1601,
        "weapon": 0,
        "pilot_injury": 0.311,
        "pilot_skill": 0.0772,
        "mission_priority": 0.0961,
        "estimated_landing_time": 2168.0,
        "wait_time": 0,
        "Landing_success_rate": 0.8727
    },
    {
        "model": 0,
        "sequence": 17,
        "status": 1,
        "fuel": 6485,
        "fault": 0.6066,
        "weapon": 0,
        "pilot_injury": 0.7414,
        "pilot_skill": 0.5392,
        "mission_priority": 0.7727,
        "estimated_landing_time": 1604.0,
        "wait_time": 0,
        "Landing_success_rate": 0.8791
    },
    {
        "model": 2,
        "sequence": 13,
        "status": 1,
        "fuel": 5799,
        "fault": 0.6179,
        "weapon": 1,
        "pilot_injury": 0.4235,
        "pilot_skill": 0.7503,
        "mission_priority": 0.2277,
        "estimated_landing_time": 1228.0,
        "wait_time": 0,
        "Landing_success_rate": 0.8586
    },
    {
        "model": 2,
        "sequence": 16,
        "status": 1,
        "fuel": 5694,
        "fault": 0.3918,
        "weapon": 0,
        "pilot_injury": 0.0073,
        "pilot_skill": 0.5193,
        "mission_priority": 0.3103,
        "estimated_landing_time": 1510.0,
        "wait_time": 0,
        "Landing_success_rate": 0.8588
    },
    {
        "model": 1,
        "sequence": 14,
        "status": 1,
        "fuel": 5807,
        "fault": 0.2579,
        "weapon": 0,
        "pilot_injury": 0.3115,
        "pilot_skill": 0.2044,
        "mission_priority": 0.3491,
        "estimated_landing_time": 1322.0,
        "wait_time": 0,
        "Landing_success_rate": 0.8671
    },
    {
        "model": 1,
        "sequence": 19,
        "status": 1,
        "fuel": 6781,
        "fault": 0.4938,
        "weapon": 1,
        "pilot_injury": 0.1153,
        "pilot_skill": 0.0843,
        "mission_priority": 0.91,
        "estimated_landing_time": 1792.0,
        "wait_time": 0,
        "Landing_success_rate": 0.8986
    },
    {
        "model": 1,
        "sequence": 7,
        "status": 1,
        "fuel": 5719,
        "fault": 0.759,
        "weapon": 0,
        "pilot_injury": 0.2303,
        "pilot_skill": 0.7259,
        "mission_priority": 0.5897,
        "estimated_landing_time": 664.0,
        "wait_time": 0,
        "Landing_success_rate": 0.854
    }
]