[
    {
        "model": 0,
        "sequence": 24,
        "status": 1,
        "fuel": 6001,
        "fault": 0.3054,
        "weapon": 1,
        "pilot_injury": 0.6024,
        "pilot_skill": 0.7093,
        "mission_priority": 0.9513,
        "estimated_landing_time": 2262.0,
        "wait_time": 0,
        "Landing_success_rate": 0.8761
    },
    {
        "model": 2,
        "sequence": 18,
        "status": 1,
        "fuel": 5741,
        "fault": 0.2997,
        "weapon": 0,
        "pilot_injury": 0.6689,
        "pilot_skill": 0.9601,
        "mission_priority": 0.6972,
        "estimated_landing_time": 1698.0,
        "wait_time": 0,
        "Landing_success_rate": 0.8627
    },
    {
        "model": 0,
        "sequence": 16,
        "status": 1,
        "fuel": 6531,
        "fault": 0.5235,
        "weapon": 1,
        "pilot_injury": 0.0965,
        "pilot_skill": 0.1689,
        "mission_priority": 0.9827,
        "estimated_landing_time": 1510.0,
        "wait_time": 0,
        "Landing_success_rate": 0.8868
    },
    {
        "model": 1,
        "sequence": 1,
        "status": 1,
        "fuel": 6484,
        "fault": 0.5122,
        "weapon": 1,
        "pilot_injury": 0.9554,
        "pilot_skill": 0.4978,
        "mission_priority": 0.8363,
        "estimated_landing_time": 100.0,
        "wait_time": 0,
        "Landing_success_rate": 0.886
    },
    {
        "model": 1,
        "sequence": 19,
        "status": 1,
        "fuel": 5689,
        "fault": 0.7273,
        "weapon": 0,
        "pilot_injury": 0.6156,
        "pilot_skill": 0.9974,
        "mission_priority": 0.0347,
        "estimated_landing_time": 1792.0,
        "wait_time": 0,
        "Landing_success_rate": 0.8539
    },
    {
        "model": 0,
        "sequence": 22,
        "status": 1,
        "fuel": 6270,
        "fault": 0.6341,
        "weapon": 1,
        "pilot_injury": 0.3939,
        "pilot_skill": 0.3727,
        "mission_priority": 0.8988,
        "estimated_landing_time": 2074.0,
        "wait_time": 0,
        "Landing_success_rate": 0.8711
    },
    {
        "model": 1,
        "sequence": 5,
        "status": 1,
        "fuel": 5964,
        "fault": 0.0724,
        "weapon": 0,
        "pilot_injury": 0.818,
        "pilot_skill": 0.0489,
        "mission_priority": 0.0865,
        "estimated_landing_time": 476.0,
        "wait_time": 0,
        "Landing_success_rate": 0.8823
    },
    {
        "model": 2,
        "sequence": 10,
        "status": 1,
        "fuel": 7225,
        "fault": 0.0929,
        "weapon": 1,
        "pilot_injury": 0.5256,
        "pilot_skill": 0.876,
        "mission_priority": 0.4985,
        "estimated_landing_time": 946.0,
        "wait_time": 0,
        "Landing_success_rate": 0.9674
    },
    {
        "model": 2,
        "sequence": 14,
        "status": 1,
        "fuel": 6261,
        "fault": 0.082,
        "weapon": 1,
        "pilot_injury": 0.2943,
        "pilot_skill": 0.9357,
        "mission_priority": 0.2504,
        "estimated_landing_time": 1322.0,
        "wait_time": 0,
        "Landing_success_rate": 0.9024
    },
    {
        "model": 0,
        "sequence": 11,
        "status": 1,
        "fuel": 6916,
        "fault": 0.9669,
        "weapon": 1,
        "pilot_injury": 0.0505,
        "pilot_skill": 0.0364,
        "mission_priority": 0.496,
        "estimated_landing_time": 1040.0,
        "wait_time": 0,
        "Landing_success_rate": 0.8535
    },
    {
        "model": 1,
        "sequence": 13,
        "status": 1,
        "fuel": 7176,
        "fault": 0.8174,
        "weapon": 1,
        "pilot_injury": 0.2961,
        "pilot_skill": 0.4774,
        "mission_priority": 0.3943,
        "estimated_landing_time": 1228.0,
        "wait_time": 0,
        "Landing_success_rate": 0.873
    },
    {
        "model": 0,
        "sequence": 15,
        "status": 1,
        "fuel": 5609,
        "fault": 0.9614,
        "weapon": 1,
        "pilot_injury": 0.7103,
        "pilot_skill": 0.6755,
        "mission_priority": 0.3938,
        "estimated_landing_time": 1416.0,
        "wait_time": 0,
        "Landing_success_rate": 0.8503
    },
    {
        "model": 1,
        "sequence": 9,
        "status": 1,
        "fuel": 5569,
        "fault": 0.7917,
        "weapon": 1,
        "pilot_injury": 0.8904,
        "pilot_skill": 0.4687,
        "mission_priority": 0.1957,
        "estimated_landing_time": 852.0,
        "wait_time": 0,
        "Landing_success_rate": 0.8511
    },
    {
        "model": 2,
        "sequence": 3,
        "status": 1,
        "fuel": 7365,
        "fault": 0.9241,
        "weapon": 1,
        "pilot_injury": 0.743,
        "pilot_skill": 0.313,
        "mission_priority": 0.2954,
        "estimated_landing_time": 288.0,
        "wait_time": 0,
        "Landing_success_rate": 0.8606
    },
    {
        "model": 1,
        "sequence": 4,
        "status": 1,
        "fuel": 5995,
        "fault": 0.3515,
        "weapon": 1,
        "pilot_injury": 0.535,
        "pilot_skill": 0.7135,
        "mission_priority": 0.3964,
        "estimated_landing_time": 382.0,
        "wait_time": 0,
        "Landing_success_rate": 0.8741
    },
    {
        "model": 1,
        "sequence": 12,
        "status": 1,
        "fuel": 6055,
        "fault": 0.758,
        "weapon": 0,
        "pilot_injury": 0.9018,
        "pilot_skill": 0.5231,
        "mission_priority": 0.8154,
        "estimated_landing_time": 1134.0,
        "wait_time": 0,
        "Landing_success_rate": 0.8601
    },
    {
        "model": 0,
        "sequence": 21,
        "status": 1,
        "fuel": 5603,
        "fault": 0.0358,
        "weapon": 1,
        "pilot_injury": 0.9091,
        "pilot_skill": 0.4829,
        "mission_priority": 0.3183,
        "estimated_landing_time": 1980.0,
        "wait_time": 0,
        "Landing_success_rate": 0.8574
    },
    {
        "model": 2,
        "sequence": 2,
        "status": 1,
        "fuel": 7342,
        "fault": 0.646,
        "weapon": 1,
        "pilot_injury": 0.4984,
        "pilot_skill": 0.8223,
        "mission_priority": 0.1833,
        "estimated_landing_time": 194.0,
        "wait_time": 0,
        "Landing_success_rate": 0.8989
    },
    {
        "model": 1,
        "sequence": 8,
        "status": 1,
        "fuel": 6416,
        "fault": 0.1227,
        "weapon": 1,
        "pilot_injury": 0.2467,
        "pilot_skill": 0.4398,
        "mission_priority": 0.9637,
        "estimated_landing_time": 758.0,
        "wait_time": 0,
        "Landing_success_rate": 0.9103
    },
    {
        "model": 2,
        "sequence": 17,
        "status": 1,
        "fuel": 5612,
        "fault": 0.0638,
        "weapon": 0,
        "pilot_injury": 0.7224,
        "pilot_skill": 0.7247,
        "mission_priority": 0.5919,
        "estimated_landing_time": 1604.0,
        "wait_time": 0,
        "Landing_success_rate": 0.8579
    },
    {
        "model": 1,
        "sequence": 7,
        "status": 1,
        "fuel": 5583,
        "fault": 0.4981,
        "weapon": 1,
        "pilot_injury": 0.2527,
        "pilot_skill": 0.9987,
        "mission_priority": 0.267,
        "estimated_landing_time": 664.0,
        "wait_time": 0,
        "Landing_success_rate": 0.8531
    },
    {
        "model": 2,
        "sequence": 23,
        "status": 1,
        "fuel": 6067,
        "fault": 0.7912,
        "weapon": 1,
        "pilot_injury": 0.5109,
        "pilot_skill": 0.0214,
        "mission_priority": 0.1295,
        "estimated_landing_time": 2168.0,
        "wait_time": 0,
        "Landing_success_rate": 0.8589
    },
    {
        "model": 1,
        "sequence": 6,
        "status": 1,
        "fuel": 6168,
        "fault": 0.9625,
        "weapon": 0,
        "pilot_injury": 0.146,
        "pilot_skill": 0.4652,
        "mission_priority": 0.2531,
        "estimated_landing_time": 570.0,
        "wait_time": 0,
        "Landing_success_rate": 0.8519
    },
    {
        "model": 2,
        "sequence": 20,
        "status": 1,
        "fuel": 6073,
        "fault": 0.9107,
        "weapon": 1,
        "pilot_injury": 0.362,
        "pilot_skill": 0.0464,
        "mission_priority": 0.9703,
        "estimated_landing_time": 1886.0,
        "wait_time": 0,
        "Landing_success_rate": 0.8538
    }
]