[
    {
        "model": 1,
        "sequence": 8,
        "status": 1,
        "fuel": 6969,
        "fault": 0.7679,
        "weapon": 1,
        "pilot_injury": 0.4217,
        "pilot_skill": 0.591,
        "mission_priority": 0.1067,
        "estimated_landing_time": 758.0,
        "wait_time": 0,
        "Landing_success_rate": 0.8756
    },
    {
        "model": 1,
        "sequence": 21,
        "status": 1,
        "fuel": 7468,
        "fault": 0.1918,
        "weapon": 1,
        "pilot_injury": 0.4244,
        "pilot_skill": 0.9889,
        "mission_priority": 0.8739,
        "estimated_landing_time": 1980.0,
        "wait_time": 0,
        "Landing_success_rate": 0.9693
    },
    {
        "model": 0,
        "sequence": 10,
        "status": 1,
        "fuel": 5903,
        "fault": 0.5943,
        "weapon": 1,
        "pilot_injury": 0.5942,
        "pilot_skill": 0.3688,
        "mission_priority": 0.1735,
        "estimated_landing_time": 946.0,
        "wait_time": 0,
        "Landing_success_rate": 0.8623
    },
    {
        "model": 0,
        "sequence": 22,
        "status": 1,
        "fuel": 6483,
        "fault": 0.3923,
        "weapon": 0,
        "pilot_injury": 0.4174,
        "pilot_skill": 0.8258,
        "mission_priority": 0.1292,
        "estimated_landing_time": 2074.0,
        "wait_time": 0,
        "Landing_success_rate": 0.8948
    },
    {
        "model": 1,
        "sequence": 12,
        "status": 1,
        "fuel": 6577,
        "fault": 0.7291,
        "weapon": 1,
        "pilot_injury": 0.5519,
        "pilot_skill": 0.2517,
        "mission_priority": 0.5032,
        "estimated_landing_time": 1134.0,
        "wait_time": 0,
        "Landing_success_rate": 0.8719
    },
    {
        "model": 1,
        "sequence": 9,
        "status": 1,
        "fuel": 6378,
        "fault": 0.9519,
        "weapon": 0,
        "pilot_injury": 0.2776,
        "pilot_skill": 0.98,
        "mission_priority": 0.4927,
        "estimated_landing_time": 852.0,
        "wait_time": 0,
        "Landing_success_rate": 0.8532
    },
    {
        "model": 2,
        "sequence": 11,
        "status": 1,
        "fuel": 6154,
        "fault": 0.1681,
        "weapon": 1,
        "pilot_injury": 0.4906,
        "pilot_skill": 0.2389,
        "mission_priority": 0.5107,
        "estimated_landing_time": 1040.0,
        "wait_time": 0,
        "Landing_success_rate": 0.8908
    },
    {
        "model": 1,
        "sequence": 1,
        "status": 1,
        "fuel": 5511,
        "fault": 0.1682,
        "weapon": 1,
        "pilot_injury": 0.0819,
        "pilot_skill": 0.018,
        "mission_priority": 0.3279,
        "estimated_landing_time": 100.0,
        "wait_time": 0,
        "Landing_success_rate": 0.8507
    },
    {
        "model": 0,
        "sequence": 18,
        "status": 1,
        "fuel": 6334,
        "fault": 0.0515,
        "weapon": 0,
        "pilot_injury": 0.1758,
        "pilot_skill": 0.3943,
        "mission_priority": 0.7121,
        "estimated_landing_time": 1698.0,
        "wait_time": 0,
        "Landing_success_rate": 0.9093
    },
    {
        "model": 1,
        "sequence": 23,
        "status": 1,
        "fuel": 5824,
        "fault": 0.5693,
        "weapon": 1,
        "pilot_injury": 0.1811,
        "pilot_skill": 0.2709,
        "mission_priority": 0.419,
        "estimated_landing_time": 2168.0,
        "wait_time": 0,
        "Landing_success_rate": 0.8605
    },
    {
        "model": 1,
        "sequence": 14,
        "status": 1,
        "fuel": 6066,
        "fault": 0.4204,
        "weapon": 1,
        "pilot_injury": 0.1319,
        "pilot_skill": 0.9133,
        "mission_priority": 0.0298,
        "estimated_landing_time": 1322.0,
        "wait_time": 0,
        "Landing_success_rate": 0.8746
    },
    {
        "model": 2,
        "sequence": 5,
        "status": 1,
        "fuel": 6180,
        "fault": 0.9186,
        "weapon": 0,
        "pilot_injury": 0.6597,
        "pilot_skill": 0.3554,
        "mission_priority": 0.1461,
        "estimated_landing_time": 476.0,
        "wait_time": 0,
        "Landing_success_rate": 0.8542
    },
    {
        "model": 1,
        "sequence": 16,
        "status": 1,
        "fuel": 6261,
        "fault": 0.2112,
        "weapon": 0,
        "pilot_injury": 0.6814,
        "pilot_skill": 0.8801,
        "mission_priority": 0.0252,
        "estimated_landing_time": 1510.0,
        "wait_time": 0,
        "Landing_success_rate": 0.895
    },
    {
        "model": 2,
        "sequence": 24,
        "status": 1,
        "fuel": 7383,
        "fault": 0.6609,
        "weapon": 0,
        "pilot_injury": 0.6396,
        "pilot_skill": 0.4147,
        "mission_priority": 0.8744,
        "estimated_landing_time": 2262.0,
        "wait_time": 0,
        "Landing_success_rate": 0.8979
    },
    {
        "model": 2,
        "sequence": 20,
        "status": 1,
        "fuel": 5749,
        "fault": 0.3596,
        "weapon": 1,
        "pilot_injury": 0.5878,
        "pilot_skill": 0.0383,
        "mission_priority": 0.2131,
        "estimated_landing_time": 1886.0,
        "wait_time": 0,
        "Landing_success_rate": 0.862
    },
    {
        "model": 1,
        "sequence": 4,
        "status": 1,
        "fuel": 5879,
        "fault": 0.9497,
        "weapon": 0,
        "pilot_injury": 0.0154,
        "pilot_skill": 0.4212,
        "mission_priority": 0.1787,
        "estimated_landing_time": 382.0,
        "wait_time": 0,
        "Landing_success_rate": 0.8514
    },
    {
        "model": 1,
        "sequence": 15,
        "status": 1,
        "fuel": 6868,
        "fault": 0.8382,
        "weapon": 0,
        "pilot_injury": 0.5732,
        "pilot_skill": 0.489,
        "mission_priority": 0.2559,
        "estimated_landing_time": 1416.0,
        "wait_time": 0,
        "Landing_success_rate": 0.8666
    },
    {
        "model": 0,
        "sequence": 6,
        "status": 1,
        "fuel": 6349,
        "fault": 0.66,
        "weapon": 1,
        "pilot_injury": 0.7822,
        "pilot_skill": 0.0817,
        "mission_priority": 0.7085,
        "estimated_landing_time": 570.0,
        "wait_time": 0,
        "Landing_success_rate": 0.8716
    },
    {
        "model": 0,
        "sequence": 2,
        "status": 1,
        "fuel": 6397,
        "fault": 0.5766,
        "weapon": 0,
        "pilot_injury": 0.2143,
        "pilot_skill": 0.5392,
        "mission_priority": 0.5027,
        "estimated_landing_time": 194.0,
        "wait_time": 0,
        "Landing_success_rate": 0.8785
    },
    {
        "model": 2,
        "sequence": 3,
        "status": 1,
        "fuel": 6285,
        "fault": 0.3237,
        "weapon": 0,
        "pilot_injury": 0.1108,
        "pilot_skill": 0.1829,
        "mission_priority": 0.0973,
        "estimated_landing_time": 288.0,
        "wait_time": 0,
        "Landing_success_rate": 0.8898
    },
    {
        "model": 2,
        "sequence": 19,
        "status": 1,
        "fuel": 7265,
        "fault": 0.12,
        "weapon": 1,
        "pilot_injury": 0.2451,
        "pilot_skill": 0.2109,
        "mission_priority": 0.7354,
        "estimated_landing_time": 1792.0,
        "wait_time": 0,
        "Landing_success_rate": 0.9665
    },
    {
        "model": 0,
        "sequence": 17,
        "status": 1,
        "fuel": 5642,
        "fault": 0.1535,
        "weapon": 1,
        "pilot_injury": 0.3051,
        "pilot_skill": 0.844,
        "mission_priority": 0.6239,
        "estimated_landing_time": 1604.0,
        "wait_time": 0,
        "Landing_success_rate": 0.859
    },
    {
        "model": 2,
        "sequence": 13,
        "status": 1,
        "fuel": 7078,
        "fault": 0.2613,
        "weapon": 0,
        "pilot_injury": 0.3446,
        "pilot_skill": 0.5866,
        "mission_priority": 0.9926,
        "estimated_landing_time": 1228.0,
        "wait_time": 0,
        "Landing_success_rate": 0.9374
    },
    {
        "model": 0,
        "sequence": 7,
        "status": 1,
        "fuel": 5995,
        "fault": 0.8191,
        "weapon": 1,
        "pilot_injury": 0.3207,
        "pilot_skill": 0.5403,
        "mission_priority": 0.46,
        "estimated_landing_time": 664.0,
        "wait_time": 0,
        "Landing_success_rate": 0.8567
    }
]