[
    {
        "model": 0,
        "sequence": 5,
        "status": 1,
        "fuel": 7159,
        "fault": 0.512,
        "weapon": 1,
        "pilot_injury": 0.3115,
        "pilot_skill": 0.9073,
        "mission_priority": 0.7973,
        "estimated_landing_time": 476.0,
        "wait_time": 0,
        "Landing_success_rate": 0.9107
    },
    {
        "model": 0,
        "sequence": 15,
        "status": 1,
        "fuel": 6360,
        "fault": 0.7002,
        "weapon": 1,
        "pilot_injury": 0.9695,
        "pilot_skill": 0.2977,
        "mission_priority": 0.2831,
        "estimated_landing_time": 1416.0,
        "wait_time": 0,
        "Landing_success_rate": 0.8693
    },
    {
        "model": 0,
        "sequence": 10,
        "status": 1,
        "fuel": 7304,
        "fault": 0.8986,
        "weapon": 0,
        "pilot_injury": 0.7973,
        "pilot_skill": 0.5971,
        "mission_priority": 0.652,
        "estimated_landing_time": 946.0,
        "wait_time": 0,
        "Landing_success_rate": 0.8637
    },
    {
        "model": 2,
        "sequence": 4,
        "status": 1,
        "fuel": 7042,
        "fault": 0.9866,
        "weapon": 1,
        "pilot_injury": 0.2536,
        "pilot_skill": 0.5843,
        "mission_priority": 0.8129,
        "estimated_landing_time": 382.0,
        "wait_time": 0,
        "Landing_success_rate": 0.8515
    },
    {
        "model": 0,
        "sequence": 23,
        "status": 1,
        "fuel": 5505,
        "fault": 0.2183,
        "weapon": 1,
        "pilot_injury": 0.0514,
        "pilot_skill": 0.8506,
        "mission_priority": 0.0756,
        "estimated_landing_time": 2168.0,
        "wait_time": 0,
        "Landing_success_rate": 0.8503
    },
    {
        "model": 1,
        "sequence": 16,
        "status": 1,
        "fuel": 6545,
        "fault": 0.0884,
        "weapon": 1,
        "pilot_injury": 0.564,
        "pilot_skill": 0.3633,
        "mission_priority": 0.2025,
        "estimated_landing_time": 1510.0,
        "wait_time": 0,
        "Landing_success_rate": 0.9214
    },
    {
        "model": 0,
        "sequence": 14,
        "status": 1,
        "fuel": 5638,
        "fault": 0.2073,
        "weapon": 0,
        "pilot_injury": 0.1668,
        "pilot_skill": 0.7001,
        "mission_priority": 0.8368,
        "estimated_landing_time": 1322.0,
        "wait_time": 0,
        "Landing_success_rate": 0.8582
    },
    {
        "model": 2,
        "sequence": 9,
        "status": 1,
        "fuel": 7073,
        "fault": 0.9482,
        "weapon": 0,
        "pilot_injury": 0.0753,
        "pilot_skill": 0.5279,
        "mission_priority": 0.8313,
        "estimated_landing_time": 852.0,
        "wait_time": 0,
        "Landing_success_rate": 0.8561
    },
    {
        "model": 2,
        "sequence": 2,
        "status": 1,
        "fuel": 6581,
        "fault": 0.9123,
        "weapon": 1,
        "pilot_injury": 0.1608,
        "pilot_skill": 0.4042,
        "mission_priority": 0.0154,
        "estimated_landing_time": 194.0,
        "wait_time": 0,
        "Landing_success_rate": 0.8571
    },
    {
        "model": 2,
        "sequence": 24,
        "status": 1,
        "fuel": 6106,
        "fault": 0.3108,
        "weapon": 1,
        "pilot_injury": 0.3328,
        "pilot_skill": 0.8812,
        "mission_priority": 0.1829,
        "estimated_landing_time": 2262.0,
        "wait_time": 0,
        "Landing_success_rate": 0.8813
    },
    {
        "model": 2,
        "sequence": 13,
        "status": 1,
        "fuel": 6734,
        "fault": 0.6066,
        "weapon": 1,
        "pilot_injury": 0.309,
        "pilot_skill": 0.936,
        "mission_priority": 0.6376,
        "estimated_landing_time": 1228.0,
        "wait_time": 0,
        "Landing_success_rate": 0.8864
    },
    {
        "model": 1,
        "sequence": 1,
        "status": 1,
        "fuel": 7180,
        "fault": 0.7534,
        "weapon": 0,
        "pilot_injury": 0.9598,
        "pilot_skill": 0.4179,
        "mission_priority": 0.3137,
        "estimated_landing_time": 100.0,
        "wait_time": 0,
        "Landing_success_rate": 0.8811
    },
    {
        "model": 2,
        "sequence": 21,
        "status": 1,
        "fuel": 7344,
        "fault": 0.5004,
        "weapon": 1,
        "pilot_injury": 0.6419,
        "pilot_skill": 0.0185,
        "mission_priority": 0.7485,
        "estimated_landing_time": 1980.0,
        "wait_time": 0,
        "Landing_success_rate": 0.9191
    },
    {
        "model": 0,
        "sequence": 12,
        "status": 1,
        "fuel": 7275,
        "fault": 0.8472,
        "weapon": 1,
        "pilot_injury": 0.1587,
        "pilot_skill": 0.5235,
        "mission_priority": 0.7446,
        "estimated_landing_time": 1134.0,
        "wait_time": 0,
        "Landing_success_rate": 0.8703
    },
    {
        "model": 1,
        "sequence": 20,
        "status": 1,
        "fuel": 7148,
        "fault": 0.9892,
        "weapon": 1,
        "pilot_injury": 0.1947,
        "pilot_skill": 0.0663,
        "mission_priority": 0.6444,
        "estimated_landing_time": 1886.0,
        "wait_time": 0,
        "Landing_success_rate": 0.8513
    },
    {
        "model": 2,
        "sequence": 17,
        "status": 1,
        "fuel": 6477,
        "fault": 0.5408,
        "weapon": 0,
        "pilot_injury": 0.7672,
        "pilot_skill": 0.1997,
        "mission_priority": 0.9777,
        "estimated_landing_time": 1604.0,
        "wait_time": 0,
        "Landing_success_rate": 0.8836
    },
    {
        "model": 2,
        "sequence": 11,
        "status": 1,
        "fuel": 7108,
        "fault": 0.3223,
        "weapon": 1,
        "pilot_injury": 0.5588,
        "pilot_skill": 0.5555,
        "mission_priority": 0.4425,
        "estimated_landing_time": 1040.0,
        "wait_time": 0,
        "Landing_success_rate": 0.9317
    },
    {
        "model": 1,
        "sequence": 3,
        "status": 1,
        "fuel": 6632,
        "fault": 0.8603,
        "weapon": 0,
        "pilot_injury": 0.6272,
        "pilot_skill": 0.2053,
        "mission_priority": 0.5273,
        "estimated_landing_time": 288.0,
        "wait_time": 0,
        "Landing_success_rate": 0.8619
    },
    {
        "model": 0,
        "sequence": 18,
        "status": 1,
        "fuel": 7363,
        "fault": 0.8183,
        "weapon": 0,
        "pilot_injury": 0.3934,
        "pilot_skill": 0.9508,
        "mission_priority": 0.7615,
        "estimated_landing_time": 1698.0,
        "wait_time": 0,
        "Landing_success_rate": 0.8754
    },
    {
        "model": 1,
        "sequence": 19,
        "status": 1,
        "fuel": 6670,
        "fault": 0.5981,
        "weapon": 1,
        "pilot_injury": 0.4253,
        "pilot_skill": 0.7741,
        "mission_priority": 0.8205,
        "estimated_landing_time": 1792.0,
        "wait_time": 0,
        "Landing_success_rate": 0.8853
    },
    {
        "model": 0,
        "sequence": 22,
        "status": 1,
        "fuel": 6272,
        "fault": 0.1694,
        "weapon": 1,
        "pilot_injury": 0.095,
        "pilot_skill": 0.0232,
        "mission_priority": 0.5487,
        "estimated_landing_time": 2074.0,
        "wait_time": 0,
        "Landing_success_rate": 0.8981
    },
    {
        "model": 0,
        "sequence": 7,
        "status": 1,
        "fuel": 6871,
        "fault": 0.2505,
        "weapon": 0,
        "pilot_injury": 0.7298,
        "pilot_skill": 0.498,
        "mission_priority": 0.7963,
        "estimated_landing_time": 664.0,
        "wait_time": 0,
        "Landing_success_rate": 0.9271
    },
    {
        "model": 2,
        "sequence": 8,
        "status": 1,
        "fuel": 7294,
        "fault": 0.9186,
        "weapon": 0,
        "pilot_injury": 0.2633,
        "pilot_skill": 0.6009,
        "mission_priority": 0.2001,
        "estimated_landing_time": 758.0,
        "wait_time": 0,
        "Landing_success_rate": 0.861
    },
    {
        "model": 1,
        "sequence": 6,
        "status": 1,
        "fuel": 5810,
        "fault": 0.5438,
        "weapon": 1,
        "pilot_injury": 0.227,
        "pilot_skill": 0.6252,
        "mission_priority": 0.945,
        "estimated_landing_time": 570.0,
        "wait_time": 0,
        "Landing_success_rate": 0.8606
    }
]