[
    {
        "model": 0,
        "sequence": 9,
        "status": 1,
        "fuel": 6111,
        "fault": 0.6144,
        "weapon": 0,
        "pilot_injury": 0.2763,
        "pilot_skill": 0.3742,
        "mission_priority": 0.1972,
        "estimated_landing_time": 852.0,
        "wait_time": 0,
        "Landing_success_rate": 0.8677
    },
    {
        "model": 0,
        "sequence": 24,
        "status": 1,
        "fuel": 5511,
        "fault": 0.5631,
        "weapon": 1,
        "pilot_injury": 0.8109,
        "pilot_skill": 0.5689,
        "mission_priority": 0.9613,
        "estimated_landing_time": 2262.0,
        "wait_time": 0,
        "Landing_success_rate": 0.8504
    },
    {
        "model": 1,
        "sequence": 20,
        "status": 1,
        "fuel": 5636,
        "fault": 0.7625,
        "weapon": 1,
        "pilot_injury": 0.6105,
        "pilot_skill": 0.5437,
        "mission_priority": 0.5803,
        "estimated_landing_time": 1886.0,
        "wait_time": 0,
        "Landing_success_rate": 0.8524
    },
    {
        "model": 1,
        "sequence": 16,
        "status": 1,
        "fuel": 5776,
        "fault": 0.1092,
        "weapon": 0,
        "pilot_injury": 0.7286,
        "pilot_skill": 0.2506,
        "mission_priority": 0.9321,
        "estimated_landing_time": 1510.0,
        "wait_time": 0,
        "Landing_success_rate": 0.8684
    },
    {
        "model": 0,
        "sequence": 13,
        "status": 1,
        "fuel": 6567,
        "fault": 0.1727,
        "weapon": 0,
        "pilot_injury": 0.6327,
        "pilot_skill": 0.47,
        "mission_priority": 0.3108,
        "estimated_landing_time": 1228.0,
        "wait_time": 0,
        "Landing_success_rate": 0.9162
    },
    {
        "model": 2,
        "sequence": 19,
        "status": 1,
        "fuel": 5731,
        "fault": 0.4425,
        "weapon": 1,
        "pilot_injury": 0.1394,
        "pilot_skill": 0.2527,
        "mission_priority": 0.1237,
        "estimated_landing_time": 1792.0,
        "wait_time": 0,
        "Landing_success_rate": 0.8597
    },
    {
        "model": 2,
        "sequence": 8,
        "status": 1,
        "fuel": 6293,
        "fault": 0.2527,
        "weapon": 0,
        "pilot_injury": 0.6488,
        "pilot_skill": 0.9957,
        "mission_priority": 0.8924,
        "estimated_landing_time": 758.0,
        "wait_time": 0,
        "Landing_success_rate": 0.8944
    },
    {
        "model": 1,
        "sequence": 22,
        "status": 1,
        "fuel": 7213,
        "fault": 0.6437,
        "weapon": 0,
        "pilot_injury": 0.2706,
        "pilot_skill": 0.3841,
        "mission_priority": 0.2501,
        "estimated_landing_time": 2074.0,
        "wait_time": 0,
        "Landing_success_rate": 0.8958
    },
    {
        "model": 0,
        "sequence": 23,
        "status": 1,
        "fuel": 6936,
        "fault": 0.9076,
        "weapon": 0,
        "pilot_injury": 0.8975,
        "pilot_skill": 0.7438,
        "mission_priority": 0.9848,
        "estimated_landing_time": 2168.0,
        "wait_time": 0,
        "Landing_success_rate": 0.86
    },
    {
        "model": 2,
        "sequence": 18,
        "status": 1,
        "fuel": 5800,
        "fault": 0.9131,
        "weapon": 0,
        "pilot_injury": 0.793,
        "pilot_skill": 0.4605,
        "mission_priority": 0.3551,
        "estimated_landing_time": 1698.0,
        "wait_time": 0,
        "Landing_success_rate": 0.852
    },
    {
        "model": 2,
        "sequence": 2,
        "status": 1,
        "fuel": 6852,
        "fault": 0.4879,
        "weapon": 0,
        "pilot_injury": 0.913,
        "pilot_skill": 0.2684,
        "mission_priority": 0.8965,
        "estimated_landing_time": 194.0,
        "wait_time": 0,
        "Landing_success_rate": 0.9019
    },
    {
        "model": 1,
        "sequence": 21,
        "status": 1,
        "fuel": 6949,
        "fault": 0.4295,
        "weapon": 0,
        "pilot_injury": 0.4206,
        "pilot_skill": 0.5158,
        "mission_priority": 0.4182,
        "estimated_landing_time": 1980.0,
        "wait_time": 0,
        "Landing_success_rate": 0.912
    },
    {
        "model": 0,
        "sequence": 7,
        "status": 1,
        "fuel": 6928,
        "fault": 0.0912,
        "weapon": 1,
        "pilot_injury": 0.3099,
        "pilot_skill": 0.5115,
        "mission_priority": 0.431,
        "estimated_landing_time": 664.0,
        "wait_time": 0,
        "Landing_success_rate": 0.9473
    },
    {
        "model": 1,
        "sequence": 10,
        "status": 1,
        "fuel": 6376,
        "fault": 0.7481,
        "weapon": 0,
        "pilot_injury": 0.93,
        "pilot_skill": 0.0056,
        "mission_priority": 0.0792,
        "estimated_landing_time": 946.0,
        "wait_time": 0,
        "Landing_success_rate": 0.8665
    },
    {
        "model": 0,
        "sequence": 14,
        "status": 1,
        "fuel": 6434,
        "fault": 0.8183,
        "weapon": 0,
        "pilot_injury": 0.9117,
        "pilot_skill": 0.6674,
        "mission_priority": 0.3683,
        "estimated_landing_time": 1322.0,
        "wait_time": 0,
        "Landing_success_rate": 0.8627
    },
    {
        "model": 0,
        "sequence": 4,
        "status": 1,
        "fuel": 6146,
        "fault": 0.5794,
        "weapon": 1,
        "pilot_injury": 0.141,
        "pilot_skill": 0.8834,
        "mission_priority": 0.0048,
        "estimated_landing_time": 382.0,
        "wait_time": 0,
        "Landing_success_rate": 0.8704
    },
    {
        "model": 0,
        "sequence": 12,
        "status": 1,
        "fuel": 6650,
        "fault": 0.905,
        "weapon": 1,
        "pilot_injury": 0.7421,
        "pilot_skill": 0.0399,
        "mission_priority": 0.4314,
        "estimated_landing_time": 1134.0,
        "wait_time": 0,
        "Landing_success_rate": 0.8582
    },
    {
        "model": 0,
        "sequence": 3,
        "status": 1,
        "fuel": 6745,
        "fault": 0.3675,
        "weapon": 0,
        "pilot_injury": 0.4433,
        "pilot_skill": 0.3031,
        "mission_priority": 0.4982,
        "estimated_landing_time": 288.0,
        "wait_time": 0,
        "Landing_success_rate": 0.9091
    },
    {
        "model": 0,
        "sequence": 17,
        "status": 1,
        "fuel": 6935,
        "fault": 0.2599,
        "weapon": 0,
        "pilot_injury": 0.1235,
        "pilot_skill": 0.0827,
        "mission_priority": 0.4019,
        "estimated_landing_time": 1604.0,
        "wait_time": 0,
        "Landing_success_rate": 0.9297
    },
    {
        "model": 0,
        "sequence": 11,
        "status": 1,
        "fuel": 5881,
        "fault": 0.1335,
        "weapon": 0,
        "pilot_injury": 0.56,
        "pilot_skill": 0.8888,
        "mission_priority": 0.8053,
        "estimated_landing_time": 1040.0,
        "wait_time": 0,
        "Landing_success_rate": 0.8748
    },
    {
        "model": 2,
        "sequence": 5,
        "status": 1,
        "fuel": 6089,
        "fault": 0.8552,
        "weapon": 1,
        "pilot_injury": 0.3012,
        "pilot_skill": 0.2271,
        "mission_priority": 0.6227,
        "estimated_landing_time": 476.0,
        "wait_time": 0,
        "Landing_success_rate": 0.8564
    },
    {
        "model": 2,
        "sequence": 6,
        "status": 1,
        "fuel": 6231,
        "fault": 0.0258,
        "weapon": 0,
        "pilot_injury": 0.1893,
        "pilot_skill": 0.7919,
        "mission_priority": 0.4336,
        "estimated_landing_time": 570.0,
        "wait_time": 0,
        "Landing_success_rate": 0.9034
    },
    {
        "model": 2,
        "sequence": 1,
        "status": 1,
        "fuel": 6496,
        "fault": 0.3408,
        "weapon": 0,
        "pilot_injury": 0.2823,
        "pilot_skill": 0.3941,
        "mission_priority": 0.6765,
        "estimated_landing_time": 100.0,
        "wait_time": 0,
        "Landing_success_rate": 0.8992
    },
    {
        "model": 2,
        "sequence": 15,
        "status": 1,
        "fuel": 7408,
        "fault": 0.2716,
        "weapon": 1,
        "pilot_injury": 0.735,
        "pilot_skill": 0.9183,
        "mission_priority": 0.4229,
        "estimated_landing_time": 1416.0,
        "wait_time": 0,
        "Landing_success_rate": 0.9542
    }
]