[
    {
        "model": 1,
        "sequence": 19,
        "status": 1,
        "fuel": 5818,
        "fault": 0.6121,
        "weapon": 0,
        "pilot_injury": 0.952,
        "pilot_skill": 0.3159,
        "mission_priority": 0.7711,
        "estimated_landing_time": 1792.0,
        "wait_time": 0,
        "Landing_success_rate": 0.8593
    },
    {
        "model": 2,
        "sequence": 21,
        "status": 1,
        "fuel": 6172,
        "fault": 0.1874,
        "weapon": 0,
        "pilot_injury": 0.4816,
        "pilot_skill": 0.9256,
        "mission_priority": 0.8004,
        "estimated_landing_time": 1980.0,
        "wait_time": 0,
        "Landing_success_rate": 0.891
    },
    {
        "model": 2,
        "sequence": 5,
        "status": 1,
        "fuel": 6898,
        "fault": 0.2665,
        "weapon": 1,
        "pilot_injury": 0.1006,
        "pilot_skill": 0.9035,
        "mission_priority": 0.0693,
        "estimated_landing_time": 476.0,
        "wait_time": 0,
        "Landing_success_rate": 0.9269
    },
    {
        "model": 0,
        "sequence": 11,
        "status": 1,
        "fuel": 6393,
        "fault": 0.2138,
        "weapon": 1,
        "pilot_injury": 0.6031,
        "pilot_skill": 0.2232,
        "mission_priority": 0.5705,
        "estimated_landing_time": 1040.0,
        "wait_time": 0,
        "Landing_success_rate": 0.9027
    },
    {
        "model": 0,
        "sequence": 22,
        "status": 1,
        "fuel": 6280,
        "fault": 0.9661,
        "weapon": 1,
        "pilot_injury": 0.4557,
        "pilot_skill": 0.1444,
        "mission_priority": 0.1689,
        "estimated_landing_time": 2074.0,
        "wait_time": 0,
        "Landing_success_rate": 0.852
    },
    {
        "model": 2,
        "sequence": 6,
        "status": 1,
        "fuel": 6370,
        "fault": 0.596,
        "weapon": 0,
        "pilot_injury": 0.5224,
        "pilot_skill": 0.5079,
        "mission_priority": 0.3413,
        "estimated_landing_time": 570.0,
        "wait_time": 0,
        "Landing_success_rate": 0.8764
    },
    {
        "model": 0,
        "sequence": 8,
        "status": 1,
        "fuel": 7147,
        "fault": 0.4237,
        "weapon": 0,
        "pilot_injury": 0.8523,
        "pilot_skill": 0.1944,
        "mission_priority": 0.4159,
        "estimated_landing_time": 758.0,
        "wait_time": 0,
        "Landing_success_rate": 0.9212
    },
    {
        "model": 0,
        "sequence": 7,
        "status": 1,
        "fuel": 5569,
        "fault": 0.4717,
        "weapon": 1,
        "pilot_injury": 0.4776,
        "pilot_skill": 0.3743,
        "mission_priority": 0.4751,
        "estimated_landing_time": 664.0,
        "wait_time": 0,
        "Landing_success_rate": 0.8527
    },
    {
        "model": 2,
        "sequence": 3,
        "status": 1,
        "fuel": 6043,
        "fault": 0.6566,
        "weapon": 1,
        "pilot_injury": 0.1243,
        "pilot_skill": 0.7932,
        "mission_priority": 0.6553,
        "estimated_landing_time": 288.0,
        "wait_time": 0,
        "Landing_success_rate": 0.864
    },
    {
        "model": 0,
        "sequence": 20,
        "status": 1,
        "fuel": 7069,
        "fault": 0.6633,
        "weapon": 1,
        "pilot_injury": 0.1769,
        "pilot_skill": 0.3103,
        "mission_priority": 0.3748,
        "estimated_landing_time": 1886.0,
        "wait_time": 0,
        "Landing_success_rate": 0.8896
    },
    {
        "model": 2,
        "sequence": 17,
        "status": 1,
        "fuel": 6051,
        "fault": 0.0548,
        "weapon": 0,
        "pilot_injury": 0.5934,
        "pilot_skill": 0.8563,
        "mission_priority": 0.905,
        "estimated_landing_time": 1604.0,
        "wait_time": 0,
        "Landing_success_rate": 0.8891
    },
    {
        "model": 2,
        "sequence": 24,
        "status": 1,
        "fuel": 6124,
        "fault": 0.7046,
        "weapon": 1,
        "pilot_injury": 0.25,
        "pilot_skill": 0.6016,
        "mission_priority": 0.12,
        "estimated_landing_time": 2262.0,
        "wait_time": 0,
        "Landing_success_rate": 0.8638
    },
    {
        "model": 2,
        "sequence": 4,
        "status": 1,
        "fuel": 7077,
        "fault": 0.1427,
        "weapon": 0,
        "pilot_injury": 0.7608,
        "pilot_skill": 0.6492,
        "mission_priority": 0.8384,
        "estimated_landing_time": 382.0,
        "wait_time": 0,
        "Landing_success_rate": 0.9514
    },
    {
        "model": 0,
        "sequence": 13,
        "status": 1,
        "fuel": 6203,
        "fault": 0.3204,
        "weapon": 1,
        "pilot_injury": 0.5211,
        "pilot_skill": 0.107,
        "mission_priority": 0.4344,
        "estimated_landing_time": 1228.0,
        "wait_time": 0,
        "Landing_success_rate": 0.8858
    },
    {
        "model": 1,
        "sequence": 12,
        "status": 1,
        "fuel": 7419,
        "fault": 0.4758,
        "weapon": 1,
        "pilot_injury": 0.776,
        "pilot_skill": 0.161,
        "mission_priority": 0.7949,
        "estimated_landing_time": 1134.0,
        "wait_time": 0,
        "Landing_success_rate": 0.9254
    },
    {
        "model": 1,
        "sequence": 18,
        "status": 1,
        "fuel": 6645,
        "fault": 0.5052,
        "weapon": 0,
        "pilot_injury": 0.3735,
        "pilot_skill": 0.1765,
        "mission_priority": 0.7586,
        "estimated_landing_time": 1698.0,
        "wait_time": 0,
        "Landing_success_rate": 0.8925
    },
    {
        "model": 1,
        "sequence": 10,
        "status": 1,
        "fuel": 7441,
        "fault": 0.0112,
        "weapon": 1,
        "pilot_injury": 0.9967,
        "pilot_skill": 0.1945,
        "mission_priority": 0.4111,
        "estimated_landing_time": 946.0,
        "wait_time": 0,
        "Landing_success_rate": 0.9939
    },
    {
        "model": 0,
        "sequence": 23,
        "status": 1,
        "fuel": 6458,
        "fault": 0.7123,
        "weapon": 1,
        "pilot_injury": 0.017,
        "pilot_skill": 0.1352,
        "mission_priority": 0.2479,
        "estimated_landing_time": 2168.0,
        "wait_time": 0,
        "Landing_success_rate": 0.8707
    },
    {
        "model": 0,
        "sequence": 14,
        "status": 1,
        "fuel": 5623,
        "fault": 0.6285,
        "weapon": 1,
        "pilot_injury": 0.2663,
        "pilot_skill": 0.1263,
        "mission_priority": 0.4857,
        "estimated_landing_time": 1322.0,
        "wait_time": 0,
        "Landing_success_rate": 0.8534
    },
    {
        "model": 0,
        "sequence": 2,
        "status": 1,
        "fuel": 6970,
        "fault": 0.382,
        "weapon": 0,
        "pilot_injury": 0.4827,
        "pilot_skill": 0.9576,
        "mission_priority": 0.9638,
        "estimated_landing_time": 194.0,
        "wait_time": 0,
        "Landing_success_rate": 0.9181
    },
    {
        "model": 0,
        "sequence": 15,
        "status": 1,
        "fuel": 6145,
        "fault": 0.448,
        "weapon": 1,
        "pilot_injury": 0.8652,
        "pilot_skill": 0.8755,
        "mission_priority": 0.9102,
        "estimated_landing_time": 1416.0,
        "wait_time": 0,
        "Landing_success_rate": 0.8767
    },
    {
        "model": 1,
        "sequence": 1,
        "status": 1,
        "fuel": 7156,
        "fault": 0.8345,
        "weapon": 1,
        "pilot_injury": 0.0911,
        "pilot_skill": 0.9148,
        "mission_priority": 0.0555,
        "estimated_landing_time": 100.0,
        "wait_time": 0,
        "Landing_success_rate": 0.8706
    },
    {
        "model": 2,
        "sequence": 16,
        "status": 1,
        "fuel": 6368,
        "fault": 0.5156,
        "weapon": 1,
        "pilot_injury": 0.022,
        "pilot_skill": 0.9069,
        "mission_priority": 0.2871,
        "estimated_landing_time": 1510.0,
        "wait_time": 0,
        "Landing_success_rate": 0.8815
    },
    {
        "model": 0,
        "sequence": 9,
        "status": 1,
        "fuel": 7353,
        "fault": 0.3482,
        "weapon": 0,
        "pilot_injury": 0.3114,
        "pilot_skill": 0.8768,
        "mission_priority": 0.4535,
        "estimated_landing_time": 852.0,
        "wait_time": 0,
        "Landing_success_rate": 0.9406
    }
]