[
    {
        "model": 1,
        "sequence": 17,
        "status": 1,
        "fuel": 6785,
        "fault": 0.3971,
        "weapon": 0,
        "pilot_injury": 0.3323,
        "pilot_skill": 0.8219,
        "mission_priority": 0.9583,
        "estimated_landing_time": 1604.0,
        "wait_time": 0,
        "Landing_success_rate": 0.9081
    },
    {
        "model": 2,
        "sequence": 6,
        "status": 1,
        "fuel": 6060,
        "fault": 0.3837,
        "weapon": 1,
        "pilot_injury": 0.3602,
        "pilot_skill": 0.6225,
        "mission_priority": 0.1012,
        "estimated_landing_time": 570.0,
        "wait_time": 0,
        "Landing_success_rate": 0.8759
    },
    {
        "model": 0,
        "sequence": 5,
        "status": 1,
        "fuel": 6850,
        "fault": 0.1579,
        "weapon": 0,
        "pilot_injury": 0.2511,
        "pilot_skill": 0.5015,
        "mission_priority": 0.0733,
        "estimated_landing_time": 476.0,
        "wait_time": 0,
        "Landing_success_rate": 0.9353
    },
    {
        "model": 1,
        "sequence": 4,
        "status": 1,
        "fuel": 6734,
        "fault": 0.2924,
        "weapon": 1,
        "pilot_injury": 0.5822,
        "pilot_skill": 0.3785,
        "mission_priority": 0.5976,
        "estimated_landing_time": 382.0,
        "wait_time": 0,
        "Landing_success_rate": 0.9155
    },
    {
        "model": 1,
        "sequence": 3,
        "status": 1,
        "fuel": 5991,
        "fault": 0.4283,
        "weapon": 1,
        "pilot_injury": 0.5193,
        "pilot_skill": 0.7949,
        "mission_priority": 0.6879,
        "estimated_landing_time": 288.0,
        "wait_time": 0,
        "Landing_success_rate": 0.8711
    },
    {
        "model": 0,
        "sequence": 11,
        "status": 1,
        "fuel": 6897,
        "fault": 0.1784,
        "weapon": 0,
        "pilot_injury": 0.3763,
        "pilot_skill": 0.7088,
        "mission_priority": 0.0167,
        "estimated_landing_time": 1040.0,
        "wait_time": 0,
        "Landing_success_rate": 0.9361
    },
    {
        "model": 1,
        "sequence": 22,
        "status": 1,
        "fuel": 7042,
        "fault": 0.1942,
        "weapon": 1,
        "pilot_injury": 0.9205,
        "pilot_skill": 0.8765,
        "mission_priority": 0.9681,
        "estimated_landing_time": 2074.0,
        "wait_time": 0,
        "Landing_success_rate": 0.9432
    },
    {
        "model": 0,
        "sequence": 23,
        "status": 1,
        "fuel": 7178,
        "fault": 0.6017,
        "weapon": 1,
        "pilot_injury": 0.6119,
        "pilot_skill": 0.492,
        "mission_priority": 0.8338,
        "estimated_landing_time": 2168.0,
        "wait_time": 0,
        "Landing_success_rate": 0.9001
    },
    {
        "model": 2,
        "sequence": 2,
        "status": 1,
        "fuel": 6596,
        "fault": 0.1041,
        "weapon": 0,
        "pilot_injury": 0.8939,
        "pilot_skill": 0.9287,
        "mission_priority": 0.4453,
        "estimated_landing_time": 194.0,
        "wait_time": 0,
        "Landing_success_rate": 0.9236
    },
    {
        "model": 1,
        "sequence": 8,
        "status": 1,
        "fuel": 6062,
        "fault": 0.2221,
        "weapon": 0,
        "pilot_injury": 0.0931,
        "pilot_skill": 0.9382,
        "mission_priority": 0.9839,
        "estimated_landing_time": 758.0,
        "wait_time": 0,
        "Landing_success_rate": 0.8828
    },
    {
        "model": 0,
        "sequence": 18,
        "status": 1,
        "fuel": 6125,
        "fault": 0.4861,
        "weapon": 1,
        "pilot_injury": 0.3237,
        "pilot_skill": 0.8663,
        "mission_priority": 0.9003,
        "estimated_landing_time": 1698.0,
        "wait_time": 0,
        "Landing_success_rate": 0.8741
    },
    {
        "model": 0,
        "sequence": 13,
        "status": 1,
        "fuel": 6960,
        "fault": 0.4925,
        "weapon": 1,
        "pilot_injury": 0.2609,
        "pilot_skill": 0.7037,
        "mission_priority": 0.1834,
        "estimated_landing_time": 1228.0,
        "wait_time": 0,
        "Landing_success_rate": 0.9056
    },
    {
        "model": 2,
        "sequence": 21,
        "status": 1,
        "fuel": 6363,
        "fault": 0.8774,
        "weapon": 1,
        "pilot_injury": 0.6116,
        "pilot_skill": 0.9763,
        "mission_priority": 0.7839,
        "estimated_landing_time": 1980.0,
        "wait_time": 0,
        "Landing_success_rate": 0.8579
    },
    {
        "model": 1,
        "sequence": 10,
        "status": 1,
        "fuel": 6195,
        "fault": 0.5499,
        "weapon": 0,
        "pilot_injury": 0.5168,
        "pilot_skill": 0.2041,
        "mission_priority": 0.3001,
        "estimated_landing_time": 946.0,
        "wait_time": 0,
        "Landing_success_rate": 0.8735
    },
    {
        "model": 1,
        "sequence": 19,
        "status": 1,
        "fuel": 7129,
        "fault": 0.3474,
        "weapon": 0,
        "pilot_injury": 0.2929,
        "pilot_skill": 0.6176,
        "mission_priority": 0.694,
        "estimated_landing_time": 1792.0,
        "wait_time": 0,
        "Landing_success_rate": 0.9297
    },
    {
        "model": 1,
        "sequence": 9,
        "status": 1,
        "fuel": 5897,
        "fault": 0.7308,
        "weapon": 0,
        "pilot_injury": 0.3145,
        "pilot_skill": 0.8542,
        "mission_priority": 0.7148,
        "estimated_landing_time": 852.0,
        "wait_time": 0,
        "Landing_success_rate": 0.858
    },
    {
        "model": 1,
        "sequence": 24,
        "status": 1,
        "fuel": 6092,
        "fault": 0.6189,
        "weapon": 1,
        "pilot_injury": 0.0346,
        "pilot_skill": 0.8505,
        "mission_priority": 0.3868,
        "estimated_landing_time": 2262.0,
        "wait_time": 0,
        "Landing_success_rate": 0.8669
    },
    {
        "model": 2,
        "sequence": 7,
        "status": 1,
        "fuel": 5920,
        "fault": 0.7975,
        "weapon": 1,
        "pilot_injury": 0.5165,
        "pilot_skill": 0.1501,
        "mission_priority": 0.5667,
        "estimated_landing_time": 664.0,
        "wait_time": 0,
        "Landing_success_rate": 0.8564
    },
    {
        "model": 2,
        "sequence": 16,
        "status": 1,
        "fuel": 6238,
        "fault": 0.6956,
        "weapon": 0,
        "pilot_injury": 0.9037,
        "pilot_skill": 0.1556,
        "mission_priority": 0.494,
        "estimated_landing_time": 1510.0,
        "wait_time": 0,
        "Landing_success_rate": 0.8668
    },
    {
        "model": 1,
        "sequence": 12,
        "status": 1,
        "fuel": 5899,
        "fault": 0.6902,
        "weapon": 0,
        "pilot_injury": 0.9322,
        "pilot_skill": 0.4,
        "mission_priority": 0.3057,
        "estimated_landing_time": 1134.0,
        "wait_time": 0,
        "Landing_success_rate": 0.8593
    },
    {
        "model": 0,
        "sequence": 15,
        "status": 1,
        "fuel": 6129,
        "fault": 0.7223,
        "weapon": 0,
        "pilot_injury": 0.6824,
        "pilot_skill": 0.8806,
        "mission_priority": 0.1175,
        "estimated_landing_time": 1416.0,
        "wait_time": 0,
        "Landing_success_rate": 0.8631
    },
    {
        "model": 1,
        "sequence": 20,
        "status": 1,
        "fuel": 7379,
        "fault": 0.9425,
        "weapon": 0,
        "pilot_injury": 0.8971,
        "pilot_skill": 0.382,
        "mission_priority": 0.3131,
        "estimated_landing_time": 1886.0,
        "wait_time": 0,
        "Landing_success_rate": 0.8581
    },
    {
        "model": 1,
        "sequence": 1,
        "status": 1,
        "fuel": 7261,
        "fault": 0.2288,
        "weapon": 1,
        "pilot_injury": 0.4796,
        "pilot_skill": 0.4586,
        "mission_priority": 0.1461,
        "estimated_landing_time": 100.0,
        "wait_time": 0,
        "Landing_success_rate": 0.9519
    },
    {
        "model": 0,
        "sequence": 14,
        "status": 1,
        "fuel": 6347,
        "fault": 0.5961,
        "weapon": 0,
        "pilot_injury": 0.3669,
        "pilot_skill": 0.3097,
        "mission_priority": 0.7819,
        "estimated_landing_time": 1322.0,
        "wait_time": 0,
        "Landing_success_rate": 0.8757
    }
]