[
    {
        "model": 1,
        "sequence": 3,
        "status": 1,
        "fuel": 5748,
        "fault": 0.1453,
        "weapon": 0,
        "pilot_injury": 0.9737,
        "pilot_skill": 0.2789,
        "mission_priority": 0.4829,
        "estimated_landing_time": 288.0,
        "wait_time": 0,
        "Landing_success_rate": 0.8659
    },
    {
        "model": 2,
        "sequence": 18,
        "status": 1,
        "fuel": 7177,
        "fault": 0.8969,
        "weapon": 1,
        "pilot_injury": 0.9039,
        "pilot_skill": 0.3496,
        "mission_priority": 0.0875,
        "estimated_landing_time": 1698.0,
        "wait_time": 0,
        "Landing_success_rate": 0.863
    },
    {
        "model": 0,
        "sequence": 14,
        "status": 1,
        "fuel": 7380,
        "fault": 0.3766,
        "weapon": 1,
        "pilot_injury": 0.8817,
        "pilot_skill": 0.6282,
        "mission_priority": 0.2148,
        "estimated_landing_time": 1322.0,
        "wait_time": 0,
        "Landing_success_rate": 0.9379
    },
    {
        "model": 2,
        "sequence": 23,
        "status": 1,
        "fuel": 7217,
        "fault": 0.7586,
        "weapon": 0,
        "pilot_injury": 0.0528,
        "pilot_skill": 0.9943,
        "mission_priority": 0.9059,
        "estimated_landing_time": 2168.0,
        "wait_time": 0,
        "Landing_success_rate": 0.8811
    },
    {
        "model": 2,
        "sequence": 10,
        "status": 1,
        "fuel": 6630,
        "fault": 0.2253,
        "weapon": 0,
        "pilot_injury": 0.1525,
        "pilot_skill": 0.9426,
        "mission_priority": 0.2126,
        "estimated_landing_time": 946.0,
        "wait_time": 0,
        "Landing_success_rate": 0.9157
    },
    {
        "model": 2,
        "sequence": 21,
        "status": 1,
        "fuel": 6588,
        "fault": 0.0038,
        "weapon": 0,
        "pilot_injury": 0.5125,
        "pilot_skill": 0.2674,
        "mission_priority": 0.7806,
        "estimated_landing_time": 1980.0,
        "wait_time": 0,
        "Landing_success_rate": 0.9313
    },
    {
        "model": 2,
        "sequence": 12,
        "status": 1,
        "fuel": 5627,
        "fault": 0.4873,
        "weapon": 0,
        "pilot_injury": 0.507,
        "pilot_skill": 0.5481,
        "mission_priority": 0.9034,
        "estimated_landing_time": 1134.0,
        "wait_time": 0,
        "Landing_success_rate": 0.8549
    },
    {
        "model": 1,
        "sequence": 11,
        "status": 1,
        "fuel": 6840,
        "fault": 0.2377,
        "weapon": 1,
        "pilot_injury": 0.8204,
        "pilot_skill": 0.5051,
        "mission_priority": 0.3882,
        "estimated_landing_time": 1040.0,
        "wait_time": 0,
        "Landing_success_rate": 0.9266
    },
    {
        "model": 0,
        "sequence": 7,
        "status": 1,
        "fuel": 6796,
        "fault": 0.015,
        "weapon": 1,
        "pilot_injury": 0.2424,
        "pilot_skill": 0.0476,
        "mission_priority": 0.5656,
        "estimated_landing_time": 664.0,
        "wait_time": 0,
        "Landing_success_rate": 0.9457
    },
    {
        "model": 1,
        "sequence": 15,
        "status": 1,
        "fuel": 7097,
        "fault": 0.3465,
        "weapon": 1,
        "pilot_injury": 0.7674,
        "pilot_skill": 0.414,
        "mission_priority": 0.3357,
        "estimated_landing_time": 1416.0,
        "wait_time": 0,
        "Landing_success_rate": 0.9283
    },
    {
        "model": 0,
        "sequence": 19,
        "status": 1,
        "fuel": 5620,
        "fault": 0.2999,
        "weapon": 1,
        "pilot_injury": 0.2257,
        "pilot_skill": 0.2792,
        "mission_priority": 0.3315,
        "estimated_landing_time": 1792.0,
        "wait_time": 0,
        "Landing_success_rate": 0.8563
    },
    {
        "model": 2,
        "sequence": 4,
        "status": 1,
        "fuel": 6121,
        "fault": 0.1957,
        "weapon": 1,
        "pilot_injury": 0.3545,
        "pilot_skill": 0.4718,
        "mission_priority": 0.5518,
        "estimated_landing_time": 382.0,
        "wait_time": 0,
        "Landing_success_rate": 0.8875
    },
    {
        "model": 0,
        "sequence": 2,
        "status": 1,
        "fuel": 6445,
        "fault": 0.01,
        "weapon": 1,
        "pilot_injury": 0.3115,
        "pilot_skill": 0.9179,
        "mission_priority": 0.3296,
        "estimated_landing_time": 194.0,
        "wait_time": 0,
        "Landing_success_rate": 0.9202
    },
    {
        "model": 0,
        "sequence": 13,
        "status": 1,
        "fuel": 5839,
        "fault": 0.5749,
        "weapon": 0,
        "pilot_injury": 0.5058,
        "pilot_skill": 0.3724,
        "mission_priority": 0.3871,
        "estimated_landing_time": 1228.0,
        "wait_time": 0,
        "Landing_success_rate": 0.8608
    },
    {
        "model": 0,
        "sequence": 20,
        "status": 1,
        "fuel": 7334,
        "fault": 0.9606,
        "weapon": 1,
        "pilot_injury": 0.8705,
        "pilot_skill": 0.5691,
        "mission_priority": 0.2168,
        "estimated_landing_time": 1886.0,
        "wait_time": 0,
        "Landing_success_rate": 0.8554
    },
    {
        "model": 0,
        "sequence": 6,
        "status": 1,
        "fuel": 7297,
        "fault": 0.2593,
        "weapon": 1,
        "pilot_injury": 0.3748,
        "pilot_skill": 0.9682,
        "mission_priority": 0.9585,
        "estimated_landing_time": 570.0,
        "wait_time": 0,
        "Landing_success_rate": 0.9498
    },
    {
        "model": 1,
        "sequence": 8,
        "status": 1,
        "fuel": 7205,
        "fault": 0.5828,
        "weapon": 0,
        "pilot_injury": 0.0445,
        "pilot_skill": 0.6853,
        "mission_priority": 0.7109,
        "estimated_landing_time": 758.0,
        "wait_time": 0,
        "Landing_success_rate": 0.9033
    },
    {
        "model": 2,
        "sequence": 17,
        "status": 1,
        "fuel": 6119,
        "fault": 0.0355,
        "weapon": 0,
        "pilot_injury": 0.2855,
        "pilot_skill": 0.1671,
        "mission_priority": 0.9279,
        "estimated_landing_time": 1604.0,
        "wait_time": 0,
        "Landing_success_rate": 0.8948
    },
    {
        "model": 1,
        "sequence": 5,
        "status": 1,
        "fuel": 6984,
        "fault": 0.7879,
        "weapon": 0,
        "pilot_injury": 0.1679,
        "pilot_skill": 0.3753,
        "mission_priority": 0.0484,
        "estimated_landing_time": 476.0,
        "wait_time": 0,
        "Landing_success_rate": 0.8736
    },
    {
        "model": 2,
        "sequence": 22,
        "status": 1,
        "fuel": 6281,
        "fault": 0.1619,
        "weapon": 1,
        "pilot_injury": 0.2387,
        "pilot_skill": 0.7368,
        "mission_priority": 0.905,
        "estimated_landing_time": 2074.0,
        "wait_time": 0,
        "Landing_success_rate": 0.8991
    },
    {
        "model": 1,
        "sequence": 16,
        "status": 1,
        "fuel": 5712,
        "fault": 0.9904,
        "weapon": 1,
        "pilot_injury": 0.7035,
        "pilot_skill": 0.494,
        "mission_priority": 0.1467,
        "estimated_landing_time": 1510.0,
        "wait_time": 0,
        "Landing_success_rate": 0.8502
    },
    {
        "model": 1,
        "sequence": 1,
        "status": 1,
        "fuel": 6873,
        "fault": 0.2669,
        "weapon": 1,
        "pilot_injury": 0.0058,
        "pilot_skill": 0.575,
        "mission_priority": 0.1984,
        "estimated_landing_time": 100.0,
        "wait_time": 0,
        "Landing_success_rate": 0.9255
    },
    {
        "model": 1,
        "sequence": 9,
        "status": 1,
        "fuel": 5658,
        "fault": 0.3759,
        "weapon": 0,
        "pilot_injury": 0.1622,
        "pilot_skill": 0.0294,
        "mission_priority": 0.004,
        "estimated_landing_time": 852.0,
        "wait_time": 0,
        "Landing_success_rate": 0.8574
    },
    {
        "model": 0,
        "sequence": 24,
        "status": 1,
        "fuel": 5734,
        "fault": 0.5642,
        "weapon": 0,
        "pilot_injury": 0.4353,
        "pilot_skill": 0.0572,
        "mission_priority": 0.3733,
        "estimated_landing_time": 2262.0,
        "wait_time": 0,
        "Landing_success_rate": 0.8576
    }
]