[
    {
        "model": 1,
        "sequence": 9,
        "status": 1,
        "fuel": 7422,
        "fault": 0.2771,
        "weapon": 1,
        "pilot_injury": 0.1355,
        "pilot_skill": 0.3612,
        "mission_priority": 0.6669,
        "estimated_landing_time": 852.0,
        "wait_time": 0,
        "Landing_success_rate": 0.9542
    },
    {
        "model": 1,
        "sequence": 2,
        "status": 1,
        "fuel": 6276,
        "fault": 0.549,
        "weapon": 1,
        "pilot_injury": 0.0442,
        "pilot_skill": 0.1189,
        "mission_priority": 0.5151,
        "estimated_landing_time": 194.0,
        "wait_time": 0,
        "Landing_success_rate": 0.8762
    },
    {
        "model": 1,
        "sequence": 16,
        "status": 1,
        "fuel": 7011,
        "fault": 0.3519,
        "weapon": 0,
        "pilot_injury": 0.1119,
        "pilot_skill": 0.2397,
        "mission_priority": 0.9458,
        "estimated_landing_time": 1510.0,
        "wait_time": 0,
        "Landing_success_rate": 0.9234
    },
    {
        "model": 2,
        "sequence": 1,
        "status": 1,
        "fuel": 7420,
        "fault": 0.2234,
        "weapon": 1,
        "pilot_injury": 0.0011,
        "pilot_skill": 0.6317,
        "mission_priority": 0.4946,
        "estimated_landing_time": 100.0,
        "wait_time": 0,
        "Landing_success_rate": 0.9618
    },
    {
        "model": 1,
        "sequence": 12,
        "status": 1,
        "fuel": 6731,
        "fault": 0.8741,
        "weapon": 1,
        "pilot_injury": 0.0807,
        "pilot_skill": 0.3773,
        "mission_priority": 0.446,
        "estimated_landing_time": 1134.0,
        "wait_time": 0,
        "Landing_success_rate": 0.8616
    },
    {
        "model": 0,
        "sequence": 15,
        "status": 1,
        "fuel": 7227,
        "fault": 0.276,
        "weapon": 1,
        "pilot_injury": 0.1796,
        "pilot_skill": 0.241,
        "mission_priority": 0.9661,
        "estimated_landing_time": 1416.0,
        "wait_time": 0,
        "Landing_success_rate": 0.9438
    },
    {
        "model": 1,
        "sequence": 7,
        "status": 1,
        "fuel": 5980,
        "fault": 0.7298,
        "weapon": 1,
        "pilot_injury": 0.707,
        "pilot_skill": 0.6843,
        "mission_priority": 0.5028,
        "estimated_landing_time": 664.0,
        "wait_time": 0,
        "Landing_success_rate": 0.8597
    },
    {
        "model": 2,
        "sequence": 4,
        "status": 1,
        "fuel": 7082,
        "fault": 0.1546,
        "weapon": 1,
        "pilot_injury": 0.0577,
        "pilot_skill": 0.8996,
        "mission_priority": 0.7694,
        "estimated_landing_time": 382.0,
        "wait_time": 0,
        "Landing_success_rate": 0.9503
    },
    {
        "model": 0,
        "sequence": 22,
        "status": 1,
        "fuel": 6568,
        "fault": 0.6116,
        "weapon": 0,
        "pilot_injury": 0.5825,
        "pilot_skill": 0.4851,
        "mission_priority": 0.2739,
        "estimated_landing_time": 2074.0,
        "wait_time": 0,
        "Landing_success_rate": 0.8811
    },
    {
        "model": 0,
        "sequence": 13,
        "status": 1,
        "fuel": 6383,
        "fault": 0.7059,
        "weapon": 0,
        "pilot_injury": 0.6349,
        "pilot_skill": 0.0014,
        "mission_priority": 0.3269,
        "estimated_landing_time": 1228.0,
        "wait_time": 0,
        "Landing_success_rate": 0.8695
    },
    {
        "model": 0,
        "sequence": 14,
        "status": 1,
        "fuel": 6127,
        "fault": 0.9193,
        "weapon": 0,
        "pilot_injury": 0.7005,
        "pilot_skill": 0.4642,
        "mission_priority": 0.951,
        "estimated_landing_time": 1322.0,
        "wait_time": 0,
        "Landing_success_rate": 0.8538
    },
    {
        "model": 0,
        "sequence": 23,
        "status": 1,
        "fuel": 5815,
        "fault": 0.457,
        "weapon": 0,
        "pilot_injury": 0.3483,
        "pilot_skill": 0.431,
        "mission_priority": 0.419,
        "estimated_landing_time": 2168.0,
        "wait_time": 0,
        "Landing_success_rate": 0.8628
    },
    {
        "model": 2,
        "sequence": 6,
        "status": 1,
        "fuel": 6656,
        "fault": 0.678,
        "weapon": 1,
        "pilot_injury": 0.2491,
        "pilot_skill": 0.8022,
        "mission_priority": 0.514,
        "estimated_landing_time": 570.0,
        "wait_time": 0,
        "Landing_success_rate": 0.8779
    },
    {
        "model": 1,
        "sequence": 18,
        "status": 1,
        "fuel": 6318,
        "fault": 0.4899,
        "weapon": 0,
        "pilot_injury": 0.1954,
        "pilot_skill": 0.1082,
        "mission_priority": 0.8382,
        "estimated_landing_time": 1698.0,
        "wait_time": 0,
        "Landing_success_rate": 0.8813
    },
    {
        "model": 0,
        "sequence": 11,
        "status": 1,
        "fuel": 6708,
        "fault": 0.1252,
        "weapon": 1,
        "pilot_injury": 0.9423,
        "pilot_skill": 0.0244,
        "mission_priority": 0.3333,
        "estimated_landing_time": 1040.0,
        "wait_time": 0,
        "Landing_success_rate": 0.9293
    },
    {
        "model": 1,
        "sequence": 24,
        "status": 1,
        "fuel": 6946,
        "fault": 0.6306,
        "weapon": 1,
        "pilot_injury": 0.1801,
        "pilot_skill": 0.8103,
        "mission_priority": 0.993,
        "estimated_landing_time": 2262.0,
        "wait_time": 0,
        "Landing_success_rate": 0.8901
    },
    {
        "model": 1,
        "sequence": 3,
        "status": 1,
        "fuel": 6411,
        "fault": 0.7066,
        "weapon": 0,
        "pilot_injury": 0.7229,
        "pilot_skill": 0.5228,
        "mission_priority": 0.4225,
        "estimated_landing_time": 288.0,
        "wait_time": 0,
        "Landing_success_rate": 0.87
    },
    {
        "model": 1,
        "sequence": 17,
        "status": 1,
        "fuel": 6436,
        "fault": 0.2899,
        "weapon": 1,
        "pilot_injury": 0.0289,
        "pilot_skill": 0.3141,
        "mission_priority": 0.3301,
        "estimated_landing_time": 1604.0,
        "wait_time": 0,
        "Landing_success_rate": 0.8998
    },
    {
        "model": 1,
        "sequence": 8,
        "status": 1,
        "fuel": 5511,
        "fault": 0.6902,
        "weapon": 0,
        "pilot_injury": 0.5138,
        "pilot_skill": 0.0187,
        "mission_priority": 0.4116,
        "estimated_landing_time": 758.0,
        "wait_time": 0,
        "Landing_success_rate": 0.8503
    },
    {
        "model": 2,
        "sequence": 21,
        "status": 1,
        "fuel": 5663,
        "fault": 0.7337,
        "weapon": 0,
        "pilot_injury": 0.8721,
        "pilot_skill": 0.3986,
        "mission_priority": 0.0126,
        "estimated_landing_time": 1980.0,
        "wait_time": 0,
        "Landing_success_rate": 0.8533
    },
    {
        "model": 0,
        "sequence": 5,
        "status": 1,
        "fuel": 6494,
        "fault": 0.7367,
        "weapon": 1,
        "pilot_injury": 0.2502,
        "pilot_skill": 0.3621,
        "mission_priority": 0.6767,
        "estimated_landing_time": 476.0,
        "wait_time": 0,
        "Landing_success_rate": 0.8696
    },
    {
        "model": 0,
        "sequence": 19,
        "status": 1,
        "fuel": 7039,
        "fault": 0.2547,
        "weapon": 1,
        "pilot_injury": 0.2996,
        "pilot_skill": 0.1369,
        "mission_priority": 0.1689,
        "estimated_landing_time": 1792.0,
        "wait_time": 0,
        "Landing_success_rate": 0.936
    },
    {
        "model": 1,
        "sequence": 10,
        "status": 1,
        "fuel": 5541,
        "fault": 0.9648,
        "weapon": 1,
        "pilot_injury": 0.4031,
        "pilot_skill": 0.0689,
        "mission_priority": 0.7333,
        "estimated_landing_time": 946.0,
        "wait_time": 0,
        "Landing_success_rate": 0.8501
    },
    {
        "model": 0,
        "sequence": 20,
        "status": 1,
        "fuel": 7389,
        "fault": 0.7592,
        "weapon": 1,
        "pilot_injury": 0.6918,
        "pilot_skill": 0.3675,
        "mission_priority": 0.0732,
        "estimated_landing_time": 1886.0,
        "wait_time": 0,
        "Landing_success_rate": 0.8841
    }
]