[
    {
        "model": 0,
        "sequence": 17,
        "status": 1,
        "fuel": 6961,
        "fault": 0.7487,
        "weapon": 1,
        "pilot_injury": 0.9549,
        "pilot_skill": 0.8494,
        "mission_priority": 0.5851,
        "estimated_landing_time": 1604.0,
        "wait_time": 0,
        "Landing_success_rate": 0.8775
    },
    {
        "model": 2,
        "sequence": 10,
        "status": 1,
        "fuel": 6075,
        "fault": 0.217,
        "weapon": 0,
        "pilot_injury": 0.7003,
        "pilot_skill": 0.1173,
        "mission_priority": 0.4065,
        "estimated_landing_time": 946.0,
        "wait_time": 0,
        "Landing_success_rate": 0.8838
    },
    {
        "model": 1,
        "sequence": 23,
        "status": 1,
        "fuel": 7419,
        "fault": 0.9592,
        "weapon": 0,
        "pilot_injury": 0.0267,
        "pilot_skill": 0.1267,
        "mission_priority": 0.4548,
        "estimated_landing_time": 2168.0,
        "wait_time": 0,
        "Landing_success_rate": 0.8559
    },
    {
        "model": 2,
        "sequence": 4,
        "status": 1,
        "fuel": 7110,
        "fault": 0.5139,
        "weapon": 1,
        "pilot_injury": 0.4531,
        "pilot_skill": 0.7876,
        "mission_priority": 0.2678,
        "estimated_landing_time": 382.0,
        "wait_time": 0,
        "Landing_success_rate": 0.9087
    },
    {
        "model": 2,
        "sequence": 9,
        "status": 1,
        "fuel": 6750,
        "fault": 0.5248,
        "weapon": 1,
        "pilot_injury": 0.7913,
        "pilot_skill": 0.677,
        "mission_priority": 0.0915,
        "estimated_landing_time": 852.0,
        "wait_time": 0,
        "Landing_success_rate": 0.8945
    },
    {
        "model": 1,
        "sequence": 24,
        "status": 1,
        "fuel": 7044,
        "fault": 0.3376,
        "weapon": 1,
        "pilot_injury": 0.045,
        "pilot_skill": 0.6164,
        "mission_priority": 0.3792,
        "estimated_landing_time": 2262.0,
        "wait_time": 0,
        "Landing_success_rate": 0.9267
    },
    {
        "model": 0,
        "sequence": 20,
        "status": 1,
        "fuel": 5758,
        "fault": 0.0853,
        "weapon": 0,
        "pilot_injury": 0.771,
        "pilot_skill": 0.557,
        "mission_priority": 0.5931,
        "estimated_landing_time": 1886.0,
        "wait_time": 0,
        "Landing_success_rate": 0.8677
    },
    {
        "model": 1,
        "sequence": 1,
        "status": 1,
        "fuel": 7004,
        "fault": 0.2953,
        "weapon": 0,
        "pilot_injury": 0.6827,
        "pilot_skill": 0.0005,
        "mission_priority": 0.3287,
        "estimated_landing_time": 100.0,
        "wait_time": 0,
        "Landing_success_rate": 0.9295
    },
    {
        "model": 1,
        "sequence": 16,
        "status": 1,
        "fuel": 6143,
        "fault": 0.167,
        "weapon": 1,
        "pilot_injury": 0.3113,
        "pilot_skill": 0.7042,
        "mission_priority": 0.2602,
        "estimated_landing_time": 1510.0,
        "wait_time": 0,
        "Landing_success_rate": 0.8902
    },
    {
        "model": 1,
        "sequence": 13,
        "status": 1,
        "fuel": 6952,
        "fault": 0.36,
        "weapon": 1,
        "pilot_injury": 0.8011,
        "pilot_skill": 0.4281,
        "mission_priority": 0.8639,
        "estimated_landing_time": 1228.0,
        "wait_time": 0,
        "Landing_success_rate": 0.9197
    },
    {
        "model": 2,
        "sequence": 11,
        "status": 1,
        "fuel": 6912,
        "fault": 0.5971,
        "weapon": 0,
        "pilot_injury": 0.0098,
        "pilot_skill": 0.7139,
        "mission_priority": 0.2349,
        "estimated_landing_time": 1040.0,
        "wait_time": 0,
        "Landing_success_rate": 0.8927
    },
    {
        "model": 1,
        "sequence": 22,
        "status": 1,
        "fuel": 6404,
        "fault": 0.2956,
        "weapon": 1,
        "pilot_injury": 0.8464,
        "pilot_skill": 0.1021,
        "mission_priority": 0.6669,
        "estimated_landing_time": 2074.0,
        "wait_time": 0,
        "Landing_success_rate": 0.8978
    },
    {
        "model": 0,
        "sequence": 19,
        "status": 1,
        "fuel": 6990,
        "fault": 0.1989,
        "weapon": 1,
        "pilot_injury": 0.9659,
        "pilot_skill": 0.0184,
        "mission_priority": 0.8411,
        "estimated_landing_time": 1792.0,
        "wait_time": 0,
        "Landing_success_rate": 0.9395
    },
    {
        "model": 2,
        "sequence": 15,
        "status": 1,
        "fuel": 6868,
        "fault": 0.0593,
        "weapon": 0,
        "pilot_injury": 0.4591,
        "pilot_skill": 0.867,
        "mission_priority": 0.1223,
        "estimated_landing_time": 1416.0,
        "wait_time": 0,
        "Landing_success_rate": 0.9465
    },
    {
        "model": 2,
        "sequence": 7,
        "status": 1,
        "fuel": 6758,
        "fault": 0.4556,
        "weapon": 0,
        "pilot_injury": 0.3952,
        "pilot_skill": 0.702,
        "mission_priority": 0.0875,
        "estimated_landing_time": 664.0,
        "wait_time": 0,
        "Landing_success_rate": 0.9014
    },
    {
        "model": 1,
        "sequence": 8,
        "status": 1,
        "fuel": 6617,
        "fault": 0.9268,
        "weapon": 0,
        "pilot_injury": 0.8735,
        "pilot_skill": 0.8297,
        "mission_priority": 0.766,
        "estimated_landing_time": 758.0,
        "wait_time": 0,
        "Landing_success_rate": 0.8561
    },
    {
        "model": 2,
        "sequence": 6,
        "status": 1,
        "fuel": 6940,
        "fault": 0.2316,
        "weapon": 1,
        "pilot_injury": 0.3281,
        "pilot_skill": 0.1129,
        "mission_priority": 0.343,
        "estimated_landing_time": 570.0,
        "wait_time": 0,
        "Landing_success_rate": 0.933
    },
    {
        "model": 0,
        "sequence": 21,
        "status": 1,
        "fuel": 7308,
        "fault": 0.2306,
        "weapon": 1,
        "pilot_injury": 0.3894,
        "pilot_skill": 0.3689,
        "mission_priority": 0.672,
        "estimated_landing_time": 1980.0,
        "wait_time": 0,
        "Landing_success_rate": 0.9543
    },
    {
        "model": 2,
        "sequence": 12,
        "status": 1,
        "fuel": 7039,
        "fault": 0.6188,
        "weapon": 1,
        "pilot_injury": 0.2005,
        "pilot_skill": 0.1084,
        "mission_priority": 0.2076,
        "estimated_landing_time": 1134.0,
        "wait_time": 0,
        "Landing_success_rate": 0.894
    },
    {
        "model": 1,
        "sequence": 5,
        "status": 1,
        "fuel": 6812,
        "fault": 0.9197,
        "weapon": 1,
        "pilot_injury": 0.6603,
        "pilot_skill": 0.4752,
        "mission_priority": 0.0524,
        "estimated_landing_time": 476.0,
        "wait_time": 0,
        "Landing_success_rate": 0.8579
    },
    {
        "model": 1,
        "sequence": 14,
        "status": 1,
        "fuel": 6463,
        "fault": 0.1105,
        "weapon": 0,
        "pilot_injury": 0.6684,
        "pilot_skill": 0.9129,
        "mission_priority": 0.6978,
        "estimated_landing_time": 1322.0,
        "wait_time": 0,
        "Landing_success_rate": 0.9142
    },
    {
        "model": 1,
        "sequence": 18,
        "status": 1,
        "fuel": 5990,
        "fault": 0.2974,
        "weapon": 0,
        "pilot_injury": 0.0302,
        "pilot_skill": 0.6128,
        "mission_priority": 0.613,
        "estimated_landing_time": 1698.0,
        "wait_time": 0,
        "Landing_success_rate": 0.8758
    },
    {
        "model": 2,
        "sequence": 2,
        "status": 1,
        "fuel": 7044,
        "fault": 0.011,
        "weapon": 1,
        "pilot_injury": 0.6506,
        "pilot_skill": 0.351,
        "mission_priority": 0.6359,
        "estimated_landing_time": 194.0,
        "wait_time": 0,
        "Landing_success_rate": 0.9645
    },
    {
        "model": 1,
        "sequence": 3,
        "status": 1,
        "fuel": 5653,
        "fault": 0.6385,
        "weapon": 0,
        "pilot_injury": 0.104,
        "pilot_skill": 0.6067,
        "mission_priority": 0.8021,
        "estimated_landing_time": 288.0,
        "wait_time": 0,
        "Landing_success_rate": 0.8541
    }
]