[
    {
        "model": 2,
        "sequence": 10,
        "status": 1,
        "fuel": 7499,
        "fault": 0.2107,
        "weapon": 1,
        "pilot_injury": 0.4957,
        "pilot_skill": 0.6694,
        "mission_priority": 0.1485,
        "estimated_landing_time": 946.0,
        "wait_time": 0,
        "Landing_success_rate": 0.9683
    },
    {
        "model": 0,
        "sequence": 12,
        "status": 1,
        "fuel": 6025,
        "fault": 0.4291,
        "weapon": 1,
        "pilot_injury": 0.9158,
        "pilot_skill": 0.9957,
        "mission_priority": 0.6545,
        "estimated_landing_time": 1134.0,
        "wait_time": 0,
        "Landing_success_rate": 0.8725
    },
    {
        "model": 0,
        "sequence": 4,
        "status": 1,
        "fuel": 6695,
        "fault": 0.6274,
        "weapon": 1,
        "pilot_injury": 0.8763,
        "pilot_skill": 0.4333,
        "mission_priority": 0.608,
        "estimated_landing_time": 382.0,
        "wait_time": 0,
        "Landing_success_rate": 0.8834
    },
    {
        "model": 1,
        "sequence": 15,
        "status": 1,
        "fuel": 7474,
        "fault": 0.1725,
        "weapon": 0,
        "pilot_injury": 0.0247,
        "pilot_skill": 0.104,
        "mission_priority": 0.9312,
        "estimated_landing_time": 1416.0,
        "wait_time": 0,
        "Landing_success_rate": 0.9725
    },
    {
        "model": 0,
        "sequence": 5,
        "status": 1,
        "fuel": 6127,
        "fault": 0.4218,
        "weapon": 0,
        "pilot_injury": 0.7926,
        "pilot_skill": 0.8181,
        "mission_priority": 0.3861,
        "estimated_landing_time": 476.0,
        "wait_time": 0,
        "Landing_success_rate": 0.8772
    },
    {
        "model": 1,
        "sequence": 6,
        "status": 1,
        "fuel": 6366,
        "fault": 0.9412,
        "weapon": 0,
        "pilot_injury": 0.879,
        "pilot_skill": 0.7257,
        "mission_priority": 0.4722,
        "estimated_landing_time": 570.0,
        "wait_time": 0,
        "Landing_success_rate": 0.8538
    },
    {
        "model": 1,
        "sequence": 22,
        "status": 1,
        "fuel": 7322,
        "fault": 0.6227,
        "weapon": 1,
        "pilot_injury": 0.9131,
        "pilot_skill": 0.2636,
        "mission_priority": 0.1193,
        "estimated_landing_time": 2074.0,
        "wait_time": 0,
        "Landing_success_rate": 0.9016
    },
    {
        "model": 1,
        "sequence": 14,
        "status": 1,
        "fuel": 7012,
        "fault": 0.1379,
        "weapon": 1,
        "pilot_injury": 0.9749,
        "pilot_skill": 0.0075,
        "mission_priority": 0.9334,
        "estimated_landing_time": 1322.0,
        "wait_time": 0,
        "Landing_success_rate": 0.9478
    },
    {
        "model": 2,
        "sequence": 20,
        "status": 1,
        "fuel": 6130,
        "fault": 0.304,
        "weapon": 1,
        "pilot_injury": 0.8896,
        "pilot_skill": 0.4708,
        "mission_priority": 0.7662,
        "estimated_landing_time": 1886.0,
        "wait_time": 0,
        "Landing_success_rate": 0.8829
    },
    {
        "model": 2,
        "sequence": 13,
        "status": 1,
        "fuel": 7344,
        "fault": 0.3204,
        "weapon": 1,
        "pilot_injury": 0.6075,
        "pilot_skill": 0.8987,
        "mission_priority": 0.673,
        "estimated_landing_time": 1228.0,
        "wait_time": 0,
        "Landing_success_rate": 0.944
    },
    {
        "model": 0,
        "sequence": 24,
        "status": 1,
        "fuel": 7122,
        "fault": 0.0353,
        "weapon": 1,
        "pilot_injury": 0.178,
        "pilot_skill": 0.4726,
        "mission_priority": 0.8704,
        "estimated_landing_time": 2262.0,
        "wait_time": 0,
        "Landing_success_rate": 0.9674
    },
    {
        "model": 0,
        "sequence": 9,
        "status": 1,
        "fuel": 5684,
        "fault": 0.1685,
        "weapon": 1,
        "pilot_injury": 0.8759,
        "pilot_skill": 0.3926,
        "mission_priority": 0.2531,
        "estimated_landing_time": 852.0,
        "wait_time": 0,
        "Landing_success_rate": 0.8615
    },
    {
        "model": 2,
        "sequence": 1,
        "status": 1,
        "fuel": 7465,
        "fault": 0.118,
        "weapon": 1,
        "pilot_injury": 0.3473,
        "pilot_skill": 0.0839,
        "mission_priority": 0.9535,
        "estimated_landing_time": 100.0,
        "wait_time": 0,
        "Landing_success_rate": 0.98
    },
    {
        "model": 0,
        "sequence": 7,
        "status": 1,
        "fuel": 5909,
        "fault": 0.9319,
        "weapon": 1,
        "pilot_injury": 0.2755,
        "pilot_skill": 0.4441,
        "mission_priority": 0.0914,
        "estimated_landing_time": 664.0,
        "wait_time": 0,
        "Landing_success_rate": 0.8521
    },
    {
        "model": 1,
        "sequence": 11,
        "status": 1,
        "fuel": 7319,
        "fault": 0.815,
        "weapon": 0,
        "pilot_injury": 0.7251,
        "pilot_skill": 0.2337,
        "mission_priority": 0.5037,
        "estimated_landing_time": 1040.0,
        "wait_time": 0,
        "Landing_success_rate": 0.8752
    },
    {
        "model": 1,
        "sequence": 19,
        "status": 1,
        "fuel": 6960,
        "fault": 0.6301,
        "weapon": 0,
        "pilot_injury": 0.7753,
        "pilot_skill": 0.1482,
        "mission_priority": 0.0745,
        "estimated_landing_time": 1792.0,
        "wait_time": 0,
        "Landing_success_rate": 0.8905
    },
    {
        "model": 2,
        "sequence": 18,
        "status": 1,
        "fuel": 7221,
        "fault": 0.4054,
        "weapon": 0,
        "pilot_injury": 0.5485,
        "pilot_skill": 0.5345,
        "mission_priority": 0.2029,
        "estimated_landing_time": 1698.0,
        "wait_time": 0,
        "Landing_success_rate": 0.9267
    },
    {
        "model": 0,
        "sequence": 16,
        "status": 1,
        "fuel": 6311,
        "fault": 0.2892,
        "weapon": 0,
        "pilot_injury": 0.5092,
        "pilot_skill": 0.3597,
        "mission_priority": 0.8384,
        "estimated_landing_time": 1510.0,
        "wait_time": 0,
        "Landing_success_rate": 0.8932
    },
    {
        "model": 0,
        "sequence": 17,
        "status": 1,
        "fuel": 7325,
        "fault": 0.2583,
        "weapon": 1,
        "pilot_injury": 0.2598,
        "pilot_skill": 0.8484,
        "mission_priority": 0.2251,
        "estimated_landing_time": 1604.0,
        "wait_time": 0,
        "Landing_success_rate": 0.9515
    },
    {
        "model": 2,
        "sequence": 21,
        "status": 1,
        "fuel": 6828,
        "fault": 0.1386,
        "weapon": 0,
        "pilot_injury": 0.8748,
        "pilot_skill": 0.5938,
        "mission_priority": 0.5565,
        "estimated_landing_time": 1980.0,
        "wait_time": 0,
        "Landing_success_rate": 0.9358
    },
    {
        "model": 1,
        "sequence": 23,
        "status": 1,
        "fuel": 6017,
        "fault": 0.3234,
        "weapon": 1,
        "pilot_injury": 0.8445,
        "pilot_skill": 0.0493,
        "mission_priority": 0.4951,
        "estimated_landing_time": 2168.0,
        "wait_time": 0,
        "Landing_success_rate": 0.8762
    },
    {
        "model": 1,
        "sequence": 2,
        "status": 1,
        "fuel": 6803,
        "fault": 0.4904,
        "weapon": 0,
        "pilot_injury": 0.8341,
        "pilot_skill": 0.6044,
        "mission_priority": 0.994,
        "estimated_landing_time": 194.0,
        "wait_time": 0,
        "Landing_success_rate": 0.8998
    },
    {
        "model": 0,
        "sequence": 8,
        "status": 1,
        "fuel": 6849,
        "fault": 0.124,
        "weapon": 0,
        "pilot_injury": 0.0328,
        "pilot_skill": 0.9893,
        "mission_priority": 0.348,
        "estimated_landing_time": 758.0,
        "wait_time": 0,
        "Landing_success_rate": 0.9386
    },
    {
        "model": 2,
        "sequence": 3,
        "status": 1,
        "fuel": 6416,
        "fault": 0.5906,
        "weapon": 1,
        "pilot_injury": 0.2987,
        "pilot_skill": 0.6238,
        "mission_priority": 0.5248,
        "estimated_landing_time": 288.0,
        "wait_time": 0,
        "Landing_success_rate": 0.8781
    }
]