[
    {
        "model": 0,
        "sequence": 18,
        "status": 1,
        "fuel": 5777,
        "fault": 0.3259,
        "weapon": 0,
        "pilot_injury": 0.4462,
        "pilot_skill": 0.3366,
        "mission_priority": 0.9511,
        "estimated_landing_time": 1698.0,
        "wait_time": 0,
        "Landing_success_rate": 0.864
    },
    {
        "model": 0,
        "sequence": 23,
        "status": 1,
        "fuel": 5799,
        "fault": 0.8071,
        "weapon": 1,
        "pilot_injury": 0.7546,
        "pilot_skill": 0.7788,
        "mission_priority": 0.4805,
        "estimated_landing_time": 2168.0,
        "wait_time": 0,
        "Landing_success_rate": 0.8543
    },
    {
        "model": 2,
        "sequence": 9,
        "status": 1,
        "fuel": 6786,
        "fault": 0.0726,
        "weapon": 0,
        "pilot_injury": 0.0903,
        "pilot_skill": 0.8475,
        "mission_priority": 0.3342,
        "estimated_landing_time": 852.0,
        "wait_time": 0,
        "Landing_success_rate": 0.9394
    },
    {
        "model": 1,
        "sequence": 10,
        "status": 1,
        "fuel": 6154,
        "fault": 0.1621,
        "weapon": 0,
        "pilot_injury": 0.0352,
        "pilot_skill": 0.3846,
        "mission_priority": 0.6041,
        "estimated_landing_time": 946.0,
        "wait_time": 0,
        "Landing_success_rate": 0.8911
    },
    {
        "model": 1,
        "sequence": 3,
        "status": 1,
        "fuel": 6330,
        "fault": 0.8885,
        "weapon": 0,
        "pilot_injury": 0.8961,
        "pilot_skill": 0.0827,
        "mission_priority": 0.0718,
        "estimated_landing_time": 288.0,
        "wait_time": 0,
        "Landing_success_rate": 0.8569
    },
    {
        "model": 2,
        "sequence": 16,
        "status": 1,
        "fuel": 6041,
        "fault": 0.4223,
        "weapon": 1,
        "pilot_injury": 0.4816,
        "pilot_skill": 0.6043,
        "mission_priority": 0.9859,
        "estimated_landing_time": 1510.0,
        "wait_time": 0,
        "Landing_success_rate": 0.8734
    },
    {
        "model": 1,
        "sequence": 20,
        "status": 1,
        "fuel": 6783,
        "fault": 0.7947,
        "weapon": 1,
        "pilot_injury": 0.8293,
        "pilot_skill": 0.0205,
        "mission_priority": 0.4505,
        "estimated_landing_time": 1886.0,
        "wait_time": 0,
        "Landing_success_rate": 0.8698
    },
    {
        "model": 2,
        "sequence": 17,
        "status": 1,
        "fuel": 6995,
        "fault": 0.0376,
        "weapon": 0,
        "pilot_injury": 0.187,
        "pilot_skill": 0.3103,
        "mission_priority": 0.15,
        "estimated_landing_time": 1604.0,
        "wait_time": 0,
        "Landing_success_rate": 0.9579
    },
    {
        "model": 0,
        "sequence": 12,
        "status": 1,
        "fuel": 6491,
        "fault": 0.3545,
        "weapon": 1,
        "pilot_injury": 0.2269,
        "pilot_skill": 0.5749,
        "mission_priority": 0.9673,
        "estimated_landing_time": 1134.0,
        "wait_time": 0,
        "Landing_success_rate": 0.898
    },
    {
        "model": 2,
        "sequence": 2,
        "status": 1,
        "fuel": 6846,
        "fault": 0.5221,
        "weapon": 0,
        "pilot_injury": 0.5309,
        "pilot_skill": 0.2978,
        "mission_priority": 0.7058,
        "estimated_landing_time": 194.0,
        "wait_time": 0,
        "Landing_success_rate": 0.8982
    },
    {
        "model": 2,
        "sequence": 13,
        "status": 1,
        "fuel": 7078,
        "fault": 0.3724,
        "weapon": 1,
        "pilot_injury": 0.0162,
        "pilot_skill": 0.5295,
        "mission_priority": 0.3374,
        "estimated_landing_time": 1228.0,
        "wait_time": 0,
        "Landing_success_rate": 0.9243
    },
    {
        "model": 0,
        "sequence": 19,
        "status": 1,
        "fuel": 7221,
        "fault": 0.1457,
        "weapon": 1,
        "pilot_injury": 0.6584,
        "pilot_skill": 0.0371,
        "mission_priority": 0.9477,
        "estimated_landing_time": 1792.0,
        "wait_time": 0,
        "Landing_success_rate": 0.9603
    },
    {
        "model": 0,
        "sequence": 22,
        "status": 1,
        "fuel": 7170,
        "fault": 0.382,
        "weapon": 0,
        "pilot_injury": 0.5837,
        "pilot_skill": 0.6526,
        "mission_priority": 0.9605,
        "estimated_landing_time": 2074.0,
        "wait_time": 0,
        "Landing_success_rate": 0.9274
    },
    {
        "model": 1,
        "sequence": 8,
        "status": 1,
        "fuel": 6856,
        "fault": 0.8445,
        "weapon": 1,
        "pilot_injury": 0.0052,
        "pilot_skill": 0.3086,
        "mission_priority": 0.4885,
        "estimated_landing_time": 758.0,
        "wait_time": 0,
        "Landing_success_rate": 0.8658
    },
    {
        "model": 2,
        "sequence": 1,
        "status": 1,
        "fuel": 6723,
        "fault": 0.9474,
        "weapon": 0,
        "pilot_injury": 0.3129,
        "pilot_skill": 0.542,
        "mission_priority": 0.6509,
        "estimated_landing_time": 100.0,
        "wait_time": 0,
        "Landing_success_rate": 0.8548
    },
    {
        "model": 0,
        "sequence": 5,
        "status": 1,
        "fuel": 6031,
        "fault": 0.8779,
        "weapon": 0,
        "pilot_injury": 0.4852,
        "pilot_skill": 0.5297,
        "mission_priority": 0.9408,
        "estimated_landing_time": 476.0,
        "wait_time": 0,
        "Landing_success_rate": 0.8549
    },
    {
        "model": 1,
        "sequence": 4,
        "status": 1,
        "fuel": 7024,
        "fault": 0.7231,
        "weapon": 1,
        "pilot_injury": 0.3347,
        "pilot_skill": 0.3319,
        "mission_priority": 0.9267,
        "estimated_landing_time": 382.0,
        "wait_time": 0,
        "Landing_success_rate": 0.8816
    },
    {
        "model": 2,
        "sequence": 14,
        "status": 1,
        "fuel": 6204,
        "fault": 0.0762,
        "weapon": 1,
        "pilot_injury": 0.9946,
        "pilot_skill": 0.0002,
        "mission_priority": 0.9832,
        "estimated_landing_time": 1322.0,
        "wait_time": 0,
        "Landing_success_rate": 0.8988
    },
    {
        "model": 0,
        "sequence": 7,
        "status": 1,
        "fuel": 5961,
        "fault": 0.817,
        "weapon": 0,
        "pilot_injury": 0.7678,
        "pilot_skill": 0.3502,
        "mission_priority": 0.9178,
        "estimated_landing_time": 664.0,
        "wait_time": 0,
        "Landing_success_rate": 0.8563
    },
    {
        "model": 0,
        "sequence": 24,
        "status": 1,
        "fuel": 5579,
        "fault": 0.5631,
        "weapon": 1,
        "pilot_injury": 0.0734,
        "pilot_skill": 0.4646,
        "mission_priority": 0.2779,
        "estimated_landing_time": 2262.0,
        "wait_time": 0,
        "Landing_success_rate": 0.8526
    },
    {
        "model": 2,
        "sequence": 6,
        "status": 1,
        "fuel": 6145,
        "fault": 0.3648,
        "weapon": 0,
        "pilot_injury": 0.9773,
        "pilot_skill": 0.3789,
        "mission_priority": 0.2973,
        "estimated_landing_time": 570.0,
        "wait_time": 0,
        "Landing_success_rate": 0.8807
    },
    {
        "model": 0,
        "sequence": 11,
        "status": 1,
        "fuel": 5892,
        "fault": 0.3539,
        "weapon": 0,
        "pilot_injury": 0.285,
        "pilot_skill": 0.3442,
        "mission_priority": 0.634,
        "estimated_landing_time": 1040.0,
        "wait_time": 0,
        "Landing_success_rate": 0.869
    },
    {
        "model": 2,
        "sequence": 21,
        "status": 1,
        "fuel": 6459,
        "fault": 0.859,
        "weapon": 0,
        "pilot_injury": 0.9306,
        "pilot_skill": 0.7992,
        "mission_priority": 0.2782,
        "estimated_landing_time": 1980.0,
        "wait_time": 0,
        "Landing_success_rate": 0.8601
    },
    {
        "model": 2,
        "sequence": 15,
        "status": 1,
        "fuel": 6162,
        "fault": 0.3819,
        "weapon": 1,
        "pilot_injury": 0.743,
        "pilot_skill": 0.8593,
        "mission_priority": 0.3578,
        "estimated_landing_time": 1416.0,
        "wait_time": 0,
        "Landing_success_rate": 0.8807
    }
]