[
    {
        "model": 0,
        "sequence": 17,
        "status": 1,
        "fuel": 5716,
        "fault": 0.3885,
        "weapon": 1,
        "pilot_injury": 0.6528,
        "pilot_skill": 0.3064,
        "mission_priority": 0.5134,
        "estimated_landing_time": 1604.0,
        "wait_time": 0,
        "Landing_success_rate": 0.8599
    },
    {
        "model": 0,
        "sequence": 23,
        "status": 1,
        "fuel": 5552,
        "fault": 0.5433,
        "weapon": 1,
        "pilot_injury": 0.8235,
        "pilot_skill": 0.2989,
        "mission_priority": 0.2562,
        "estimated_landing_time": 2168.0,
        "wait_time": 0,
        "Landing_success_rate": 0.8518
    },
    {
        "model": 2,
        "sequence": 15,
        "status": 1,
        "fuel": 5747,
        "fault": 0.4797,
        "weapon": 1,
        "pilot_injury": 0.2256,
        "pilot_skill": 0.0008,
        "mission_priority": 0.6659,
        "estimated_landing_time": 1416.0,
        "wait_time": 0,
        "Landing_success_rate": 0.8596
    },
    {
        "model": 2,
        "sequence": 7,
        "status": 1,
        "fuel": 5930,
        "fault": 0.6628,
        "weapon": 0,
        "pilot_injury": 0.6044,
        "pilot_skill": 0.8497,
        "mission_priority": 0.8056,
        "estimated_landing_time": 664.0,
        "wait_time": 0,
        "Landing_success_rate": 0.8609
    },
    {
        "model": 2,
        "sequence": 5,
        "status": 1,
        "fuel": 6748,
        "fault": 0.2897,
        "weapon": 1,
        "pilot_injury": 0.4968,
        "pilot_skill": 0.803,
        "mission_priority": 0.6405,
        "estimated_landing_time": 476.0,
        "wait_time": 0,
        "Landing_success_rate": 0.9165
    },
    {
        "model": 2,
        "sequence": 24,
        "status": 1,
        "fuel": 5900,
        "fault": 0.6455,
        "weapon": 1,
        "pilot_injury": 0.4047,
        "pilot_skill": 0.0613,
        "mission_priority": 0.3813,
        "estimated_landing_time": 2262.0,
        "wait_time": 0,
        "Landing_success_rate": 0.8606
    },
    {
        "model": 1,
        "sequence": 12,
        "status": 1,
        "fuel": 5513,
        "fault": 0.4108,
        "weapon": 0,
        "pilot_injury": 0.105,
        "pilot_skill": 0.3606,
        "mission_priority": 0.6955,
        "estimated_landing_time": 1134.0,
        "wait_time": 0,
        "Landing_success_rate": 0.8506
    },
    {
        "model": 1,
        "sequence": 22,
        "status": 1,
        "fuel": 6043,
        "fault": 0.3247,
        "weapon": 1,
        "pilot_injury": 0.6064,
        "pilot_skill": 0.3736,
        "mission_priority": 0.2029,
        "estimated_landing_time": 2074.0,
        "wait_time": 0,
        "Landing_success_rate": 0.8775
    },
    {
        "model": 2,
        "sequence": 11,
        "status": 1,
        "fuel": 7024,
        "fault": 0.2169,
        "weapon": 0,
        "pilot_injury": 0.7163,
        "pilot_skill": 0.3706,
        "mission_priority": 0.1525,
        "estimated_landing_time": 1040.0,
        "wait_time": 0,
        "Landing_success_rate": 0.9395
    },
    {
        "model": 2,
        "sequence": 16,
        "status": 1,
        "fuel": 6168,
        "fault": 0.2337,
        "weapon": 1,
        "pilot_injury": 0.6533,
        "pilot_skill": 0.728,
        "mission_priority": 0.4883,
        "estimated_landing_time": 1510.0,
        "wait_time": 0,
        "Landing_success_rate": 0.8884
    },
    {
        "model": 1,
        "sequence": 18,
        "status": 1,
        "fuel": 5671,
        "fault": 0.969,
        "weapon": 0,
        "pilot_injury": 0.1683,
        "pilot_skill": 0.1539,
        "mission_priority": 0.9918,
        "estimated_landing_time": 1698.0,
        "wait_time": 0,
        "Landing_success_rate": 0.8504
    },
    {
        "model": 2,
        "sequence": 3,
        "status": 1,
        "fuel": 7013,
        "fault": 0.6112,
        "weapon": 1,
        "pilot_injury": 0.2144,
        "pilot_skill": 0.3377,
        "mission_priority": 0.3508,
        "estimated_landing_time": 288.0,
        "wait_time": 0,
        "Landing_success_rate": 0.8941
    },
    {
        "model": 0,
        "sequence": 10,
        "status": 1,
        "fuel": 7027,
        "fault": 0.2813,
        "weapon": 1,
        "pilot_injury": 0.9342,
        "pilot_skill": 0.7208,
        "mission_priority": 0.0814,
        "estimated_landing_time": 946.0,
        "wait_time": 0,
        "Landing_success_rate": 0.9323
    },
    {
        "model": 1,
        "sequence": 8,
        "status": 1,
        "fuel": 5754,
        "fault": 0.8832,
        "weapon": 1,
        "pilot_injury": 0.2794,
        "pilot_skill": 0.9589,
        "mission_priority": 0.7053,
        "estimated_landing_time": 758.0,
        "wait_time": 0,
        "Landing_success_rate": 0.8522
    },
    {
        "model": 0,
        "sequence": 1,
        "status": 1,
        "fuel": 5998,
        "fault": 0.9136,
        "weapon": 0,
        "pilot_injury": 0.4387,
        "pilot_skill": 0.6025,
        "mission_priority": 0.4997,
        "estimated_landing_time": 100.0,
        "wait_time": 0,
        "Landing_success_rate": 0.8532
    },
    {
        "model": 0,
        "sequence": 4,
        "status": 1,
        "fuel": 5638,
        "fault": 0.0622,
        "weapon": 1,
        "pilot_injury": 0.1303,
        "pilot_skill": 0.5192,
        "mission_priority": 0.2461,
        "estimated_landing_time": 382.0,
        "wait_time": 0,
        "Landing_success_rate": 0.8597
    },
    {
        "model": 0,
        "sequence": 9,
        "status": 1,
        "fuel": 5825,
        "fault": 0.777,
        "weapon": 0,
        "pilot_injury": 0.0996,
        "pilot_skill": 0.284,
        "mission_priority": 0.8669,
        "estimated_landing_time": 852.0,
        "wait_time": 0,
        "Landing_success_rate": 0.8554
    },
    {
        "model": 0,
        "sequence": 6,
        "status": 1,
        "fuel": 6841,
        "fault": 0.0815,
        "weapon": 1,
        "pilot_injury": 0.5198,
        "pilot_skill": 0.1783,
        "mission_priority": 0.4418,
        "estimated_landing_time": 570.0,
        "wait_time": 0,
        "Landing_success_rate": 0.9424
    },
    {
        "model": 2,
        "sequence": 20,
        "status": 1,
        "fuel": 5640,
        "fault": 0.1657,
        "weapon": 1,
        "pilot_injury": 0.9228,
        "pilot_skill": 0.8711,
        "mission_priority": 0.8558,
        "estimated_landing_time": 1886.0,
        "wait_time": 0,
        "Landing_success_rate": 0.8588
    },
    {
        "model": 2,
        "sequence": 13,
        "status": 1,
        "fuel": 6268,
        "fault": 0.2613,
        "weapon": 1,
        "pilot_injury": 0.6162,
        "pilot_skill": 0.0999,
        "mission_priority": 0.5568,
        "estimated_landing_time": 1228.0,
        "wait_time": 0,
        "Landing_success_rate": 0.8925
    },
    {
        "model": 2,
        "sequence": 19,
        "status": 1,
        "fuel": 6124,
        "fault": 0.5415,
        "weapon": 1,
        "pilot_injury": 0.2783,
        "pilot_skill": 0.2887,
        "mission_priority": 0.2707,
        "estimated_landing_time": 1792.0,
        "wait_time": 0,
        "Landing_success_rate": 0.8715
    },
    {
        "model": 2,
        "sequence": 21,
        "status": 1,
        "fuel": 5781,
        "fault": 0.1748,
        "weapon": 0,
        "pilot_injury": 0.7845,
        "pilot_skill": 0.7121,
        "mission_priority": 0.9003,
        "estimated_landing_time": 1980.0,
        "wait_time": 0,
        "Landing_success_rate": 0.8674
    },
    {
        "model": 1,
        "sequence": 14,
        "status": 1,
        "fuel": 7461,
        "fault": 0.5647,
        "weapon": 0,
        "pilot_injury": 0.7665,
        "pilot_skill": 0.8982,
        "mission_priority": 0.8718,
        "estimated_landing_time": 1322.0,
        "wait_time": 0,
        "Landing_success_rate": 0.914
    },
    {
        "model": 2,
        "sequence": 2,
        "status": 1,
        "fuel": 5794,
        "fault": 0.8684,
        "weapon": 1,
        "pilot_injury": 0.4441,
        "pilot_skill": 0.9028,
        "mission_priority": 0.777,
        "estimated_landing_time": 194.0,
        "wait_time": 0,
        "Landing_success_rate": 0.8529
    }
]