[
    {
        "model": 1,
        "sequence": 17,
        "status": 1,
        "fuel": 7029,
        "fault": 0.1856,
        "weapon": 1,
        "pilot_injury": 0.7299,
        "pilot_skill": 0.7859,
        "mission_priority": 0.0907,
        "estimated_landing_time": 1604.0,
        "wait_time": 0,
        "Landing_success_rate": 0.9434
    },
    {
        "model": 2,
        "sequence": 16,
        "status": 1,
        "fuel": 6623,
        "fault": 0.7342,
        "weapon": 0,
        "pilot_injury": 0.1392,
        "pilot_skill": 0.2027,
        "mission_priority": 0.7812,
        "estimated_landing_time": 1510.0,
        "wait_time": 0,
        "Landing_success_rate": 0.8724
    },
    {
        "model": 2,
        "sequence": 20,
        "status": 1,
        "fuel": 5914,
        "fault": 0.8087,
        "weapon": 0,
        "pilot_injury": 0.2849,
        "pilot_skill": 0.0486,
        "mission_priority": 0.4622,
        "estimated_landing_time": 1886.0,
        "wait_time": 0,
        "Landing_success_rate": 0.8559
    },
    {
        "model": 1,
        "sequence": 22,
        "status": 1,
        "fuel": 6136,
        "fault": 0.2233,
        "weapon": 1,
        "pilot_injury": 0.1126,
        "pilot_skill": 0.7202,
        "mission_priority": 0.5936,
        "estimated_landing_time": 2074.0,
        "wait_time": 0,
        "Landing_success_rate": 0.887
    },
    {
        "model": 1,
        "sequence": 8,
        "status": 1,
        "fuel": 7479,
        "fault": 0.715,
        "weapon": 1,
        "pilot_injury": 0.8038,
        "pilot_skill": 0.4799,
        "mission_priority": 0.6103,
        "estimated_landing_time": 758.0,
        "wait_time": 0,
        "Landing_success_rate": 0.8923
    },
    {
        "model": 0,
        "sequence": 6,
        "status": 1,
        "fuel": 7001,
        "fault": 0.2841,
        "weapon": 0,
        "pilot_injury": 0.7734,
        "pilot_skill": 0.2239,
        "mission_priority": 0.0925,
        "estimated_landing_time": 570.0,
        "wait_time": 0,
        "Landing_success_rate": 0.9306
    },
    {
        "model": 2,
        "sequence": 5,
        "status": 1,
        "fuel": 5613,
        "fault": 0.698,
        "weapon": 0,
        "pilot_injury": 0.6079,
        "pilot_skill": 0.6183,
        "mission_priority": 0.5002,
        "estimated_landing_time": 476.0,
        "wait_time": 0,
        "Landing_success_rate": 0.8526
    },
    {
        "model": 1,
        "sequence": 11,
        "status": 1,
        "fuel": 7468,
        "fault": 0.7644,
        "weapon": 1,
        "pilot_injury": 0.5339,
        "pilot_skill": 0.6173,
        "mission_priority": 0.267,
        "estimated_landing_time": 1040.0,
        "wait_time": 0,
        "Landing_success_rate": 0.8848
    },
    {
        "model": 2,
        "sequence": 9,
        "status": 1,
        "fuel": 7237,
        "fault": 0.2879,
        "weapon": 1,
        "pilot_injury": 0.5572,
        "pilot_skill": 0.3839,
        "mission_priority": 0.6039,
        "estimated_landing_time": 852.0,
        "wait_time": 0,
        "Landing_success_rate": 0.9428
    },
    {
        "model": 0,
        "sequence": 3,
        "status": 1,
        "fuel": 6601,
        "fault": 0.2094,
        "weapon": 1,
        "pilot_injury": 0.0203,
        "pilot_skill": 0.4059,
        "mission_priority": 0.8313,
        "estimated_landing_time": 288.0,
        "wait_time": 0,
        "Landing_success_rate": 0.9153
    },
    {
        "model": 1,
        "sequence": 23,
        "status": 1,
        "fuel": 7412,
        "fault": 0.8843,
        "weapon": 1,
        "pilot_injury": 0.4965,
        "pilot_skill": 0.9765,
        "mission_priority": 0.0642,
        "estimated_landing_time": 2168.0,
        "wait_time": 0,
        "Landing_success_rate": 0.8666
    },
    {
        "model": 2,
        "sequence": 18,
        "status": 1,
        "fuel": 5731,
        "fault": 0.2885,
        "weapon": 0,
        "pilot_injury": 0.2501,
        "pilot_skill": 0.4102,
        "mission_priority": 0.8305,
        "estimated_landing_time": 1698.0,
        "wait_time": 0,
        "Landing_success_rate": 0.8623
    },
    {
        "model": 0,
        "sequence": 19,
        "status": 1,
        "fuel": 7380,
        "fault": 0.6068,
        "weapon": 1,
        "pilot_injury": 0.5045,
        "pilot_skill": 0.905,
        "mission_priority": 0.973,
        "estimated_landing_time": 1792.0,
        "wait_time": 0,
        "Landing_success_rate": 0.9054
    },
    {
        "model": 1,
        "sequence": 10,
        "status": 1,
        "fuel": 6489,
        "fault": 0.8195,
        "weapon": 1,
        "pilot_injury": 0.7458,
        "pilot_skill": 0.3187,
        "mission_priority": 0.2267,
        "estimated_landing_time": 946.0,
        "wait_time": 0,
        "Landing_success_rate": 0.8634
    },
    {
        "model": 2,
        "sequence": 2,
        "status": 1,
        "fuel": 6398,
        "fault": 0.0806,
        "weapon": 1,
        "pilot_injury": 0.0016,
        "pilot_skill": 0.8377,
        "mission_priority": 0.5997,
        "estimated_landing_time": 194.0,
        "wait_time": 0,
        "Landing_success_rate": 0.9119
    },
    {
        "model": 0,
        "sequence": 21,
        "status": 1,
        "fuel": 7395,
        "fault": 0.3233,
        "weapon": 0,
        "pilot_injury": 0.2915,
        "pilot_skill": 0.9279,
        "mission_priority": 0.9335,
        "estimated_landing_time": 1980.0,
        "wait_time": 0,
        "Landing_success_rate": 0.9462
    },
    {
        "model": 0,
        "sequence": 15,
        "status": 1,
        "fuel": 6695,
        "fault": 0.3315,
        "weapon": 1,
        "pilot_injury": 0.4418,
        "pilot_skill": 0.6543,
        "mission_priority": 0.3344,
        "estimated_landing_time": 1416.0,
        "wait_time": 0,
        "Landing_success_rate": 0.9099
    },
    {
        "model": 2,
        "sequence": 13,
        "status": 1,
        "fuel": 7462,
        "fault": 0.5818,
        "weapon": 0,
        "pilot_injury": 0.0611,
        "pilot_skill": 0.1394,
        "mission_priority": 0.2907,
        "estimated_landing_time": 1228.0,
        "wait_time": 0,
        "Landing_success_rate": 0.9115
    },
    {
        "model": 1,
        "sequence": 12,
        "status": 1,
        "fuel": 6676,
        "fault": 0.8367,
        "weapon": 0,
        "pilot_injury": 0.8277,
        "pilot_skill": 0.2325,
        "mission_priority": 0.4416,
        "estimated_landing_time": 1134.0,
        "wait_time": 0,
        "Landing_success_rate": 0.8644
    },
    {
        "model": 2,
        "sequence": 7,
        "status": 1,
        "fuel": 6435,
        "fault": 0.3956,
        "weapon": 1,
        "pilot_injury": 0.0449,
        "pilot_skill": 0.5345,
        "mission_priority": 0.0728,
        "estimated_landing_time": 664.0,
        "wait_time": 0,
        "Landing_success_rate": 0.8924
    },
    {
        "model": 0,
        "sequence": 4,
        "status": 1,
        "fuel": 6266,
        "fault": 0.3667,
        "weapon": 0,
        "pilot_injury": 0.3527,
        "pilot_skill": 0.6471,
        "mission_priority": 0.233,
        "estimated_landing_time": 382.0,
        "wait_time": 0,
        "Landing_success_rate": 0.8864
    },
    {
        "model": 0,
        "sequence": 1,
        "status": 1,
        "fuel": 6969,
        "fault": 0.0703,
        "weapon": 1,
        "pilot_injury": 0.797,
        "pilot_skill": 0.2107,
        "mission_priority": 0.5628,
        "estimated_landing_time": 100.0,
        "wait_time": 0,
        "Landing_success_rate": 0.9524
    },
    {
        "model": 1,
        "sequence": 24,
        "status": 1,
        "fuel": 5504,
        "fault": 0.6364,
        "weapon": 0,
        "pilot_injury": 0.2355,
        "pilot_skill": 0.645,
        "mission_priority": 0.5267,
        "estimated_landing_time": 2262.0,
        "wait_time": 0,
        "Landing_success_rate": 0.8501
    },
    {
        "model": 2,
        "sequence": 14,
        "status": 1,
        "fuel": 7442,
        "fault": 0.5718,
        "weapon": 0,
        "pilot_injury": 0.0091,
        "pilot_skill": 0.6805,
        "mission_priority": 0.1149,
        "estimated_landing_time": 1322.0,
        "wait_time": 0,
        "Landing_success_rate": 0.9124
    }
]