[
    {
        "model": 1,
        "sequence": 14,
        "status": 1,
        "fuel": 5512,
        "fault": 0.7878,
        "weapon": 0,
        "pilot_injury": 0.8443,
        "pilot_skill": 0.5723,
        "mission_priority": 0.2969,
        "estimated_landing_time": 1322.0,
        "wait_time": 0,
        "Landing_success_rate": 0.8502
    },
    {
        "model": 1,
        "sequence": 1,
        "status": 1,
        "fuel": 5837,
        "fault": 0.1234,
        "weapon": 0,
        "pilot_injury": 0.7318,
        "pilot_skill": 0.6285,
        "mission_priority": 0.4763,
        "estimated_landing_time": 100.0,
        "wait_time": 0,
        "Landing_success_rate": 0.8722
    },
    {
        "model": 0,
        "sequence": 23,
        "status": 1,
        "fuel": 5856,
        "fault": 0.2851,
        "weapon": 0,
        "pilot_injury": 0.8152,
        "pilot_skill": 0.4799,
        "mission_priority": 0.9628,
        "estimated_landing_time": 2168.0,
        "wait_time": 0,
        "Landing_success_rate": 0.8691
    },
    {
        "model": 0,
        "sequence": 19,
        "status": 1,
        "fuel": 6714,
        "fault": 0.683,
        "weapon": 1,
        "pilot_injury": 0.2582,
        "pilot_skill": 0.2311,
        "mission_priority": 0.2536,
        "estimated_landing_time": 1792.0,
        "wait_time": 0,
        "Landing_success_rate": 0.8789
    },
    {
        "model": 2,
        "sequence": 16,
        "status": 1,
        "fuel": 6109,
        "fault": 0.3031,
        "weapon": 1,
        "pilot_injury": 0.7064,
        "pilot_skill": 0.959,
        "mission_priority": 0.8196,
        "estimated_landing_time": 1510.0,
        "wait_time": 0,
        "Landing_success_rate": 0.8818
    },
    {
        "model": 2,
        "sequence": 18,
        "status": 1,
        "fuel": 5537,
        "fault": 0.5057,
        "weapon": 1,
        "pilot_injury": 0.1749,
        "pilot_skill": 0.4924,
        "mission_priority": 0.9519,
        "estimated_landing_time": 1698.0,
        "wait_time": 0,
        "Landing_success_rate": 0.8514
    },
    {
        "model": 1,
        "sequence": 20,
        "status": 1,
        "fuel": 7044,
        "fault": 0.834,
        "weapon": 0,
        "pilot_injury": 0.2877,
        "pilot_skill": 0.5888,
        "mission_priority": 0.4774,
        "estimated_landing_time": 1886.0,
        "wait_time": 0,
        "Landing_success_rate": 0.8692
    },
    {
        "model": 0,
        "sequence": 12,
        "status": 1,
        "fuel": 7475,
        "fault": 0.0822,
        "weapon": 0,
        "pilot_injury": 0.9547,
        "pilot_skill": 0.9514,
        "mission_priority": 0.5594,
        "estimated_landing_time": 1134.0,
        "wait_time": 0,
        "Landing_success_rate": 0.9859
    },
    {
        "model": 2,
        "sequence": 5,
        "status": 1,
        "fuel": 6572,
        "fault": 0.0001,
        "weapon": 0,
        "pilot_injury": 0.742,
        "pilot_skill": 0.0525,
        "mission_priority": 0.2207,
        "estimated_landing_time": 476.0,
        "wait_time": 0,
        "Landing_success_rate": 0.9304
    },
    {
        "model": 0,
        "sequence": 8,
        "status": 1,
        "fuel": 5503,
        "fault": 0.3857,
        "weapon": 1,
        "pilot_injury": 0.2964,
        "pilot_skill": 0.103,
        "mission_priority": 0.874,
        "estimated_landing_time": 758.0,
        "wait_time": 0,
        "Landing_success_rate": 0.8501
    },
    {
        "model": 0,
        "sequence": 4,
        "status": 1,
        "fuel": 6731,
        "fault": 0.2627,
        "weapon": 0,
        "pilot_injury": 0.9242,
        "pilot_skill": 0.0754,
        "mission_priority": 0.5506,
        "estimated_landing_time": 382.0,
        "wait_time": 0,
        "Landing_success_rate": 0.9181
    },
    {
        "model": 1,
        "sequence": 11,
        "status": 1,
        "fuel": 6971,
        "fault": 0.7409,
        "weapon": 0,
        "pilot_injury": 0.8271,
        "pilot_skill": 0.4241,
        "mission_priority": 0.7437,
        "estimated_landing_time": 1040.0,
        "wait_time": 0,
        "Landing_success_rate": 0.8786
    },
    {
        "model": 0,
        "sequence": 2,
        "status": 1,
        "fuel": 6795,
        "fault": 0.6294,
        "weapon": 1,
        "pilot_injury": 0.5018,
        "pilot_skill": 0.607,
        "mission_priority": 0.6728,
        "estimated_landing_time": 194.0,
        "wait_time": 0,
        "Landing_success_rate": 0.886
    },
    {
        "model": 1,
        "sequence": 9,
        "status": 1,
        "fuel": 6845,
        "fault": 0.1096,
        "weapon": 1,
        "pilot_injury": 0.1119,
        "pilot_skill": 0.3853,
        "mission_priority": 0.7202,
        "estimated_landing_time": 852.0,
        "wait_time": 0,
        "Landing_success_rate": 0.9398
    },
    {
        "model": 2,
        "sequence": 13,
        "status": 1,
        "fuel": 5935,
        "fault": 0.1514,
        "weapon": 0,
        "pilot_injury": 0.5,
        "pilot_skill": 0.1744,
        "mission_priority": 0.1152,
        "estimated_landing_time": 1228.0,
        "wait_time": 0,
        "Landing_success_rate": 0.8777
    },
    {
        "model": 0,
        "sequence": 7,
        "status": 1,
        "fuel": 6406,
        "fault": 0.0273,
        "weapon": 0,
        "pilot_injury": 0.9823,
        "pilot_skill": 0.1988,
        "mission_priority": 0.5668,
        "estimated_landing_time": 664.0,
        "wait_time": 0,
        "Landing_success_rate": 0.9161
    },
    {
        "model": 1,
        "sequence": 3,
        "status": 1,
        "fuel": 6809,
        "fault": 0.1103,
        "weapon": 0,
        "pilot_injury": 0.2591,
        "pilot_skill": 0.738,
        "mission_priority": 0.4956,
        "estimated_landing_time": 288.0,
        "wait_time": 0,
        "Landing_success_rate": 0.9373
    },
    {
        "model": 0,
        "sequence": 10,
        "status": 1,
        "fuel": 6409,
        "fault": 0.77,
        "weapon": 0,
        "pilot_injury": 0.6448,
        "pilot_skill": 0.6367,
        "mission_priority": 0.0539,
        "estimated_landing_time": 946.0,
        "wait_time": 0,
        "Landing_success_rate": 0.8657
    },
    {
        "model": 0,
        "sequence": 15,
        "status": 1,
        "fuel": 6769,
        "fault": 0.293,
        "weapon": 1,
        "pilot_injury": 0.8915,
        "pilot_skill": 0.2134,
        "mission_priority": 0.5679,
        "estimated_landing_time": 1416.0,
        "wait_time": 0,
        "Landing_success_rate": 0.9173
    },
    {
        "model": 2,
        "sequence": 17,
        "status": 1,
        "fuel": 5782,
        "fault": 0.3583,
        "weapon": 0,
        "pilot_injury": 0.4979,
        "pilot_skill": 0.002,
        "mission_priority": 0.3513,
        "estimated_landing_time": 1604.0,
        "wait_time": 0,
        "Landing_success_rate": 0.8636
    },
    {
        "model": 1,
        "sequence": 6,
        "status": 1,
        "fuel": 5669,
        "fault": 0.2372,
        "weapon": 0,
        "pilot_injury": 0.8535,
        "pilot_skill": 0.3847,
        "mission_priority": 0.5248,
        "estimated_landing_time": 570.0,
        "wait_time": 0,
        "Landing_success_rate": 0.8597
    },
    {
        "model": 0,
        "sequence": 22,
        "status": 1,
        "fuel": 7411,
        "fault": 0.1559,
        "weapon": 0,
        "pilot_injury": 0.1389,
        "pilot_skill": 0.0647,
        "mission_priority": 0.172,
        "estimated_landing_time": 2074.0,
        "wait_time": 0,
        "Landing_success_rate": 0.971
    },
    {
        "model": 0,
        "sequence": 21,
        "status": 1,
        "fuel": 5737,
        "fault": 0.5479,
        "weapon": 0,
        "pilot_injury": 0.8792,
        "pilot_skill": 0.9697,
        "mission_priority": 0.7308,
        "estimated_landing_time": 1980.0,
        "wait_time": 0,
        "Landing_success_rate": 0.858
    },
    {
        "model": 2,
        "sequence": 24,
        "status": 1,
        "fuel": 6963,
        "fault": 0.3348,
        "weapon": 1,
        "pilot_injury": 0.7316,
        "pilot_skill": 0.5135,
        "mission_priority": 0.5547,
        "estimated_landing_time": 2262.0,
        "wait_time": 0,
        "Landing_success_rate": 0.923
    }
]