[
    {
        "model": 0,
        "sequence": 11,
        "status": 1,
        "fuel": 5993,
        "fault": 0.2374,
        "weapon": 1,
        "pilot_injury": 0.8997,
        "pilot_skill": 0.1948,
        "mission_priority": 0.5051,
        "estimated_landing_time": 1040.0,
        "wait_time": 0,
        "Landing_success_rate": 0.8782
    },
    {
        "model": 1,
        "sequence": 17,
        "status": 1,
        "fuel": 7043,
        "fault": 0.1526,
        "weapon": 1,
        "pilot_injury": 0.8856,
        "pilot_skill": 0.624,
        "mission_priority": 0.0351,
        "estimated_landing_time": 1604.0,
        "wait_time": 0,
        "Landing_success_rate": 0.9481
    },
    {
        "model": 2,
        "sequence": 18,
        "status": 1,
        "fuel": 7290,
        "fault": 0.5942,
        "weapon": 0,
        "pilot_injury": 0.7141,
        "pilot_skill": 0.8701,
        "mission_priority": 0.6741,
        "estimated_landing_time": 1698.0,
        "wait_time": 0,
        "Landing_success_rate": 0.9045
    },
    {
        "model": 0,
        "sequence": 2,
        "status": 1,
        "fuel": 5720,
        "fault": 0.9698,
        "weapon": 1,
        "pilot_injury": 0.918,
        "pilot_skill": 0.1266,
        "mission_priority": 0.1127,
        "estimated_landing_time": 194.0,
        "wait_time": 0,
        "Landing_success_rate": 0.8505
    },
    {
        "model": 0,
        "sequence": 22,
        "status": 1,
        "fuel": 6637,
        "fault": 0.5477,
        "weapon": 0,
        "pilot_injury": 0.3822,
        "pilot_skill": 0.1364,
        "mission_priority": 0.5106,
        "estimated_landing_time": 2074.0,
        "wait_time": 0,
        "Landing_success_rate": 0.8886
    },
    {
        "model": 2,
        "sequence": 19,
        "status": 1,
        "fuel": 6517,
        "fault": 0.853,
        "weapon": 0,
        "pilot_injury": 0.645,
        "pilot_skill": 0.8856,
        "mission_priority": 0.5586,
        "estimated_landing_time": 1792.0,
        "wait_time": 0,
        "Landing_success_rate": 0.8612
    },
    {
        "model": 2,
        "sequence": 23,
        "status": 1,
        "fuel": 7493,
        "fault": 0.7706,
        "weapon": 0,
        "pilot_injury": 0.5511,
        "pilot_skill": 0.3108,
        "mission_priority": 0.3778,
        "estimated_landing_time": 2168.0,
        "wait_time": 0,
        "Landing_success_rate": 0.8843
    },
    {
        "model": 1,
        "sequence": 9,
        "status": 1,
        "fuel": 7235,
        "fault": 0.5544,
        "weapon": 1,
        "pilot_injury": 0.8266,
        "pilot_skill": 0.5793,
        "mission_priority": 0.9122,
        "estimated_landing_time": 852.0,
        "wait_time": 0,
        "Landing_success_rate": 0.908
    },
    {
        "model": 0,
        "sequence": 1,
        "status": 1,
        "fuel": 7041,
        "fault": 0.8738,
        "weapon": 0,
        "pilot_injury": 0.2218,
        "pilot_skill": 0.7175,
        "mission_priority": 0.6092,
        "estimated_landing_time": 100.0,
        "wait_time": 0,
        "Landing_success_rate": 0.8646
    },
    {
        "model": 1,
        "sequence": 7,
        "status": 1,
        "fuel": 6295,
        "fault": 0.947,
        "weapon": 1,
        "pilot_injury": 0.6948,
        "pilot_skill": 0.4098,
        "mission_priority": 0.8341,
        "estimated_landing_time": 664.0,
        "wait_time": 0,
        "Landing_success_rate": 0.8532
    },
    {
        "model": 0,
        "sequence": 21,
        "status": 1,
        "fuel": 7169,
        "fault": 0.5603,
        "weapon": 0,
        "pilot_injury": 0.1839,
        "pilot_skill": 0.7177,
        "mission_priority": 0.5505,
        "estimated_landing_time": 1980.0,
        "wait_time": 0,
        "Landing_success_rate": 0.905
    },
    {
        "model": 2,
        "sequence": 13,
        "status": 1,
        "fuel": 6501,
        "fault": 0.3599,
        "weapon": 0,
        "pilot_injury": 0.855,
        "pilot_skill": 0.239,
        "mission_priority": 0.5555,
        "estimated_landing_time": 1228.0,
        "wait_time": 0,
        "Landing_success_rate": 0.8981
    },
    {
        "model": 0,
        "sequence": 3,
        "status": 1,
        "fuel": 5560,
        "fault": 0.7229,
        "weapon": 0,
        "pilot_injury": 0.2874,
        "pilot_skill": 0.1042,
        "mission_priority": 0.2328,
        "estimated_landing_time": 288.0,
        "wait_time": 0,
        "Landing_success_rate": 0.8512
    },
    {
        "model": 0,
        "sequence": 24,
        "status": 1,
        "fuel": 5889,
        "fault": 0.5961,
        "weapon": 1,
        "pilot_injury": 0.4186,
        "pilot_skill": 0.0131,
        "mission_priority": 0.051,
        "estimated_landing_time": 2262.0,
        "wait_time": 0,
        "Landing_success_rate": 0.8618
    },
    {
        "model": 0,
        "sequence": 10,
        "status": 1,
        "fuel": 5502,
        "fault": 0.3769,
        "weapon": 1,
        "pilot_injury": 0.5755,
        "pilot_skill": 0.1103,
        "mission_priority": 0.3521,
        "estimated_landing_time": 946.0,
        "wait_time": 0,
        "Landing_success_rate": 0.8501
    },
    {
        "model": 2,
        "sequence": 14,
        "status": 1,
        "fuel": 6501,
        "fault": 0.6906,
        "weapon": 1,
        "pilot_injury": 0.8827,
        "pilot_skill": 0.1215,
        "mission_priority": 0.1691,
        "estimated_landing_time": 1322.0,
        "wait_time": 0,
        "Landing_success_rate": 0.8732
    },
    {
        "model": 2,
        "sequence": 12,
        "status": 1,
        "fuel": 6094,
        "fault": 0.3381,
        "weapon": 0,
        "pilot_injury": 0.3295,
        "pilot_skill": 0.6582,
        "mission_priority": 0.5887,
        "estimated_landing_time": 1134.0,
        "wait_time": 0,
        "Landing_success_rate": 0.8795
    },
    {
        "model": 0,
        "sequence": 5,
        "status": 1,
        "fuel": 6332,
        "fault": 0.3285,
        "weapon": 1,
        "pilot_injury": 0.9302,
        "pilot_skill": 0.1848,
        "mission_priority": 0.695,
        "estimated_landing_time": 476.0,
        "wait_time": 0,
        "Landing_success_rate": 0.8919
    },
    {
        "model": 0,
        "sequence": 16,
        "status": 1,
        "fuel": 7463,
        "fault": 0.6687,
        "weapon": 1,
        "pilot_injury": 0.3992,
        "pilot_skill": 0.2239,
        "mission_priority": 0.2216,
        "estimated_landing_time": 1510.0,
        "wait_time": 0,
        "Landing_success_rate": 0.8988
    },
    {
        "model": 2,
        "sequence": 6,
        "status": 1,
        "fuel": 6316,
        "fault": 0.6458,
        "weapon": 1,
        "pilot_injury": 0.7463,
        "pilot_skill": 0.6768,
        "mission_priority": 0.9247,
        "estimated_landing_time": 570.0,
        "wait_time": 0,
        "Landing_success_rate": 0.8717
    },
    {
        "model": 2,
        "sequence": 15,
        "status": 1,
        "fuel": 6722,
        "fault": 0.7239,
        "weapon": 0,
        "pilot_injury": 0.3446,
        "pilot_skill": 0.2321,
        "mission_priority": 0.1422,
        "estimated_landing_time": 1416.0,
        "wait_time": 0,
        "Landing_success_rate": 0.8753
    },
    {
        "model": 2,
        "sequence": 4,
        "status": 1,
        "fuel": 5826,
        "fault": 0.7485,
        "weapon": 0,
        "pilot_injury": 0.9545,
        "pilot_skill": 0.1293,
        "mission_priority": 0.8232,
        "estimated_landing_time": 382.0,
        "wait_time": 0,
        "Landing_success_rate": 0.8561
    },
    {
        "model": 0,
        "sequence": 8,
        "status": 1,
        "fuel": 7423,
        "fault": 0.8761,
        "weapon": 1,
        "pilot_injury": 0.11,
        "pilot_skill": 0.99,
        "mission_priority": 0.6556,
        "estimated_landing_time": 758.0,
        "wait_time": 0,
        "Landing_success_rate": 0.8679
    },
    {
        "model": 1,
        "sequence": 20,
        "status": 1,
        "fuel": 6856,
        "fault": 0.6399,
        "weapon": 0,
        "pilot_injury": 0.3952,
        "pilot_skill": 0.2472,
        "mission_priority": 0.9836,
        "estimated_landing_time": 1886.0,
        "wait_time": 0,
        "Landing_success_rate": 0.8866
    }
]