[
    {
        "model": 0,
        "sequence": 3,
        "status": 1,
        "fuel": 7370,
        "fault": 0.7819,
        "weapon": 0,
        "pilot_injury": 0.4974,
        "pilot_skill": 0.7633,
        "mission_priority": 0.076,
        "estimated_landing_time": 288.0,
        "wait_time": 0,
        "Landing_success_rate": 0.8806
    },
    {
        "model": 1,
        "sequence": 14,
        "status": 1,
        "fuel": 6559,
        "fault": 0.9091,
        "weapon": 1,
        "pilot_injury": 0.5595,
        "pilot_skill": 0.9051,
        "mission_priority": 0.8148,
        "estimated_landing_time": 1322.0,
        "wait_time": 0,
        "Landing_success_rate": 0.8572
    },
    {
        "model": 2,
        "sequence": 12,
        "status": 1,
        "fuel": 6890,
        "fault": 0.2683,
        "weapon": 1,
        "pilot_injury": 0.7878,
        "pilot_skill": 0.0487,
        "mission_priority": 0.2945,
        "estimated_landing_time": 1134.0,
        "wait_time": 0,
        "Landing_success_rate": 0.9263
    },
    {
        "model": 0,
        "sequence": 23,
        "status": 1,
        "fuel": 5987,
        "fault": 0.772,
        "weapon": 0,
        "pilot_injury": 0.5705,
        "pilot_skill": 0.4807,
        "mission_priority": 0.2333,
        "estimated_landing_time": 2168.0,
        "wait_time": 0,
        "Landing_success_rate": 0.8583
    },
    {
        "model": 1,
        "sequence": 24,
        "status": 1,
        "fuel": 5724,
        "fault": 0.1116,
        "weapon": 0,
        "pilot_injury": 0.1422,
        "pilot_skill": 0.4353,
        "mission_priority": 0.8885,
        "estimated_landing_time": 2262.0,
        "wait_time": 0,
        "Landing_success_rate": 0.8649
    },
    {
        "model": 2,
        "sequence": 4,
        "status": 1,
        "fuel": 6662,
        "fault": 0.0066,
        "weapon": 0,
        "pilot_injury": 0.6925,
        "pilot_skill": 0.3316,
        "mission_priority": 0.4357,
        "estimated_landing_time": 382.0,
        "wait_time": 0,
        "Landing_success_rate": 0.9366
    },
    {
        "model": 1,
        "sequence": 1,
        "status": 1,
        "fuel": 6715,
        "fault": 0.4991,
        "weapon": 1,
        "pilot_injury": 0.7998,
        "pilot_skill": 0.969,
        "mission_priority": 0.9331,
        "estimated_landing_time": 100.0,
        "wait_time": 0,
        "Landing_success_rate": 0.8956
    },
    {
        "model": 2,
        "sequence": 8,
        "status": 1,
        "fuel": 7047,
        "fault": 0.8227,
        "weapon": 1,
        "pilot_injury": 0.4337,
        "pilot_skill": 0.3302,
        "mission_priority": 0.4417,
        "estimated_landing_time": 758.0,
        "wait_time": 0,
        "Landing_success_rate": 0.8706
    },
    {
        "model": 1,
        "sequence": 13,
        "status": 1,
        "fuel": 6185,
        "fault": 0.405,
        "weapon": 0,
        "pilot_injury": 0.7713,
        "pilot_skill": 0.3348,
        "mission_priority": 0.7944,
        "estimated_landing_time": 1228.0,
        "wait_time": 0,
        "Landing_success_rate": 0.8806
    },
    {
        "model": 0,
        "sequence": 17,
        "status": 1,
        "fuel": 5600,
        "fault": 0.4666,
        "weapon": 0,
        "pilot_injury": 0.6636,
        "pilot_skill": 0.201,
        "mission_priority": 0.4477,
        "estimated_landing_time": 1604.0,
        "wait_time": 0,
        "Landing_success_rate": 0.854
    },
    {
        "model": 1,
        "sequence": 16,
        "status": 1,
        "fuel": 5831,
        "fault": 0.765,
        "weapon": 1,
        "pilot_injury": 0.1933,
        "pilot_skill": 0.5399,
        "mission_priority": 0.2736,
        "estimated_landing_time": 1510.0,
        "wait_time": 0,
        "Landing_success_rate": 0.8558
    },
    {
        "model": 0,
        "sequence": 2,
        "status": 1,
        "fuel": 7273,
        "fault": 0.0565,
        "weapon": 1,
        "pilot_injury": 0.9066,
        "pilot_skill": 0.3439,
        "mission_priority": 0.9075,
        "estimated_landing_time": 194.0,
        "wait_time": 0,
        "Landing_success_rate": 0.9755
    },
    {
        "model": 0,
        "sequence": 6,
        "status": 1,
        "fuel": 7202,
        "fault": 0.2896,
        "weapon": 0,
        "pilot_injury": 0.1302,
        "pilot_skill": 0.7784,
        "mission_priority": 0.2002,
        "estimated_landing_time": 570.0,
        "wait_time": 0,
        "Landing_success_rate": 0.9407
    },
    {
        "model": 0,
        "sequence": 15,
        "status": 1,
        "fuel": 6506,
        "fault": 0.6074,
        "weapon": 1,
        "pilot_injury": 0.0945,
        "pilot_skill": 0.3635,
        "mission_priority": 0.7797,
        "estimated_landing_time": 1416.0,
        "wait_time": 0,
        "Landing_success_rate": 0.8796
    },
    {
        "model": 2,
        "sequence": 21,
        "status": 1,
        "fuel": 5830,
        "fault": 0.6989,
        "weapon": 0,
        "pilot_injury": 0.5073,
        "pilot_skill": 0.3099,
        "mission_priority": 0.7556,
        "estimated_landing_time": 1980.0,
        "wait_time": 0,
        "Landing_success_rate": 0.8575
    },
    {
        "model": 0,
        "sequence": 5,
        "status": 1,
        "fuel": 5915,
        "fault": 0.661,
        "weapon": 1,
        "pilot_injury": 0.5069,
        "pilot_skill": 0.0864,
        "mission_priority": 0.136,
        "estimated_landing_time": 476.0,
        "wait_time": 0,
        "Landing_success_rate": 0.8606
    },
    {
        "model": 0,
        "sequence": 10,
        "status": 1,
        "fuel": 6649,
        "fault": 0.8352,
        "weapon": 1,
        "pilot_injury": 0.0532,
        "pilot_skill": 0.0118,
        "mission_priority": 0.1926,
        "estimated_landing_time": 946.0,
        "wait_time": 0,
        "Landing_success_rate": 0.8642
    },
    {
        "model": 0,
        "sequence": 7,
        "status": 1,
        "fuel": 6727,
        "fault": 0.5703,
        "weapon": 1,
        "pilot_injury": 0.7332,
        "pilot_skill": 0.1519,
        "mission_priority": 0.7726,
        "estimated_landing_time": 664.0,
        "wait_time": 0,
        "Landing_success_rate": 0.8895
    },
    {
        "model": 2,
        "sequence": 19,
        "status": 1,
        "fuel": 5585,
        "fault": 0.9704,
        "weapon": 0,
        "pilot_injury": 0.4791,
        "pilot_skill": 0.3473,
        "mission_priority": 0.0236,
        "estimated_landing_time": 1792.0,
        "wait_time": 0,
        "Landing_success_rate": 0.8502
    },
    {
        "model": 1,
        "sequence": 11,
        "status": 1,
        "fuel": 7356,
        "fault": 0.4172,
        "weapon": 1,
        "pilot_injury": 0.136,
        "pilot_skill": 0.1325,
        "mission_priority": 0.9746,
        "estimated_landing_time": 1040.0,
        "wait_time": 0,
        "Landing_success_rate": 0.9311
    },
    {
        "model": 2,
        "sequence": 18,
        "status": 1,
        "fuel": 6880,
        "fault": 0.79,
        "weapon": 0,
        "pilot_injury": 0.0676,
        "pilot_skill": 0.7355,
        "mission_priority": 0.5968,
        "estimated_landing_time": 1698.0,
        "wait_time": 0,
        "Landing_success_rate": 0.8717
    },
    {
        "model": 2,
        "sequence": 20,
        "status": 1,
        "fuel": 5744,
        "fault": 0.1454,
        "weapon": 0,
        "pilot_injury": 0.5733,
        "pilot_skill": 0.9555,
        "mission_priority": 0.6228,
        "estimated_landing_time": 1886.0,
        "wait_time": 0,
        "Landing_success_rate": 0.8656
    },
    {
        "model": 1,
        "sequence": 22,
        "status": 1,
        "fuel": 6891,
        "fault": 0.6503,
        "weapon": 1,
        "pilot_injury": 0.7253,
        "pilot_skill": 0.3736,
        "mission_priority": 0.5992,
        "estimated_landing_time": 2074.0,
        "wait_time": 0,
        "Landing_success_rate": 0.8865
    },
    {
        "model": 1,
        "sequence": 9,
        "status": 1,
        "fuel": 6334,
        "fault": 0.0853,
        "weapon": 1,
        "pilot_injury": 0.7596,
        "pilot_skill": 0.4353,
        "mission_priority": 0.1241,
        "estimated_landing_time": 852.0,
        "wait_time": 0,
        "Landing_success_rate": 0.9072
    }
]