[
    {
        "model": 0,
        "sequence": 22,
        "status": 1,
        "fuel": 6236,
        "fault": 0.2541,
        "weapon": 0,
        "pilot_injury": 0.66,
        "pilot_skill": 0.0071,
        "mission_priority": 0.2656,
        "estimated_landing_time": 2074.0,
        "wait_time": 0,
        "Landing_success_rate": 0.8912
    },
    {
        "model": 1,
        "sequence": 15,
        "status": 1,
        "fuel": 7079,
        "fault": 0.4663,
        "weapon": 1,
        "pilot_injury": 0.9816,
        "pilot_skill": 0.156,
        "mission_priority": 0.2967,
        "estimated_landing_time": 1416.0,
        "wait_time": 0,
        "Landing_success_rate": 0.9132
    },
    {
        "model": 1,
        "sequence": 4,
        "status": 1,
        "fuel": 5620,
        "fault": 0.9611,
        "weapon": 1,
        "pilot_injury": 0.252,
        "pilot_skill": 0.4435,
        "mission_priority": 0.6423,
        "estimated_landing_time": 382.0,
        "wait_time": 0,
        "Landing_success_rate": 0.8504
    },
    {
        "model": 0,
        "sequence": 17,
        "status": 1,
        "fuel": 5690,
        "fault": 0.0141,
        "weapon": 1,
        "pilot_injury": 0.7085,
        "pilot_skill": 0.459,
        "mission_priority": 0.5565,
        "estimated_landing_time": 1604.0,
        "wait_time": 0,
        "Landing_success_rate": 0.864
    },
    {
        "model": 1,
        "sequence": 18,
        "status": 1,
        "fuel": 6326,
        "fault": 0.5342,
        "weapon": 0,
        "pilot_injury": 0.5587,
        "pilot_skill": 0.9233,
        "mission_priority": 0.5106,
        "estimated_landing_time": 1698.0,
        "wait_time": 0,
        "Landing_success_rate": 0.8789
    },
    {
        "model": 2,
        "sequence": 24,
        "status": 1,
        "fuel": 7233,
        "fault": 0.3756,
        "weapon": 0,
        "pilot_injury": 0.5221,
        "pilot_skill": 0.53,
        "mission_priority": 0.6873,
        "estimated_landing_time": 2262.0,
        "wait_time": 0,
        "Landing_success_rate": 0.9312
    },
    {
        "model": 0,
        "sequence": 21,
        "status": 1,
        "fuel": 7272,
        "fault": 0.6925,
        "weapon": 0,
        "pilot_injury": 0.7786,
        "pilot_skill": 0.6766,
        "mission_priority": 0.4818,
        "estimated_landing_time": 1980.0,
        "wait_time": 0,
        "Landing_success_rate": 0.8909
    },
    {
        "model": 2,
        "sequence": 11,
        "status": 1,
        "fuel": 5627,
        "fault": 0.8945,
        "weapon": 1,
        "pilot_injury": 0.1066,
        "pilot_skill": 0.8215,
        "mission_priority": 0.2122,
        "estimated_landing_time": 1040.0,
        "wait_time": 0,
        "Landing_success_rate": 0.851
    },
    {
        "model": 2,
        "sequence": 5,
        "status": 1,
        "fuel": 6058,
        "fault": 0.0101,
        "weapon": 1,
        "pilot_injury": 0.0169,
        "pilot_skill": 0.1598,
        "mission_priority": 0.377,
        "estimated_landing_time": 476.0,
        "wait_time": 0,
        "Landing_success_rate": 0.8914
    },
    {
        "model": 1,
        "sequence": 13,
        "status": 1,
        "fuel": 6847,
        "fault": 0.8931,
        "weapon": 0,
        "pilot_injury": 0.7646,
        "pilot_skill": 0.7699,
        "mission_priority": 0.8175,
        "estimated_landing_time": 1228.0,
        "wait_time": 0,
        "Landing_success_rate": 0.8608
    },
    {
        "model": 2,
        "sequence": 6,
        "status": 1,
        "fuel": 6290,
        "fault": 0.7447,
        "weapon": 1,
        "pilot_injury": 0.8675,
        "pilot_skill": 0.5259,
        "mission_priority": 0.4706,
        "estimated_landing_time": 570.0,
        "wait_time": 0,
        "Landing_success_rate": 0.8651
    },
    {
        "model": 2,
        "sequence": 16,
        "status": 1,
        "fuel": 7343,
        "fault": 0.5633,
        "weapon": 0,
        "pilot_injury": 0.7895,
        "pilot_skill": 0.4295,
        "mission_priority": 0.1273,
        "estimated_landing_time": 1510.0,
        "wait_time": 0,
        "Landing_success_rate": 0.9104
    },
    {
        "model": 0,
        "sequence": 14,
        "status": 1,
        "fuel": 5928,
        "fault": 0.9556,
        "weapon": 1,
        "pilot_injury": 0.8906,
        "pilot_skill": 0.9909,
        "mission_priority": 0.357,
        "estimated_landing_time": 1322.0,
        "wait_time": 0,
        "Landing_success_rate": 0.8514
    },
    {
        "model": 0,
        "sequence": 1,
        "status": 1,
        "fuel": 5637,
        "fault": 0.0922,
        "weapon": 0,
        "pilot_injury": 0.8238,
        "pilot_skill": 0.2092,
        "mission_priority": 0.9241,
        "estimated_landing_time": 100.0,
        "wait_time": 0,
        "Landing_success_rate": 0.8593
    },
    {
        "model": 2,
        "sequence": 3,
        "status": 1,
        "fuel": 5870,
        "fault": 0.6455,
        "weapon": 1,
        "pilot_injury": 0.554,
        "pilot_skill": 0.6907,
        "mission_priority": 0.6195,
        "estimated_landing_time": 288.0,
        "wait_time": 0,
        "Landing_success_rate": 0.8598
    },
    {
        "model": 1,
        "sequence": 19,
        "status": 1,
        "fuel": 5918,
        "fault": 0.6717,
        "weapon": 0,
        "pilot_injury": 0.5898,
        "pilot_skill": 0.6325,
        "mission_priority": 0.9219,
        "estimated_landing_time": 1792.0,
        "wait_time": 0,
        "Landing_success_rate": 0.8603
    },
    {
        "model": 1,
        "sequence": 2,
        "status": 1,
        "fuel": 6217,
        "fault": 0.8211,
        "weapon": 1,
        "pilot_injury": 0.0078,
        "pilot_skill": 0.1044,
        "mission_priority": 0.8579,
        "estimated_landing_time": 194.0,
        "wait_time": 0,
        "Landing_success_rate": 0.8596
    },
    {
        "model": 0,
        "sequence": 12,
        "status": 1,
        "fuel": 6286,
        "fault": 0.2288,
        "weapon": 1,
        "pilot_injury": 0.2305,
        "pilot_skill": 0.6002,
        "mission_priority": 0.5766,
        "estimated_landing_time": 1134.0,
        "wait_time": 0,
        "Landing_success_rate": 0.8955
    },
    {
        "model": 0,
        "sequence": 10,
        "status": 1,
        "fuel": 6596,
        "fault": 0.4369,
        "weapon": 0,
        "pilot_injury": 0.7645,
        "pilot_skill": 0.9355,
        "mission_priority": 0.0528,
        "estimated_landing_time": 946.0,
        "wait_time": 0,
        "Landing_success_rate": 0.8963
    },
    {
        "model": 0,
        "sequence": 23,
        "status": 1,
        "fuel": 6895,
        "fault": 0.1182,
        "weapon": 0,
        "pilot_injury": 0.8044,
        "pilot_skill": 0.7912,
        "mission_priority": 0.7197,
        "estimated_landing_time": 2168.0,
        "wait_time": 0,
        "Landing_success_rate": 0.9423
    },
    {
        "model": 1,
        "sequence": 8,
        "status": 1,
        "fuel": 6119,
        "fault": 0.8164,
        "weapon": 0,
        "pilot_injury": 0.1073,
        "pilot_skill": 0.6154,
        "mission_priority": 0.8223,
        "estimated_landing_time": 758.0,
        "wait_time": 0,
        "Landing_success_rate": 0.8585
    },
    {
        "model": 0,
        "sequence": 20,
        "status": 1,
        "fuel": 7245,
        "fault": 0.7007,
        "weapon": 0,
        "pilot_injury": 0.7956,
        "pilot_skill": 0.7008,
        "mission_priority": 0.0603,
        "estimated_landing_time": 1886.0,
        "wait_time": 0,
        "Landing_success_rate": 0.8892
    },
    {
        "model": 2,
        "sequence": 9,
        "status": 1,
        "fuel": 7238,
        "fault": 0.4922,
        "weapon": 0,
        "pilot_injury": 0.1982,
        "pilot_skill": 0.0288,
        "mission_priority": 0.9108,
        "estimated_landing_time": 852.0,
        "wait_time": 0,
        "Landing_success_rate": 0.9162
    },
    {
        "model": 1,
        "sequence": 7,
        "status": 1,
        "fuel": 6052,
        "fault": 0.3484,
        "weapon": 1,
        "pilot_injury": 0.7802,
        "pilot_skill": 0.048,
        "mission_priority": 0.2851,
        "estimated_landing_time": 664.0,
        "wait_time": 0,
        "Landing_success_rate": 0.877
    }
]