[
    {
        "model": 2,
        "sequence": 19,
        "status": 1,
        "fuel": 6573,
        "fault": 0.8917,
        "weapon": 0,
        "pilot_injury": 0.8075,
        "pilot_skill": 0.609,
        "mission_priority": 0.7319,
        "estimated_landing_time": 1792.0,
        "wait_time": 0,
        "Landing_success_rate": 0.8587
    },
    {
        "model": 0,
        "sequence": 5,
        "status": 1,
        "fuel": 5574,
        "fault": 0.7815,
        "weapon": 1,
        "pilot_injury": 0.5044,
        "pilot_skill": 0.7534,
        "mission_priority": 0.4337,
        "estimated_landing_time": 476.0,
        "wait_time": 0,
        "Landing_success_rate": 0.8512
    },
    {
        "model": 1,
        "sequence": 21,
        "status": 1,
        "fuel": 7173,
        "fault": 0.6175,
        "weapon": 0,
        "pilot_injury": 0.6021,
        "pilot_skill": 0.285,
        "mission_priority": 0.1378,
        "estimated_landing_time": 1980.0,
        "wait_time": 0,
        "Landing_success_rate": 0.898
    },
    {
        "model": 2,
        "sequence": 20,
        "status": 1,
        "fuel": 5856,
        "fault": 0.6731,
        "weapon": 1,
        "pilot_injury": 0.0239,
        "pilot_skill": 0.1518,
        "mission_priority": 0.8831,
        "estimated_landing_time": 1886.0,
        "wait_time": 0,
        "Landing_success_rate": 0.8587
    },
    {
        "model": 0,
        "sequence": 16,
        "status": 1,
        "fuel": 5508,
        "fault": 0.7088,
        "weapon": 1,
        "pilot_injury": 0.7535,
        "pilot_skill": 0.5642,
        "mission_priority": 0.2084,
        "estimated_landing_time": 1510.0,
        "wait_time": 0,
        "Landing_success_rate": 0.8502
    },
    {
        "model": 0,
        "sequence": 17,
        "status": 1,
        "fuel": 6854,
        "fault": 0.135,
        "weapon": 0,
        "pilot_injury": 0.1732,
        "pilot_skill": 0.429,
        "mission_priority": 0.1949,
        "estimated_landing_time": 1604.0,
        "wait_time": 0,
        "Landing_success_rate": 0.9378
    },
    {
        "model": 0,
        "sequence": 22,
        "status": 1,
        "fuel": 6723,
        "fault": 0.1466,
        "weapon": 0,
        "pilot_injury": 0.3599,
        "pilot_skill": 0.657,
        "mission_priority": 0.9359,
        "estimated_landing_time": 2074.0,
        "wait_time": 0,
        "Landing_success_rate": 0.9283
    },
    {
        "model": 2,
        "sequence": 12,
        "status": 1,
        "fuel": 5721,
        "fault": 0.4459,
        "weapon": 0,
        "pilot_injury": 0.7383,
        "pilot_skill": 0.5306,
        "mission_priority": 0.4288,
        "estimated_landing_time": 1134.0,
        "wait_time": 0,
        "Landing_success_rate": 0.8592
    },
    {
        "model": 2,
        "sequence": 4,
        "status": 1,
        "fuel": 6488,
        "fault": 0.0824,
        "weapon": 1,
        "pilot_injury": 0.5906,
        "pilot_skill": 0.1851,
        "mission_priority": 0.4663,
        "estimated_landing_time": 382.0,
        "wait_time": 0,
        "Landing_success_rate": 0.918
    },
    {
        "model": 2,
        "sequence": 13,
        "status": 1,
        "fuel": 7422,
        "fault": 0.3434,
        "weapon": 1,
        "pilot_injury": 0.2624,
        "pilot_skill": 0.4723,
        "mission_priority": 0.4465,
        "estimated_landing_time": 1228.0,
        "wait_time": 0,
        "Landing_success_rate": 0.9446
    },
    {
        "model": 0,
        "sequence": 6,
        "status": 1,
        "fuel": 7054,
        "fault": 0.8155,
        "weapon": 0,
        "pilot_injury": 0.8853,
        "pilot_skill": 0.7596,
        "mission_priority": 0.4009,
        "estimated_landing_time": 570.0,
        "wait_time": 0,
        "Landing_success_rate": 0.8715
    },
    {
        "model": 1,
        "sequence": 2,
        "status": 1,
        "fuel": 6056,
        "fault": 0.4605,
        "weapon": 1,
        "pilot_injury": 0.6081,
        "pilot_skill": 0.6006,
        "mission_priority": 0.1241,
        "estimated_landing_time": 194.0,
        "wait_time": 0,
        "Landing_success_rate": 0.8725
    },
    {
        "model": 1,
        "sequence": 10,
        "status": 1,
        "fuel": 5631,
        "fault": 0.2505,
        "weapon": 0,
        "pilot_injury": 0.0858,
        "pilot_skill": 0.3392,
        "mission_priority": 0.509,
        "estimated_landing_time": 946.0,
        "wait_time": 0,
        "Landing_success_rate": 0.8574
    },
    {
        "model": 2,
        "sequence": 3,
        "status": 1,
        "fuel": 5870,
        "fault": 0.7827,
        "weapon": 0,
        "pilot_injury": 0.8728,
        "pilot_skill": 0.0405,
        "mission_priority": 0.8577,
        "estimated_landing_time": 288.0,
        "wait_time": 0,
        "Landing_success_rate": 0.856
    },
    {
        "model": 2,
        "sequence": 11,
        "status": 1,
        "fuel": 7391,
        "fault": 0.8474,
        "weapon": 0,
        "pilot_injury": 0.8003,
        "pilot_skill": 0.8602,
        "mission_priority": 0.9823,
        "estimated_landing_time": 1040.0,
        "wait_time": 0,
        "Landing_success_rate": 0.8716
    },
    {
        "model": 2,
        "sequence": 24,
        "status": 1,
        "fuel": 6712,
        "fault": 0.3562,
        "weapon": 0,
        "pilot_injury": 0.0772,
        "pilot_skill": 0.1564,
        "mission_priority": 0.1745,
        "estimated_landing_time": 2262.0,
        "wait_time": 0,
        "Landing_success_rate": 0.9085
    },
    {
        "model": 1,
        "sequence": 15,
        "status": 1,
        "fuel": 7139,
        "fault": 0.0927,
        "weapon": 1,
        "pilot_injury": 0.1264,
        "pilot_skill": 0.6293,
        "mission_priority": 0.6257,
        "estimated_landing_time": 1416.0,
        "wait_time": 0,
        "Landing_success_rate": 0.9615
    },
    {
        "model": 1,
        "sequence": 9,
        "status": 1,
        "fuel": 5901,
        "fault": 0.1423,
        "weapon": 1,
        "pilot_injury": 0.3474,
        "pilot_skill": 0.9051,
        "mission_priority": 0.9483,
        "estimated_landing_time": 852.0,
        "wait_time": 0,
        "Landing_success_rate": 0.8758
    },
    {
        "model": 2,
        "sequence": 18,
        "status": 1,
        "fuel": 7126,
        "fault": 0.5527,
        "weapon": 0,
        "pilot_injury": 0.2538,
        "pilot_skill": 0.1207,
        "mission_priority": 0.5699,
        "estimated_landing_time": 1698.0,
        "wait_time": 0,
        "Landing_success_rate": 0.9045
    },
    {
        "model": 0,
        "sequence": 7,
        "status": 1,
        "fuel": 7126,
        "fault": 0.1669,
        "weapon": 0,
        "pilot_injury": 0.745,
        "pilot_skill": 0.2765,
        "mission_priority": 0.017,
        "estimated_landing_time": 664.0,
        "wait_time": 0,
        "Landing_success_rate": 0.9516
    },
    {
        "model": 1,
        "sequence": 23,
        "status": 1,
        "fuel": 5944,
        "fault": 0.985,
        "weapon": 0,
        "pilot_injury": 0.079,
        "pilot_skill": 0.6583,
        "mission_priority": 0.6717,
        "estimated_landing_time": 2168.0,
        "wait_time": 0,
        "Landing_success_rate": 0.8505
    },
    {
        "model": 2,
        "sequence": 8,
        "status": 1,
        "fuel": 7157,
        "fault": 0.3962,
        "weapon": 1,
        "pilot_injury": 0.607,
        "pilot_skill": 0.478,
        "mission_priority": 0.9532,
        "estimated_landing_time": 758.0,
        "wait_time": 0,
        "Landing_success_rate": 0.925
    },
    {
        "model": 1,
        "sequence": 14,
        "status": 1,
        "fuel": 6784,
        "fault": 0.3129,
        "weapon": 0,
        "pilot_injury": 0.8829,
        "pilot_skill": 0.3863,
        "mission_priority": 0.4246,
        "estimated_landing_time": 1322.0,
        "wait_time": 0,
        "Landing_success_rate": 0.9162
    },
    {
        "model": 0,
        "sequence": 1,
        "status": 1,
        "fuel": 7331,
        "fault": 0.914,
        "weapon": 1,
        "pilot_injury": 0.0229,
        "pilot_skill": 0.4557,
        "mission_priority": 0.3335,
        "estimated_landing_time": 100.0,
        "wait_time": 0,
        "Landing_success_rate": 0.8618
    }
]