[
    {
        "model": 1,
        "sequence": 20,
        "status": 1,
        "fuel": 6695,
        "fault": 0.7829,
        "weapon": 1,
        "pilot_injury": 0.881,
        "pilot_skill": 0.3502,
        "mission_priority": 0.2034,
        "estimated_landing_time": 1886.0,
        "wait_time": 0,
        "Landing_success_rate": 0.8695
    },
    {
        "model": 2,
        "sequence": 5,
        "status": 1,
        "fuel": 6307,
        "fault": 0.3563,
        "weapon": 0,
        "pilot_injury": 0.3669,
        "pilot_skill": 0.0384,
        "mission_priority": 0.5041,
        "estimated_landing_time": 476.0,
        "wait_time": 0,
        "Landing_success_rate": 0.889
    },
    {
        "model": 1,
        "sequence": 2,
        "status": 1,
        "fuel": 7220,
        "fault": 0.5547,
        "weapon": 1,
        "pilot_injury": 0.954,
        "pilot_skill": 0.5197,
        "mission_priority": 0.2854,
        "estimated_landing_time": 194.0,
        "wait_time": 0,
        "Landing_success_rate": 0.9074
    },
    {
        "model": 0,
        "sequence": 14,
        "status": 1,
        "fuel": 7296,
        "fault": 0.6575,
        "weapon": 0,
        "pilot_injury": 0.5535,
        "pilot_skill": 0.1886,
        "mission_priority": 0.0406,
        "estimated_landing_time": 1322.0,
        "wait_time": 0,
        "Landing_success_rate": 0.8961
    },
    {
        "model": 0,
        "sequence": 4,
        "status": 1,
        "fuel": 6108,
        "fault": 0.3834,
        "weapon": 1,
        "pilot_injury": 0.1271,
        "pilot_skill": 0.0594,
        "mission_priority": 0.2161,
        "estimated_landing_time": 382.0,
        "wait_time": 0,
        "Landing_success_rate": 0.8781
    },
    {
        "model": 1,
        "sequence": 11,
        "status": 1,
        "fuel": 7057,
        "fault": 0.5338,
        "weapon": 0,
        "pilot_injury": 0.4442,
        "pilot_skill": 0.8102,
        "mission_priority": 0.664,
        "estimated_landing_time": 1040.0,
        "wait_time": 0,
        "Landing_success_rate": 0.9044
    },
    {
        "model": 1,
        "sequence": 16,
        "status": 1,
        "fuel": 6942,
        "fault": 0.4521,
        "weapon": 1,
        "pilot_injury": 0.0111,
        "pilot_skill": 0.4506,
        "mission_priority": 0.3771,
        "estimated_landing_time": 1510.0,
        "wait_time": 0,
        "Landing_success_rate": 0.9093
    },
    {
        "model": 1,
        "sequence": 6,
        "status": 1,
        "fuel": 7069,
        "fault": 0.4834,
        "weapon": 0,
        "pilot_injury": 0.7764,
        "pilot_skill": 0.3854,
        "mission_priority": 0.8296,
        "estimated_landing_time": 570.0,
        "wait_time": 0,
        "Landing_success_rate": 0.9108
    },
    {
        "model": 1,
        "sequence": 8,
        "status": 1,
        "fuel": 5685,
        "fault": 0.4143,
        "weapon": 1,
        "pilot_injury": 0.4668,
        "pilot_skill": 0.4019,
        "mission_priority": 0.9637,
        "estimated_landing_time": 758.0,
        "wait_time": 0,
        "Landing_success_rate": 0.8581
    },
    {
        "model": 0,
        "sequence": 24,
        "status": 1,
        "fuel": 6495,
        "fault": 0.3526,
        "weapon": 1,
        "pilot_injury": 0.067,
        "pilot_skill": 0.0626,
        "mission_priority": 0.4381,
        "estimated_landing_time": 2262.0,
        "wait_time": 0,
        "Landing_success_rate": 0.8983
    },
    {
        "model": 2,
        "sequence": 13,
        "status": 1,
        "fuel": 6845,
        "fault": 0.2692,
        "weapon": 1,
        "pilot_injury": 0.0364,
        "pilot_skill": 0.6967,
        "mission_priority": 0.1299,
        "estimated_landing_time": 1228.0,
        "wait_time": 0,
        "Landing_success_rate": 0.9237
    },
    {
        "model": 0,
        "sequence": 22,
        "status": 1,
        "fuel": 6809,
        "fault": 0.6691,
        "weapon": 0,
        "pilot_injury": 0.2614,
        "pilot_skill": 0.2913,
        "mission_priority": 0.9374,
        "estimated_landing_time": 2074.0,
        "wait_time": 0,
        "Landing_success_rate": 0.8825
    },
    {
        "model": 2,
        "sequence": 10,
        "status": 1,
        "fuel": 6341,
        "fault": 0.2605,
        "weapon": 0,
        "pilot_injury": 0.5659,
        "pilot_skill": 0.9308,
        "mission_priority": 0.3083,
        "estimated_landing_time": 946.0,
        "wait_time": 0,
        "Landing_success_rate": 0.8966
    },
    {
        "model": 0,
        "sequence": 7,
        "status": 1,
        "fuel": 5595,
        "fault": 0.9716,
        "weapon": 0,
        "pilot_injury": 0.4917,
        "pilot_skill": 0.062,
        "mission_priority": 0.5219,
        "estimated_landing_time": 664.0,
        "wait_time": 0,
        "Landing_success_rate": 0.8502
    },
    {
        "model": 1,
        "sequence": 19,
        "status": 1,
        "fuel": 7084,
        "fault": 0.5279,
        "weapon": 0,
        "pilot_injury": 0.9955,
        "pilot_skill": 0.4216,
        "mission_priority": 0.5102,
        "estimated_landing_time": 1792.0,
        "wait_time": 0,
        "Landing_success_rate": 0.9061
    },
    {
        "model": 0,
        "sequence": 1,
        "status": 1,
        "fuel": 6002,
        "fault": 0.9148,
        "weapon": 1,
        "pilot_injury": 0.0982,
        "pilot_skill": 0.9338,
        "mission_priority": 0.3485,
        "estimated_landing_time": 100.0,
        "wait_time": 0,
        "Landing_success_rate": 0.8532
    },
    {
        "model": 0,
        "sequence": 15,
        "status": 1,
        "fuel": 7013,
        "fault": 0.8698,
        "weapon": 1,
        "pilot_injury": 0.9505,
        "pilot_skill": 0.9801,
        "mission_priority": 0.9732,
        "estimated_landing_time": 1416.0,
        "wait_time": 0,
        "Landing_success_rate": 0.8648
    },
    {
        "model": 1,
        "sequence": 3,
        "status": 1,
        "fuel": 7089,
        "fault": 0.9972,
        "weapon": 1,
        "pilot_injury": 0.3864,
        "pilot_skill": 0.2893,
        "mission_priority": 0.7084,
        "estimated_landing_time": 288.0,
        "wait_time": 0,
        "Landing_success_rate": 0.8503
    },
    {
        "model": 1,
        "sequence": 23,
        "status": 1,
        "fuel": 6179,
        "fault": 0.7342,
        "weapon": 1,
        "pilot_injury": 0.0087,
        "pilot_skill": 0.7829,
        "mission_priority": 0.9521,
        "estimated_landing_time": 2168.0,
        "wait_time": 0,
        "Landing_success_rate": 0.8635
    },
    {
        "model": 0,
        "sequence": 21,
        "status": 1,
        "fuel": 6612,
        "fault": 0.0768,
        "weapon": 0,
        "pilot_injury": 0.4783,
        "pilot_skill": 0.0202,
        "mission_priority": 0.9905,
        "estimated_landing_time": 1980.0,
        "wait_time": 0,
        "Landing_success_rate": 0.927
    },
    {
        "model": 0,
        "sequence": 17,
        "status": 1,
        "fuel": 7464,
        "fault": 0.5054,
        "weapon": 1,
        "pilot_injury": 0.0524,
        "pilot_skill": 0.625,
        "mission_priority": 0.5832,
        "estimated_landing_time": 1604.0,
        "wait_time": 0,
        "Landing_success_rate": 0.9229
    },
    {
        "model": 2,
        "sequence": 9,
        "status": 1,
        "fuel": 5780,
        "fault": 0.6139,
        "weapon": 0,
        "pilot_injury": 0.9135,
        "pilot_skill": 0.2798,
        "mission_priority": 0.6589,
        "estimated_landing_time": 852.0,
        "wait_time": 0,
        "Landing_success_rate": 0.8581
    },
    {
        "model": 2,
        "sequence": 18,
        "status": 1,
        "fuel": 6109,
        "fault": 0.4255,
        "weapon": 1,
        "pilot_injury": 0.2536,
        "pilot_skill": 0.2562,
        "mission_priority": 0.8205,
        "estimated_landing_time": 1698.0,
        "wait_time": 0,
        "Landing_success_rate": 0.8762
    },
    {
        "model": 0,
        "sequence": 12,
        "status": 1,
        "fuel": 6786,
        "fault": 0.4892,
        "weapon": 1,
        "pilot_injury": 0.6503,
        "pilot_skill": 0.3062,
        "mission_priority": 0.2081,
        "estimated_landing_time": 1134.0,
        "wait_time": 0,
        "Landing_success_rate": 0.8993
    }
]