[
    {
        "model": 1,
        "sequence": 17,
        "status": 1,
        "fuel": 6543,
        "fault": 0.0164,
        "weapon": 0,
        "pilot_injury": 0.2895,
        "pilot_skill": 0.5915,
        "mission_priority": 0.856,
        "estimated_landing_time": 1604.0,
        "wait_time": 0,
        "Landing_success_rate": 0.9269
    },
    {
        "model": 0,
        "sequence": 16,
        "status": 1,
        "fuel": 6303,
        "fault": 0.4823,
        "weapon": 0,
        "pilot_injury": 0.2824,
        "pilot_skill": 0.3446,
        "mission_priority": 0.8435,
        "estimated_landing_time": 1510.0,
        "wait_time": 0,
        "Landing_success_rate": 0.8812
    },
    {
        "model": 0,
        "sequence": 5,
        "status": 1,
        "fuel": 7135,
        "fault": 0.1811,
        "weapon": 0,
        "pilot_injury": 0.0154,
        "pilot_skill": 0.8648,
        "mission_priority": 0.1356,
        "estimated_landing_time": 476.0,
        "wait_time": 0,
        "Landing_success_rate": 0.9504
    },
    {
        "model": 0,
        "sequence": 21,
        "status": 1,
        "fuel": 6532,
        "fault": 0.593,
        "weapon": 0,
        "pilot_injury": 0.2819,
        "pilot_skill": 0.3286,
        "mission_priority": 0.336,
        "estimated_landing_time": 1980.0,
        "wait_time": 0,
        "Landing_success_rate": 0.8815
    },
    {
        "model": 2,
        "sequence": 9,
        "status": 1,
        "fuel": 5611,
        "fault": 0.7687,
        "weapon": 1,
        "pilot_injury": 0.5229,
        "pilot_skill": 0.8585,
        "mission_priority": 0.8457,
        "estimated_landing_time": 852.0,
        "wait_time": 0,
        "Landing_success_rate": 0.8519
    },
    {
        "model": 0,
        "sequence": 3,
        "status": 1,
        "fuel": 7377,
        "fault": 0.0074,
        "weapon": 0,
        "pilot_injury": 0.7838,
        "pilot_skill": 0.8669,
        "mission_priority": 0.2552,
        "estimated_landing_time": 288.0,
        "wait_time": 0,
        "Landing_success_rate": 0.9897
    },
    {
        "model": 0,
        "sequence": 4,
        "status": 1,
        "fuel": 5746,
        "fault": 0.4566,
        "weapon": 1,
        "pilot_injury": 0.6996,
        "pilot_skill": 0.3303,
        "mission_priority": 0.2935,
        "estimated_landing_time": 382.0,
        "wait_time": 0,
        "Landing_success_rate": 0.86
    },
    {
        "model": 0,
        "sequence": 23,
        "status": 1,
        "fuel": 5881,
        "fault": 0.4133,
        "weapon": 1,
        "pilot_injury": 0.004,
        "pilot_skill": 0.9378,
        "mission_priority": 0.1496,
        "estimated_landing_time": 2168.0,
        "wait_time": 0,
        "Landing_success_rate": 0.8668
    },
    {
        "model": 0,
        "sequence": 12,
        "status": 1,
        "fuel": 6192,
        "fault": 0.3469,
        "weapon": 0,
        "pilot_injury": 0.3355,
        "pilot_skill": 0.3282,
        "mission_priority": 0.6224,
        "estimated_landing_time": 1134.0,
        "wait_time": 0,
        "Landing_success_rate": 0.8839
    },
    {
        "model": 2,
        "sequence": 14,
        "status": 1,
        "fuel": 5558,
        "fault": 0.862,
        "weapon": 0,
        "pilot_injury": 0.0533,
        "pilot_skill": 0.2915,
        "mission_priority": 0.8699,
        "estimated_landing_time": 1322.0,
        "wait_time": 0,
        "Landing_success_rate": 0.8506
    },
    {
        "model": 1,
        "sequence": 13,
        "status": 1,
        "fuel": 6663,
        "fault": 0.1101,
        "weapon": 0,
        "pilot_injury": 0.1876,
        "pilot_skill": 0.1353,
        "mission_priority": 0.3944,
        "estimated_landing_time": 1228.0,
        "wait_time": 0,
        "Landing_success_rate": 0.9276
    },
    {
        "model": 1,
        "sequence": 19,
        "status": 1,
        "fuel": 6701,
        "fault": 0.9481,
        "weapon": 0,
        "pilot_injury": 0.0459,
        "pilot_skill": 0.2092,
        "mission_priority": 0.2032,
        "estimated_landing_time": 1792.0,
        "wait_time": 0,
        "Landing_success_rate": 0.8547
    },
    {
        "model": 2,
        "sequence": 11,
        "status": 1,
        "fuel": 5505,
        "fault": 0.5684,
        "weapon": 0,
        "pilot_injury": 0.3684,
        "pilot_skill": 0.9566,
        "mission_priority": 0.9254,
        "estimated_landing_time": 1040.0,
        "wait_time": 0,
        "Landing_success_rate": 0.8502
    },
    {
        "model": 0,
        "sequence": 1,
        "status": 1,
        "fuel": 6754,
        "fault": 0.5697,
        "weapon": 0,
        "pilot_injury": 0.171,
        "pilot_skill": 0.1121,
        "mission_priority": 0.6805,
        "estimated_landing_time": 100.0,
        "wait_time": 0,
        "Landing_success_rate": 0.8905
    },
    {
        "model": 1,
        "sequence": 15,
        "status": 1,
        "fuel": 5765,
        "fault": 0.7554,
        "weapon": 0,
        "pilot_injury": 0.0984,
        "pilot_skill": 0.7933,
        "mission_priority": 0.5356,
        "estimated_landing_time": 1416.0,
        "wait_time": 0,
        "Landing_success_rate": 0.8549
    },
    {
        "model": 1,
        "sequence": 10,
        "status": 1,
        "fuel": 5949,
        "fault": 0.8501,
        "weapon": 1,
        "pilot_injury": 0.9813,
        "pilot_skill": 0.4412,
        "mission_priority": 0.1157,
        "estimated_landing_time": 946.0,
        "wait_time": 0,
        "Landing_success_rate": 0.855
    },
    {
        "model": 1,
        "sequence": 24,
        "status": 1,
        "fuel": 6409,
        "fault": 0.1579,
        "weapon": 1,
        "pilot_injury": 0.7704,
        "pilot_skill": 0.694,
        "mission_priority": 0.5842,
        "estimated_landing_time": 2262.0,
        "wait_time": 0,
        "Landing_success_rate": 0.9074
    },
    {
        "model": 1,
        "sequence": 2,
        "status": 1,
        "fuel": 5629,
        "fault": 0.2736,
        "weapon": 1,
        "pilot_injury": 0.4018,
        "pilot_skill": 0.7058,
        "mission_priority": 0.3772,
        "estimated_landing_time": 194.0,
        "wait_time": 0,
        "Landing_success_rate": 0.857
    },
    {
        "model": 0,
        "sequence": 6,
        "status": 1,
        "fuel": 7332,
        "fault": 0.561,
        "weapon": 0,
        "pilot_injury": 0.5748,
        "pilot_skill": 0.1206,
        "mission_priority": 0.4035,
        "estimated_landing_time": 570.0,
        "wait_time": 0,
        "Landing_success_rate": 0.9103
    },
    {
        "model": 1,
        "sequence": 8,
        "status": 1,
        "fuel": 6462,
        "fault": 0.9956,
        "weapon": 1,
        "pilot_injury": 0.6144,
        "pilot_skill": 0.3942,
        "mission_priority": 0.252,
        "estimated_landing_time": 758.0,
        "wait_time": 0,
        "Landing_success_rate": 0.8503
    },
    {
        "model": 2,
        "sequence": 7,
        "status": 1,
        "fuel": 7207,
        "fault": 0.9265,
        "weapon": 1,
        "pilot_injury": 0.0044,
        "pilot_skill": 0.2687,
        "mission_priority": 0.6715,
        "estimated_landing_time": 664.0,
        "wait_time": 0,
        "Landing_success_rate": 0.8594
    },
    {
        "model": 2,
        "sequence": 18,
        "status": 1,
        "fuel": 7254,
        "fault": 0.2279,
        "weapon": 0,
        "pilot_injury": 0.9499,
        "pilot_skill": 0.5685,
        "mission_priority": 0.2697,
        "estimated_landing_time": 1698.0,
        "wait_time": 0,
        "Landing_success_rate": 0.9516
    },
    {
        "model": 1,
        "sequence": 22,
        "status": 1,
        "fuel": 5875,
        "fault": 0.6689,
        "weapon": 1,
        "pilot_injury": 0.2393,
        "pilot_skill": 0.5567,
        "mission_priority": 0.289,
        "estimated_landing_time": 2074.0,
        "wait_time": 0,
        "Landing_success_rate": 0.8593
    },
    {
        "model": 0,
        "sequence": 20,
        "status": 1,
        "fuel": 7176,
        "fault": 0.2399,
        "weapon": 0,
        "pilot_injury": 0.9959,
        "pilot_skill": 0.6447,
        "mission_priority": 0.2765,
        "estimated_landing_time": 1886.0,
        "wait_time": 0,
        "Landing_success_rate": 0.9455
    }
]