[
    {
        "model": 1,
        "sequence": 16,
        "status": 1,
        "fuel": 7118,
        "fault": 0.2625,
        "weapon": 0,
        "pilot_injury": 0.6032,
        "pilot_skill": 0.594,
        "mission_priority": 0.0125,
        "estimated_landing_time": 1510.0,
        "wait_time": 0,
        "Landing_success_rate": 0.9395
    },
    {
        "model": 0,
        "sequence": 20,
        "status": 1,
        "fuel": 6441,
        "fault": 0.8701,
        "weapon": 0,
        "pilot_injury": 0.5555,
        "pilot_skill": 0.9332,
        "mission_priority": 0.6756,
        "estimated_landing_time": 1886.0,
        "wait_time": 0,
        "Landing_success_rate": 0.8592
    },
    {
        "model": 1,
        "sequence": 8,
        "status": 1,
        "fuel": 5949,
        "fault": 0.8527,
        "weapon": 1,
        "pilot_injury": 0.7222,
        "pilot_skill": 0.5546,
        "mission_priority": 0.1272,
        "estimated_landing_time": 758.0,
        "wait_time": 0,
        "Landing_success_rate": 0.855
    },
    {
        "model": 1,
        "sequence": 21,
        "status": 1,
        "fuel": 7078,
        "fault": 0.5382,
        "weapon": 1,
        "pilot_injury": 0.753,
        "pilot_skill": 0.2462,
        "mission_priority": 0.2582,
        "estimated_landing_time": 1980.0,
        "wait_time": 0,
        "Landing_success_rate": 0.9047
    },
    {
        "model": 2,
        "sequence": 13,
        "status": 1,
        "fuel": 7349,
        "fault": 0.8874,
        "weapon": 0,
        "pilot_injury": 0.0805,
        "pilot_skill": 0.3516,
        "mission_priority": 0.9908,
        "estimated_landing_time": 1228.0,
        "wait_time": 0,
        "Landing_success_rate": 0.8656
    },
    {
        "model": 1,
        "sequence": 15,
        "status": 1,
        "fuel": 6747,
        "fault": 0.1812,
        "weapon": 1,
        "pilot_injury": 0.1207,
        "pilot_skill": 0.9225,
        "mission_priority": 0.8277,
        "estimated_landing_time": 1416.0,
        "wait_time": 0,
        "Landing_success_rate": 0.9266
    },
    {
        "model": 0,
        "sequence": 5,
        "status": 1,
        "fuel": 7285,
        "fault": 0.8487,
        "weapon": 1,
        "pilot_injury": 0.4323,
        "pilot_skill": 0.4013,
        "mission_priority": 0.2581,
        "estimated_landing_time": 476.0,
        "wait_time": 0,
        "Landing_success_rate": 0.8703
    },
    {
        "model": 2,
        "sequence": 2,
        "status": 1,
        "fuel": 6003,
        "fault": 0.7158,
        "weapon": 0,
        "pilot_injury": 0.2679,
        "pilot_skill": 0.9817,
        "mission_priority": 0.0155,
        "estimated_landing_time": 194.0,
        "wait_time": 0,
        "Landing_success_rate": 0.8607
    },
    {
        "model": 2,
        "sequence": 9,
        "status": 1,
        "fuel": 7332,
        "fault": 0.8984,
        "weapon": 1,
        "pilot_injury": 0.0376,
        "pilot_skill": 0.161,
        "mission_priority": 0.2581,
        "estimated_landing_time": 852.0,
        "wait_time": 0,
        "Landing_success_rate": 0.864
    },
    {
        "model": 2,
        "sequence": 23,
        "status": 1,
        "fuel": 6770,
        "fault": 0.3295,
        "weapon": 0,
        "pilot_injury": 0.6245,
        "pilot_skill": 0.5627,
        "mission_priority": 0.5368,
        "estimated_landing_time": 2168.0,
        "wait_time": 0,
        "Landing_success_rate": 0.9139
    },
    {
        "model": 2,
        "sequence": 18,
        "status": 1,
        "fuel": 7275,
        "fault": 0.0789,
        "weapon": 0,
        "pilot_injury": 0.5408,
        "pilot_skill": 0.2301,
        "mission_priority": 0.1368,
        "estimated_landing_time": 1698.0,
        "wait_time": 0,
        "Landing_success_rate": 0.9726
    },
    {
        "model": 2,
        "sequence": 4,
        "status": 1,
        "fuel": 6613,
        "fault": 0.6603,
        "weapon": 1,
        "pilot_injury": 0.9334,
        "pilot_skill": 0.2183,
        "mission_priority": 0.6575,
        "estimated_landing_time": 382.0,
        "wait_time": 0,
        "Landing_success_rate": 0.8784
    },
    {
        "model": 0,
        "sequence": 19,
        "status": 1,
        "fuel": 6590,
        "fault": 0.5039,
        "weapon": 0,
        "pilot_injury": 0.5434,
        "pilot_skill": 0.1411,
        "mission_priority": 0.2698,
        "estimated_landing_time": 1792.0,
        "wait_time": 0,
        "Landing_success_rate": 0.8906
    },
    {
        "model": 1,
        "sequence": 7,
        "status": 1,
        "fuel": 7009,
        "fault": 0.1807,
        "weapon": 0,
        "pilot_injury": 0.7667,
        "pilot_skill": 0.8296,
        "mission_priority": 0.0523,
        "estimated_landing_time": 664.0,
        "wait_time": 0,
        "Landing_success_rate": 0.9427
    },
    {
        "model": 1,
        "sequence": 12,
        "status": 1,
        "fuel": 6037,
        "fault": 0.6255,
        "weapon": 0,
        "pilot_injury": 0.7852,
        "pilot_skill": 0.1207,
        "mission_priority": 0.6788,
        "estimated_landing_time": 1134.0,
        "wait_time": 0,
        "Landing_success_rate": 0.8651
    },
    {
        "model": 1,
        "sequence": 22,
        "status": 1,
        "fuel": 6192,
        "fault": 0.8648,
        "weapon": 1,
        "pilot_injury": 0.0788,
        "pilot_skill": 0.0347,
        "mission_priority": 0.9378,
        "estimated_landing_time": 2074.0,
        "wait_time": 0,
        "Landing_success_rate": 0.857
    },
    {
        "model": 1,
        "sequence": 14,
        "status": 1,
        "fuel": 7412,
        "fault": 0.3748,
        "weapon": 1,
        "pilot_injury": 0.7953,
        "pilot_skill": 0.6893,
        "mission_priority": 0.9686,
        "estimated_landing_time": 1322.0,
        "wait_time": 0,
        "Landing_success_rate": 0.9397
    },
    {
        "model": 2,
        "sequence": 11,
        "status": 1,
        "fuel": 7361,
        "fault": 0.5217,
        "weapon": 0,
        "pilot_injury": 0.0822,
        "pilot_skill": 0.0002,
        "mission_priority": 0.1202,
        "estimated_landing_time": 1040.0,
        "wait_time": 0,
        "Landing_success_rate": 0.9168
    },
    {
        "model": 1,
        "sequence": 6,
        "status": 1,
        "fuel": 7243,
        "fault": 0.1549,
        "weapon": 1,
        "pilot_injury": 0.4383,
        "pilot_skill": 0.0461,
        "mission_priority": 0.6341,
        "estimated_landing_time": 570.0,
        "wait_time": 0,
        "Landing_success_rate": 0.9605
    },
    {
        "model": 1,
        "sequence": 10,
        "status": 1,
        "fuel": 6078,
        "fault": 0.8643,
        "weapon": 1,
        "pilot_injury": 0.5126,
        "pilot_skill": 0.3404,
        "mission_priority": 0.4648,
        "estimated_landing_time": 946.0,
        "wait_time": 0,
        "Landing_success_rate": 0.8559
    },
    {
        "model": 2,
        "sequence": 17,
        "status": 1,
        "fuel": 7149,
        "fault": 0.1101,
        "weapon": 0,
        "pilot_injury": 0.8931,
        "pilot_skill": 0.5595,
        "mission_priority": 0.0221,
        "estimated_landing_time": 1604.0,
        "wait_time": 0,
        "Landing_success_rate": 0.9601
    },
    {
        "model": 2,
        "sequence": 1,
        "status": 1,
        "fuel": 5775,
        "fault": 0.5727,
        "weapon": 1,
        "pilot_injury": 0.7016,
        "pilot_skill": 0.784,
        "mission_priority": 0.9388,
        "estimated_landing_time": 100.0,
        "wait_time": 0,
        "Landing_success_rate": 0.8588
    },
    {
        "model": 2,
        "sequence": 24,
        "status": 1,
        "fuel": 7298,
        "fault": 0.2659,
        "weapon": 1,
        "pilot_injury": 0.5615,
        "pilot_skill": 0.0224,
        "mission_priority": 0.8652,
        "estimated_landing_time": 2262.0,
        "wait_time": 0,
        "Landing_success_rate": 0.949
    },
    {
        "model": 1,
        "sequence": 3,
        "status": 1,
        "fuel": 7355,
        "fault": 0.6327,
        "weapon": 0,
        "pilot_injury": 0.1202,
        "pilot_skill": 0.0179,
        "mission_priority": 0.7898,
        "estimated_landing_time": 288.0,
        "wait_time": 0,
        "Landing_success_rate": 0.9011
    }
]