[
    {
        "model": 0,
        "sequence": 7,
        "status": 1,
        "fuel": 7372,
        "fault": 0.4851,
        "weapon": 1,
        "pilot_injury": 0.6784,
        "pilot_skill": 0.5112,
        "mission_priority": 0.7051,
        "estimated_landing_time": 664.0,
        "wait_time": 0,
        "Landing_success_rate": 0.9223
    },
    {
        "model": 2,
        "sequence": 6,
        "status": 1,
        "fuel": 6272,
        "fault": 0.9901,
        "weapon": 1,
        "pilot_injury": 0.3821,
        "pilot_skill": 0.3081,
        "mission_priority": 0.5571,
        "estimated_landing_time": 570.0,
        "wait_time": 0,
        "Landing_success_rate": 0.8506
    },
    {
        "model": 0,
        "sequence": 3,
        "status": 1,
        "fuel": 5557,
        "fault": 0.9373,
        "weapon": 1,
        "pilot_injury": 0.7961,
        "pilot_skill": 0.5886,
        "mission_priority": 0.8853,
        "estimated_landing_time": 288.0,
        "wait_time": 0,
        "Landing_success_rate": 0.8503
    },
    {
        "model": 2,
        "sequence": 9,
        "status": 1,
        "fuel": 6468,
        "fault": 0.5154,
        "weapon": 1,
        "pilot_injury": 0.8704,
        "pilot_skill": 0.8398,
        "mission_priority": 0.0488,
        "estimated_landing_time": 852.0,
        "wait_time": 0,
        "Landing_success_rate": 0.8852
    },
    {
        "model": 2,
        "sequence": 10,
        "status": 1,
        "fuel": 6620,
        "fault": 0.384,
        "weapon": 0,
        "pilot_injury": 0.0429,
        "pilot_skill": 0.4112,
        "mission_priority": 0.9754,
        "estimated_landing_time": 946.0,
        "wait_time": 0,
        "Landing_success_rate": 0.9017
    },
    {
        "model": 1,
        "sequence": 4,
        "status": 1,
        "fuel": 7234,
        "fault": 0.2645,
        "weapon": 1,
        "pilot_injury": 0.6763,
        "pilot_skill": 0.044,
        "mission_priority": 0.8207,
        "estimated_landing_time": 382.0,
        "wait_time": 0,
        "Landing_success_rate": 0.9457
    },
    {
        "model": 1,
        "sequence": 18,
        "status": 1,
        "fuel": 6709,
        "fault": 0.0943,
        "weapon": 0,
        "pilot_injury": 0.2488,
        "pilot_skill": 0.6589,
        "mission_priority": 0.5872,
        "estimated_landing_time": 1698.0,
        "wait_time": 0,
        "Landing_success_rate": 0.9321
    },
    {
        "model": 1,
        "sequence": 16,
        "status": 1,
        "fuel": 7490,
        "fault": 0.7519,
        "weapon": 1,
        "pilot_injury": 0.8749,
        "pilot_skill": 0.5758,
        "mission_priority": 0.9145,
        "estimated_landing_time": 1510.0,
        "wait_time": 0,
        "Landing_success_rate": 0.887
    },
    {
        "model": 0,
        "sequence": 5,
        "status": 1,
        "fuel": 5957,
        "fault": 0.3792,
        "weapon": 0,
        "pilot_injury": 0.39,
        "pilot_skill": 0.0659,
        "mission_priority": 0.5743,
        "estimated_landing_time": 476.0,
        "wait_time": 0,
        "Landing_success_rate": 0.8713
    },
    {
        "model": 2,
        "sequence": 12,
        "status": 1,
        "fuel": 6906,
        "fault": 0.4396,
        "weapon": 1,
        "pilot_injury": 0.2793,
        "pilot_skill": 0.2638,
        "mission_priority": 0.2378,
        "estimated_landing_time": 1134.0,
        "wait_time": 0,
        "Landing_success_rate": 0.9091
    },
    {
        "model": 1,
        "sequence": 14,
        "status": 1,
        "fuel": 6371,
        "fault": 0.4467,
        "weapon": 1,
        "pilot_injury": 0.3169,
        "pilot_skill": 0.4185,
        "mission_priority": 0.1158,
        "estimated_landing_time": 1322.0,
        "wait_time": 0,
        "Landing_success_rate": 0.8861
    },
    {
        "model": 0,
        "sequence": 24,
        "status": 1,
        "fuel": 7004,
        "fault": 0.7298,
        "weapon": 0,
        "pilot_injury": 0.7988,
        "pilot_skill": 0.8764,
        "mission_priority": 0.866,
        "estimated_landing_time": 2262.0,
        "wait_time": 0,
        "Landing_success_rate": 0.8805
    },
    {
        "model": 1,
        "sequence": 15,
        "status": 1,
        "fuel": 5883,
        "fault": 0.0859,
        "weapon": 1,
        "pilot_injury": 0.041,
        "pilot_skill": 0.1057,
        "mission_priority": 0.6007,
        "estimated_landing_time": 1416.0,
        "wait_time": 0,
        "Landing_success_rate": 0.8763
    },
    {
        "model": 0,
        "sequence": 20,
        "status": 1,
        "fuel": 5570,
        "fault": 0.7686,
        "weapon": 1,
        "pilot_injury": 0.3711,
        "pilot_skill": 0.3916,
        "mission_priority": 0.5456,
        "estimated_landing_time": 1886.0,
        "wait_time": 0,
        "Landing_success_rate": 0.8512
    },
    {
        "model": 2,
        "sequence": 8,
        "status": 1,
        "fuel": 6893,
        "fault": 0.9292,
        "weapon": 1,
        "pilot_injury": 0.9229,
        "pilot_skill": 0.3873,
        "mission_priority": 0.7396,
        "estimated_landing_time": 758.0,
        "wait_time": 0,
        "Landing_success_rate": 0.8574
    },
    {
        "model": 2,
        "sequence": 17,
        "status": 1,
        "fuel": 7217,
        "fault": 0.2031,
        "weapon": 1,
        "pilot_injury": 0.0678,
        "pilot_skill": 0.2459,
        "mission_priority": 0.6049,
        "estimated_landing_time": 1604.0,
        "wait_time": 0,
        "Landing_success_rate": 0.9526
    },
    {
        "model": 2,
        "sequence": 22,
        "status": 1,
        "fuel": 7480,
        "fault": 0.1362,
        "weapon": 0,
        "pilot_injury": 0.9703,
        "pilot_skill": 0.0835,
        "mission_priority": 0.2467,
        "estimated_landing_time": 2074.0,
        "wait_time": 0,
        "Landing_success_rate": 0.9783
    },
    {
        "model": 0,
        "sequence": 21,
        "status": 1,
        "fuel": 6281,
        "fault": 0.8254,
        "weapon": 0,
        "pilot_injury": 0.346,
        "pilot_skill": 0.5152,
        "mission_priority": 0.8918,
        "estimated_landing_time": 1980.0,
        "wait_time": 0,
        "Landing_success_rate": 0.8602
    },
    {
        "model": 2,
        "sequence": 2,
        "status": 1,
        "fuel": 7061,
        "fault": 0.1034,
        "weapon": 1,
        "pilot_injury": 0.9949,
        "pilot_skill": 0.1803,
        "mission_priority": 0.0488,
        "estimated_landing_time": 194.0,
        "wait_time": 0,
        "Landing_success_rate": 0.955
    },
    {
        "model": 0,
        "sequence": 23,
        "status": 1,
        "fuel": 5511,
        "fault": 0.8403,
        "weapon": 0,
        "pilot_injury": 0.9787,
        "pilot_skill": 0.3808,
        "mission_priority": 0.8258,
        "estimated_landing_time": 2168.0,
        "wait_time": 0,
        "Landing_success_rate": 0.8501
    },
    {
        "model": 0,
        "sequence": 11,
        "status": 1,
        "fuel": 6210,
        "fault": 0.1318,
        "weapon": 0,
        "pilot_injury": 0.6493,
        "pilot_skill": 0.9093,
        "mission_priority": 0.1145,
        "estimated_landing_time": 1040.0,
        "wait_time": 0,
        "Landing_success_rate": 0.8962
    },
    {
        "model": 0,
        "sequence": 1,
        "status": 1,
        "fuel": 5776,
        "fault": 0.4865,
        "weapon": 1,
        "pilot_injury": 0.8122,
        "pilot_skill": 0.9093,
        "mission_priority": 0.6288,
        "estimated_landing_time": 100.0,
        "wait_time": 0,
        "Landing_success_rate": 0.8606
    },
    {
        "model": 2,
        "sequence": 13,
        "status": 1,
        "fuel": 5729,
        "fault": 0.3076,
        "weapon": 0,
        "pilot_injury": 0.073,
        "pilot_skill": 0.1797,
        "mission_priority": 0.2738,
        "estimated_landing_time": 1228.0,
        "wait_time": 0,
        "Landing_success_rate": 0.8619
    },
    {
        "model": 2,
        "sequence": 19,
        "status": 1,
        "fuel": 7098,
        "fault": 0.6091,
        "weapon": 0,
        "pilot_injury": 0.0782,
        "pilot_skill": 0.8526,
        "mission_priority": 0.9938,
        "estimated_landing_time": 1792.0,
        "wait_time": 0,
        "Landing_success_rate": 0.8968
    }
]