[
    {
        "model": 2,
        "sequence": 13,
        "status": 1,
        "fuel": 6136,
        "fault": 0.7813,
        "weapon": 1,
        "pilot_injury": 0.2454,
        "pilot_skill": 0.5239,
        "mission_priority": 0.406,
        "estimated_landing_time": 1228.0,
        "wait_time": 0,
        "Landing_success_rate": 0.8604
    },
    {
        "model": 0,
        "sequence": 3,
        "status": 1,
        "fuel": 6325,
        "fault": 0.0302,
        "weapon": 1,
        "pilot_injury": 0.9937,
        "pilot_skill": 0.3653,
        "mission_priority": 0.5524,
        "estimated_landing_time": 288.0,
        "wait_time": 0,
        "Landing_success_rate": 0.91
    },
    {
        "model": 2,
        "sequence": 21,
        "status": 1,
        "fuel": 5707,
        "fault": 0.4814,
        "weapon": 0,
        "pilot_injury": 0.8646,
        "pilot_skill": 0.1788,
        "mission_priority": 0.8999,
        "estimated_landing_time": 1980.0,
        "wait_time": 0,
        "Landing_success_rate": 0.8581
    },
    {
        "model": 1,
        "sequence": 10,
        "status": 1,
        "fuel": 7115,
        "fault": 0.9702,
        "weapon": 0,
        "pilot_injury": 0.6529,
        "pilot_skill": 0.3859,
        "mission_priority": 0.5307,
        "estimated_landing_time": 946.0,
        "wait_time": 0,
        "Landing_success_rate": 0.8536
    },
    {
        "model": 2,
        "sequence": 8,
        "status": 1,
        "fuel": 5750,
        "fault": 0.7108,
        "weapon": 0,
        "pilot_injury": 0.293,
        "pilot_skill": 0.4609,
        "mission_priority": 0.2666,
        "estimated_landing_time": 758.0,
        "wait_time": 0,
        "Landing_success_rate": 0.8554
    },
    {
        "model": 0,
        "sequence": 12,
        "status": 1,
        "fuel": 6368,
        "fault": 0.9358,
        "weapon": 1,
        "pilot_injury": 0.8017,
        "pilot_skill": 0.9114,
        "mission_priority": 0.1522,
        "estimated_landing_time": 1134.0,
        "wait_time": 0,
        "Landing_success_rate": 0.8542
    },
    {
        "model": 1,
        "sequence": 20,
        "status": 1,
        "fuel": 5923,
        "fault": 0.5845,
        "weapon": 1,
        "pilot_injury": 0.9543,
        "pilot_skill": 0.2996,
        "mission_priority": 0.8552,
        "estimated_landing_time": 1886.0,
        "wait_time": 0,
        "Landing_success_rate": 0.8632
    },
    {
        "model": 1,
        "sequence": 22,
        "status": 1,
        "fuel": 6730,
        "fault": 0.0901,
        "weapon": 1,
        "pilot_injury": 0.1363,
        "pilot_skill": 0.9737,
        "mission_priority": 0.441,
        "estimated_landing_time": 2074.0,
        "wait_time": 0,
        "Landing_success_rate": 0.9339
    },
    {
        "model": 0,
        "sequence": 17,
        "status": 1,
        "fuel": 6842,
        "fault": 0.687,
        "weapon": 0,
        "pilot_injury": 0.5301,
        "pilot_skill": 0.8048,
        "mission_priority": 0.7226,
        "estimated_landing_time": 1604.0,
        "wait_time": 0,
        "Landing_success_rate": 0.8815
    },
    {
        "model": 1,
        "sequence": 18,
        "status": 1,
        "fuel": 6189,
        "fault": 0.9277,
        "weapon": 1,
        "pilot_injury": 0.7924,
        "pilot_skill": 0.9482,
        "mission_priority": 0.0098,
        "estimated_landing_time": 1698.0,
        "wait_time": 0,
        "Landing_success_rate": 0.8537
    },
    {
        "model": 0,
        "sequence": 9,
        "status": 1,
        "fuel": 6562,
        "fault": 0.2618,
        "weapon": 1,
        "pilot_injury": 0.6531,
        "pilot_skill": 0.8008,
        "mission_priority": 0.8951,
        "estimated_landing_time": 852.0,
        "wait_time": 0,
        "Landing_success_rate": 0.9088
    },
    {
        "model": 2,
        "sequence": 15,
        "status": 1,
        "fuel": 6372,
        "fault": 0.1871,
        "weapon": 0,
        "pilot_injury": 0.9647,
        "pilot_skill": 0.8637,
        "mission_priority": 0.8154,
        "estimated_landing_time": 1416.0,
        "wait_time": 0,
        "Landing_success_rate": 0.9032
    },
    {
        "model": 2,
        "sequence": 16,
        "status": 1,
        "fuel": 7487,
        "fault": 0.7341,
        "weapon": 0,
        "pilot_injury": 0.5568,
        "pilot_skill": 0.7096,
        "mission_priority": 0.3032,
        "estimated_landing_time": 1510.0,
        "wait_time": 0,
        "Landing_success_rate": 0.8896
    },
    {
        "model": 1,
        "sequence": 14,
        "status": 1,
        "fuel": 6010,
        "fault": 0.3016,
        "weapon": 0,
        "pilot_injury": 0.771,
        "pilot_skill": 0.8774,
        "mission_priority": 0.9129,
        "estimated_landing_time": 1322.0,
        "wait_time": 0,
        "Landing_success_rate": 0.8767
    },
    {
        "model": 0,
        "sequence": 5,
        "status": 1,
        "fuel": 5502,
        "fault": 0.8896,
        "weapon": 0,
        "pilot_injury": 0.4067,
        "pilot_skill": 0.3758,
        "mission_priority": 0.6662,
        "estimated_landing_time": 476.0,
        "wait_time": 0,
        "Landing_success_rate": 0.85
    },
    {
        "model": 0,
        "sequence": 24,
        "status": 1,
        "fuel": 6229,
        "fault": 0.1329,
        "weapon": 1,
        "pilot_injury": 0.439,
        "pilot_skill": 0.2242,
        "mission_priority": 0.0288,
        "estimated_landing_time": 2262.0,
        "wait_time": 0,
        "Landing_success_rate": 0.8974
    },
    {
        "model": 2,
        "sequence": 23,
        "status": 1,
        "fuel": 6009,
        "fault": 0.1997,
        "weapon": 1,
        "pilot_injury": 0.4527,
        "pilot_skill": 0.2777,
        "mission_priority": 0.6037,
        "estimated_landing_time": 2168.0,
        "wait_time": 0,
        "Landing_success_rate": 0.8806
    },
    {
        "model": 0,
        "sequence": 2,
        "status": 1,
        "fuel": 6520,
        "fault": 0.5928,
        "weapon": 0,
        "pilot_injury": 0.6469,
        "pilot_skill": 0.9193,
        "mission_priority": 0.374,
        "estimated_landing_time": 194.0,
        "wait_time": 0,
        "Landing_success_rate": 0.8812
    },
    {
        "model": 1,
        "sequence": 7,
        "status": 1,
        "fuel": 6335,
        "fault": 0.5321,
        "weapon": 0,
        "pilot_injury": 0.4028,
        "pilot_skill": 0.645,
        "mission_priority": 0.0046,
        "estimated_landing_time": 664.0,
        "wait_time": 0,
        "Landing_success_rate": 0.8793
    },
    {
        "model": 1,
        "sequence": 11,
        "status": 1,
        "fuel": 6170,
        "fault": 0.1994,
        "weapon": 0,
        "pilot_injury": 0.9007,
        "pilot_skill": 0.9494,
        "mission_priority": 0.9901,
        "estimated_landing_time": 1040.0,
        "wait_time": 0,
        "Landing_success_rate": 0.8902
    },
    {
        "model": 2,
        "sequence": 19,
        "status": 1,
        "fuel": 7333,
        "fault": 0.744,
        "weapon": 1,
        "pilot_injury": 0.7062,
        "pilot_skill": 0.2033,
        "mission_priority": 0.8971,
        "estimated_landing_time": 1792.0,
        "wait_time": 0,
        "Landing_success_rate": 0.8852
    },
    {
        "model": 0,
        "sequence": 1,
        "status": 1,
        "fuel": 7053,
        "fault": 0.0128,
        "weapon": 1,
        "pilot_injury": 0.9177,
        "pilot_skill": 0.0132,
        "mission_priority": 0.194,
        "estimated_landing_time": 100.0,
        "wait_time": 0,
        "Landing_success_rate": 0.965
    },
    {
        "model": 1,
        "sequence": 4,
        "status": 1,
        "fuel": 5711,
        "fault": 0.188,
        "weapon": 1,
        "pilot_injury": 0.6476,
        "pilot_skill": 0.6694,
        "mission_priority": 0.88,
        "estimated_landing_time": 382.0,
        "wait_time": 0,
        "Landing_success_rate": 0.8628
    },
    {
        "model": 1,
        "sequence": 6,
        "status": 1,
        "fuel": 5835,
        "fault": 0.9569,
        "weapon": 0,
        "pilot_injury": 0.7255,
        "pilot_skill": 0.6361,
        "mission_priority": 0.4483,
        "estimated_landing_time": 570.0,
        "wait_time": 0,
        "Landing_success_rate": 0.8511
    }
]