[
    {
        "model": 2,
        "sequence": 16,
        "status": 1,
        "fuel": 6338,
        "fault": 0.3452,
        "weapon": 1,
        "pilot_injury": 0.0874,
        "pilot_skill": 0.4916,
        "mission_priority": 0.0501,
        "estimated_landing_time": 1510.0,
        "wait_time": 0,
        "Landing_success_rate": 0.8912
    },
    {
        "model": 2,
        "sequence": 5,
        "status": 1,
        "fuel": 5853,
        "fault": 0.1019,
        "weapon": 0,
        "pilot_injury": 0.4764,
        "pilot_skill": 0.4184,
        "mission_priority": 0.3051,
        "estimated_landing_time": 476.0,
        "wait_time": 0,
        "Landing_success_rate": 0.8738
    },
    {
        "model": 0,
        "sequence": 9,
        "status": 1,
        "fuel": 6715,
        "fault": 0.2018,
        "weapon": 1,
        "pilot_injury": 0.8337,
        "pilot_skill": 0.6658,
        "mission_priority": 0.4332,
        "estimated_landing_time": 852.0,
        "wait_time": 0,
        "Landing_success_rate": 0.9227
    },
    {
        "model": 0,
        "sequence": 24,
        "status": 1,
        "fuel": 7426,
        "fault": 0.1517,
        "weapon": 0,
        "pilot_injury": 0.0757,
        "pilot_skill": 0.1537,
        "mission_priority": 0.0817,
        "estimated_landing_time": 2262.0,
        "wait_time": 0,
        "Landing_success_rate": 0.9725
    },
    {
        "model": 1,
        "sequence": 17,
        "status": 1,
        "fuel": 7396,
        "fault": 0.692,
        "weapon": 1,
        "pilot_injury": 0.5042,
        "pilot_skill": 0.8514,
        "mission_priority": 0.018,
        "estimated_landing_time": 1604.0,
        "wait_time": 0,
        "Landing_success_rate": 0.8938
    },
    {
        "model": 1,
        "sequence": 3,
        "status": 1,
        "fuel": 7300,
        "fault": 0.7479,
        "weapon": 1,
        "pilot_injury": 0.9475,
        "pilot_skill": 0.241,
        "mission_priority": 0.1224,
        "estimated_landing_time": 288.0,
        "wait_time": 0,
        "Landing_success_rate": 0.884
    },
    {
        "model": 2,
        "sequence": 23,
        "status": 1,
        "fuel": 6087,
        "fault": 0.4641,
        "weapon": 1,
        "pilot_injury": 0.3909,
        "pilot_skill": 0.7541,
        "mission_priority": 0.3232,
        "estimated_landing_time": 2168.0,
        "wait_time": 0,
        "Landing_success_rate": 0.8736
    },
    {
        "model": 0,
        "sequence": 20,
        "status": 1,
        "fuel": 5981,
        "fault": 0.6247,
        "weapon": 1,
        "pilot_injury": 0.883,
        "pilot_skill": 0.4055,
        "mission_priority": 0.8336,
        "estimated_landing_time": 1886.0,
        "wait_time": 0,
        "Landing_success_rate": 0.8635
    },
    {
        "model": 2,
        "sequence": 8,
        "status": 1,
        "fuel": 5648,
        "fault": 0.0069,
        "weapon": 0,
        "pilot_injury": 0.7749,
        "pilot_skill": 0.2092,
        "mission_priority": 0.2318,
        "estimated_landing_time": 758.0,
        "wait_time": 0,
        "Landing_success_rate": 0.861
    },
    {
        "model": 1,
        "sequence": 6,
        "status": 1,
        "fuel": 5669,
        "fault": 0.9518,
        "weapon": 0,
        "pilot_injury": 0.3788,
        "pilot_skill": 0.3996,
        "mission_priority": 0.4206,
        "estimated_landing_time": 570.0,
        "wait_time": 0,
        "Landing_success_rate": 0.8506
    },
    {
        "model": 1,
        "sequence": 19,
        "status": 1,
        "fuel": 5535,
        "fault": 0.3813,
        "weapon": 1,
        "pilot_injury": 0.1894,
        "pilot_skill": 0.6139,
        "mission_priority": 0.3366,
        "estimated_landing_time": 1792.0,
        "wait_time": 0,
        "Landing_success_rate": 0.8516
    },
    {
        "model": 2,
        "sequence": 14,
        "status": 1,
        "fuel": 5685,
        "fault": 0.198,
        "weapon": 0,
        "pilot_injury": 0.5543,
        "pilot_skill": 0.6855,
        "mission_priority": 0.333,
        "estimated_landing_time": 1322.0,
        "wait_time": 0,
        "Landing_success_rate": 0.8611
    },
    {
        "model": 0,
        "sequence": 10,
        "status": 1,
        "fuel": 6989,
        "fault": 0.0649,
        "weapon": 1,
        "pilot_injury": 0.4216,
        "pilot_skill": 0.4443,
        "mission_priority": 0.2725,
        "estimated_landing_time": 946.0,
        "wait_time": 0,
        "Landing_success_rate": 0.9544
    },
    {
        "model": 0,
        "sequence": 12,
        "status": 1,
        "fuel": 5665,
        "fault": 0.2854,
        "weapon": 0,
        "pilot_injury": 0.0043,
        "pilot_skill": 0.0953,
        "mission_priority": 0.9488,
        "estimated_landing_time": 1134.0,
        "wait_time": 0,
        "Landing_success_rate": 0.8588
    },
    {
        "model": 2,
        "sequence": 15,
        "status": 1,
        "fuel": 6213,
        "fault": 0.0426,
        "weapon": 0,
        "pilot_injury": 0.8497,
        "pilot_skill": 0.0001,
        "mission_priority": 0.9252,
        "estimated_landing_time": 1416.0,
        "wait_time": 0,
        "Landing_success_rate": 0.9012
    },
    {
        "model": 1,
        "sequence": 2,
        "status": 1,
        "fuel": 7073,
        "fault": 0.5732,
        "weapon": 0,
        "pilot_injury": 0.0291,
        "pilot_skill": 0.5195,
        "mission_priority": 0.9431,
        "estimated_landing_time": 194.0,
        "wait_time": 0,
        "Landing_success_rate": 0.9004
    },
    {
        "model": 2,
        "sequence": 1,
        "status": 1,
        "fuel": 6111,
        "fault": 0.717,
        "weapon": 0,
        "pilot_injury": 0.1855,
        "pilot_skill": 0.8696,
        "mission_priority": 0.7548,
        "estimated_landing_time": 100.0,
        "wait_time": 0,
        "Landing_success_rate": 0.863
    },
    {
        "model": 2,
        "sequence": 4,
        "status": 1,
        "fuel": 6145,
        "fault": 0.5452,
        "weapon": 0,
        "pilot_injury": 0.8772,
        "pilot_skill": 0.6982,
        "mission_priority": 0.1004,
        "estimated_landing_time": 382.0,
        "wait_time": 0,
        "Landing_success_rate": 0.872
    },
    {
        "model": 0,
        "sequence": 13,
        "status": 1,
        "fuel": 5990,
        "fault": 0.1029,
        "weapon": 1,
        "pilot_injury": 0.6545,
        "pilot_skill": 0.1105,
        "mission_priority": 0.9054,
        "estimated_landing_time": 1228.0,
        "wait_time": 0,
        "Landing_success_rate": 0.883
    },
    {
        "model": 1,
        "sequence": 21,
        "status": 1,
        "fuel": 6320,
        "fault": 0.5197,
        "weapon": 0,
        "pilot_injury": 0.1788,
        "pilot_skill": 0.5466,
        "mission_priority": 0.9388,
        "estimated_landing_time": 1980.0,
        "wait_time": 0,
        "Landing_success_rate": 0.8795
    },
    {
        "model": 1,
        "sequence": 11,
        "status": 1,
        "fuel": 6739,
        "fault": 0.23,
        "weapon": 0,
        "pilot_injury": 0.3783,
        "pilot_skill": 0.2674,
        "mission_priority": 0.4814,
        "estimated_landing_time": 1040.0,
        "wait_time": 0,
        "Landing_success_rate": 0.9216
    },
    {
        "model": 0,
        "sequence": 7,
        "status": 1,
        "fuel": 7094,
        "fault": 0.936,
        "weapon": 0,
        "pilot_injury": 0.344,
        "pilot_skill": 0.3827,
        "mission_priority": 0.6543,
        "estimated_landing_time": 664.0,
        "wait_time": 0,
        "Landing_success_rate": 0.8577
    },
    {
        "model": 1,
        "sequence": 22,
        "status": 1,
        "fuel": 6927,
        "fault": 0.8811,
        "weapon": 1,
        "pilot_injury": 0.2426,
        "pilot_skill": 0.124,
        "mission_priority": 0.352,
        "estimated_landing_time": 2074.0,
        "wait_time": 0,
        "Landing_success_rate": 0.8627
    },
    {
        "model": 1,
        "sequence": 18,
        "status": 1,
        "fuel": 7460,
        "fault": 0.387,
        "weapon": 1,
        "pilot_injury": 0.8183,
        "pilot_skill": 0.5346,
        "mission_priority": 0.6329,
        "estimated_landing_time": 1698.0,
        "wait_time": 0,
        "Landing_success_rate": 0.9401
    }
]