[
    {
        "model": 0,
        "sequence": 15,
        "status": 1,
        "fuel": 6158,
        "fault": 0.6922,
        "weapon": 0,
        "pilot_injury": 0.782,
        "pilot_skill": 0.6819,
        "mission_priority": 0.0972,
        "estimated_landing_time": 1416.0,
        "wait_time": 0,
        "Landing_success_rate": 0.8652
    },
    {
        "model": 0,
        "sequence": 23,
        "status": 1,
        "fuel": 7150,
        "fault": 0.5102,
        "weapon": 1,
        "pilot_injury": 0.5281,
        "pilot_skill": 0.2854,
        "mission_priority": 0.1521,
        "estimated_landing_time": 2168.0,
        "wait_time": 0,
        "Landing_success_rate": 0.9106
    },
    {
        "model": 0,
        "sequence": 2,
        "status": 1,
        "fuel": 5951,
        "fault": 0.2355,
        "weapon": 1,
        "pilot_injury": 0.3747,
        "pilot_skill": 0.2143,
        "mission_priority": 0.9502,
        "estimated_landing_time": 194.0,
        "wait_time": 0,
        "Landing_success_rate": 0.8759
    },
    {
        "model": 0,
        "sequence": 20,
        "status": 1,
        "fuel": 6545,
        "fault": 0.6498,
        "weapon": 1,
        "pilot_injury": 0.0594,
        "pilot_skill": 0.9394,
        "mission_priority": 0.7101,
        "estimated_landing_time": 1886.0,
        "wait_time": 0,
        "Landing_success_rate": 0.8774
    },
    {
        "model": 0,
        "sequence": 14,
        "status": 1,
        "fuel": 6624,
        "fault": 0.6238,
        "weapon": 1,
        "pilot_injury": 0.9203,
        "pilot_skill": 0.079,
        "mission_priority": 0.5515,
        "estimated_landing_time": 1322.0,
        "wait_time": 0,
        "Landing_success_rate": 0.8817
    },
    {
        "model": 2,
        "sequence": 10,
        "status": 1,
        "fuel": 6303,
        "fault": 0.1674,
        "weapon": 1,
        "pilot_injury": 0.0878,
        "pilot_skill": 0.382,
        "mission_priority": 0.1342,
        "estimated_landing_time": 946.0,
        "wait_time": 0,
        "Landing_success_rate": 0.9001
    },
    {
        "model": 0,
        "sequence": 19,
        "status": 1,
        "fuel": 6414,
        "fault": 0.8356,
        "weapon": 0,
        "pilot_injury": 0.6914,
        "pilot_skill": 0.5465,
        "mission_priority": 0.3797,
        "estimated_landing_time": 1792.0,
        "wait_time": 0,
        "Landing_success_rate": 0.8613
    },
    {
        "model": 1,
        "sequence": 1,
        "status": 1,
        "fuel": 6676,
        "fault": 0.0513,
        "weapon": 0,
        "pilot_injury": 0.4194,
        "pilot_skill": 0.9241,
        "mission_priority": 0.2026,
        "estimated_landing_time": 100.0,
        "wait_time": 0,
        "Landing_success_rate": 0.9337
    },
    {
        "model": 0,
        "sequence": 17,
        "status": 1,
        "fuel": 6885,
        "fault": 0.5577,
        "weapon": 0,
        "pilot_injury": 0.7052,
        "pilot_skill": 0.9656,
        "mission_priority": 0.1909,
        "estimated_landing_time": 1604.0,
        "wait_time": 0,
        "Landing_success_rate": 0.8959
    },
    {
        "model": 0,
        "sequence": 7,
        "status": 1,
        "fuel": 5783,
        "fault": 0.7364,
        "weapon": 1,
        "pilot_injury": 0.1497,
        "pilot_skill": 0.5485,
        "mission_priority": 0.8988,
        "estimated_landing_time": 664.0,
        "wait_time": 0,
        "Landing_success_rate": 0.8556
    },
    {
        "model": 2,
        "sequence": 13,
        "status": 1,
        "fuel": 6066,
        "fault": 0.8702,
        "weapon": 1,
        "pilot_injury": 0.1161,
        "pilot_skill": 0.9114,
        "mission_priority": 0.4876,
        "estimated_landing_time": 1228.0,
        "wait_time": 0,
        "Landing_success_rate": 0.8555
    },
    {
        "model": 2,
        "sequence": 11,
        "status": 1,
        "fuel": 6865,
        "fault": 0.3998,
        "weapon": 0,
        "pilot_injury": 0.9933,
        "pilot_skill": 0.8712,
        "mission_priority": 0.4142,
        "estimated_landing_time": 1040.0,
        "wait_time": 0,
        "Landing_success_rate": 0.9114
    },
    {
        "model": 2,
        "sequence": 21,
        "status": 1,
        "fuel": 5503,
        "fault": 0.3204,
        "weapon": 0,
        "pilot_injury": 0.2331,
        "pilot_skill": 0.241,
        "mission_priority": 0.3973,
        "estimated_landing_time": 1980.0,
        "wait_time": 0,
        "Landing_success_rate": 0.8502
    },
    {
        "model": 1,
        "sequence": 6,
        "status": 1,
        "fuel": 6777,
        "fault": 0.6041,
        "weapon": 1,
        "pilot_injury": 0.5006,
        "pilot_skill": 0.9539,
        "mission_priority": 0.5777,
        "estimated_landing_time": 570.0,
        "wait_time": 0,
        "Landing_success_rate": 0.8879
    },
    {
        "model": 2,
        "sequence": 3,
        "status": 1,
        "fuel": 7078,
        "fault": 0.5714,
        "weapon": 0,
        "pilot_injury": 0.1959,
        "pilot_skill": 0.6584,
        "mission_priority": 0.8483,
        "estimated_landing_time": 288.0,
        "wait_time": 0,
        "Landing_success_rate": 0.9007
    },
    {
        "model": 0,
        "sequence": 4,
        "status": 1,
        "fuel": 6551,
        "fault": 0.246,
        "weapon": 1,
        "pilot_injury": 0.7067,
        "pilot_skill": 0.0583,
        "mission_priority": 0.3509,
        "estimated_landing_time": 382.0,
        "wait_time": 0,
        "Landing_success_rate": 0.9094
    },
    {
        "model": 2,
        "sequence": 22,
        "status": 1,
        "fuel": 6994,
        "fault": 0.8653,
        "weapon": 1,
        "pilot_injury": 0.0533,
        "pilot_skill": 0.2378,
        "mission_priority": 0.68,
        "estimated_landing_time": 2074.0,
        "wait_time": 0,
        "Landing_success_rate": 0.8651
    },
    {
        "model": 1,
        "sequence": 24,
        "status": 1,
        "fuel": 6919,
        "fault": 0.5478,
        "weapon": 1,
        "pilot_injury": 0.0295,
        "pilot_skill": 0.1903,
        "mission_priority": 0.2813,
        "estimated_landing_time": 2262.0,
        "wait_time": 0,
        "Landing_success_rate": 0.8981
    },
    {
        "model": 0,
        "sequence": 9,
        "status": 1,
        "fuel": 6364,
        "fault": 0.3697,
        "weapon": 1,
        "pilot_injury": 0.8841,
        "pilot_skill": 0.4405,
        "mission_priority": 0.8226,
        "estimated_landing_time": 852.0,
        "wait_time": 0,
        "Landing_success_rate": 0.8908
    },
    {
        "model": 0,
        "sequence": 12,
        "status": 1,
        "fuel": 7065,
        "fault": 0.0759,
        "weapon": 1,
        "pilot_injury": 0.9945,
        "pilot_skill": 0.8512,
        "mission_priority": 0.9741,
        "estimated_landing_time": 1134.0,
        "wait_time": 0,
        "Landing_success_rate": 0.9585
    },
    {
        "model": 1,
        "sequence": 16,
        "status": 1,
        "fuel": 5808,
        "fault": 0.2409,
        "weapon": 0,
        "pilot_injury": 0.9438,
        "pilot_skill": 0.4198,
        "mission_priority": 0.7833,
        "estimated_landing_time": 1510.0,
        "wait_time": 0,
        "Landing_success_rate": 0.8675
    },
    {
        "model": 2,
        "sequence": 5,
        "status": 1,
        "fuel": 5932,
        "fault": 0.9692,
        "weapon": 0,
        "pilot_injury": 0.7854,
        "pilot_skill": 0.7165,
        "mission_priority": 0.8498,
        "estimated_landing_time": 476.0,
        "wait_time": 0,
        "Landing_success_rate": 0.851
    },
    {
        "model": 2,
        "sequence": 18,
        "status": 1,
        "fuel": 6024,
        "fault": 0.578,
        "weapon": 1,
        "pilot_injury": 0.0107,
        "pilot_skill": 0.1461,
        "mission_priority": 0.6442,
        "estimated_landing_time": 1698.0,
        "wait_time": 0,
        "Landing_success_rate": 0.8666
    },
    {
        "model": 2,
        "sequence": 8,
        "status": 1,
        "fuel": 6787,
        "fault": 0.9517,
        "weapon": 1,
        "pilot_injury": 0.2435,
        "pilot_skill": 0.3441,
        "mission_priority": 0.7164,
        "estimated_landing_time": 758.0,
        "wait_time": 0,
        "Landing_success_rate": 0.8547
    }
]