[
    {
        "model": 1,
        "sequence": 5,
        "status": 1,
        "fuel": 6978,
        "fault": 0.1399,
        "weapon": 1,
        "pilot_injury": 0.5051,
        "pilot_skill": 0.5645,
        "mission_priority": 0.4526,
        "estimated_landing_time": 476.0,
        "wait_time": 0,
        "Landing_success_rate": 0.9453
    },
    {
        "model": 2,
        "sequence": 16,
        "status": 1,
        "fuel": 5874,
        "fault": 0.4454,
        "weapon": 0,
        "pilot_injury": 0.5264,
        "pilot_skill": 0.1326,
        "mission_priority": 0.1971,
        "estimated_landing_time": 1510.0,
        "wait_time": 0,
        "Landing_success_rate": 0.8656
    },
    {
        "model": 0,
        "sequence": 1,
        "status": 1,
        "fuel": 6245,
        "fault": 0.4314,
        "weapon": 0,
        "pilot_injury": 0.5286,
        "pilot_skill": 0.4299,
        "mission_priority": 0.7983,
        "estimated_landing_time": 100.0,
        "wait_time": 0,
        "Landing_success_rate": 0.8818
    },
    {
        "model": 2,
        "sequence": 6,
        "status": 1,
        "fuel": 7400,
        "fault": 0.0276,
        "weapon": 0,
        "pilot_injury": 0.0744,
        "pilot_skill": 0.7444,
        "mission_priority": 0.6952,
        "estimated_landing_time": 570.0,
        "wait_time": 0,
        "Landing_success_rate": 0.9886
    },
    {
        "model": 2,
        "sequence": 15,
        "status": 1,
        "fuel": 5571,
        "fault": 0.8377,
        "weapon": 1,
        "pilot_injury": 0.758,
        "pilot_skill": 0.8445,
        "mission_priority": 0.3457,
        "estimated_landing_time": 1416.0,
        "wait_time": 0,
        "Landing_success_rate": 0.8509
    },
    {
        "model": 1,
        "sequence": 14,
        "status": 1,
        "fuel": 6806,
        "fault": 0.6672,
        "weapon": 0,
        "pilot_injury": 0.9146,
        "pilot_skill": 0.5485,
        "mission_priority": 0.3666,
        "estimated_landing_time": 1322.0,
        "wait_time": 0,
        "Landing_success_rate": 0.8826
    },
    {
        "model": 0,
        "sequence": 10,
        "status": 1,
        "fuel": 7199,
        "fault": 0.8359,
        "weapon": 1,
        "pilot_injury": 0.1536,
        "pilot_skill": 0.6395,
        "mission_priority": 0.0426,
        "estimated_landing_time": 946.0,
        "wait_time": 0,
        "Landing_success_rate": 0.8709
    },
    {
        "model": 1,
        "sequence": 19,
        "status": 1,
        "fuel": 6168,
        "fault": 0.5261,
        "weapon": 0,
        "pilot_injury": 0.2952,
        "pilot_skill": 0.9313,
        "mission_priority": 0.9558,
        "estimated_landing_time": 1792.0,
        "wait_time": 0,
        "Landing_success_rate": 0.8737
    },
    {
        "model": 0,
        "sequence": 22,
        "status": 1,
        "fuel": 7104,
        "fault": 0.3541,
        "weapon": 0,
        "pilot_injury": 0.5308,
        "pilot_skill": 0.5692,
        "mission_priority": 0.8362,
        "estimated_landing_time": 2074.0,
        "wait_time": 0,
        "Landing_success_rate": 0.9277
    },
    {
        "model": 1,
        "sequence": 18,
        "status": 1,
        "fuel": 6565,
        "fault": 0.7783,
        "weapon": 1,
        "pilot_injury": 0.6148,
        "pilot_skill": 0.6577,
        "mission_priority": 0.7509,
        "estimated_landing_time": 1698.0,
        "wait_time": 0,
        "Landing_success_rate": 0.8677
    },
    {
        "model": 0,
        "sequence": 23,
        "status": 1,
        "fuel": 6393,
        "fault": 0.4343,
        "weapon": 1,
        "pilot_injury": 0.6746,
        "pilot_skill": 0.4804,
        "mission_priority": 0.1349,
        "estimated_landing_time": 2168.0,
        "wait_time": 0,
        "Landing_success_rate": 0.8879
    },
    {
        "model": 0,
        "sequence": 2,
        "status": 1,
        "fuel": 7213,
        "fault": 0.6607,
        "weapon": 1,
        "pilot_injury": 0.9925,
        "pilot_skill": 0.8285,
        "mission_priority": 0.6709,
        "estimated_landing_time": 194.0,
        "wait_time": 0,
        "Landing_success_rate": 0.8936
    },
    {
        "model": 1,
        "sequence": 8,
        "status": 1,
        "fuel": 6152,
        "fault": 0.7877,
        "weapon": 1,
        "pilot_injury": 0.0564,
        "pilot_skill": 0.5594,
        "mission_priority": 0.2772,
        "estimated_landing_time": 758.0,
        "wait_time": 0,
        "Landing_success_rate": 0.8604
    },
    {
        "model": 1,
        "sequence": 11,
        "status": 1,
        "fuel": 6588,
        "fault": 0.3531,
        "weapon": 1,
        "pilot_injury": 0.7746,
        "pilot_skill": 0.5029,
        "mission_priority": 0.4747,
        "estimated_landing_time": 1040.0,
        "wait_time": 0,
        "Landing_success_rate": 0.9028
    },
    {
        "model": 2,
        "sequence": 20,
        "status": 1,
        "fuel": 6464,
        "fault": 0.247,
        "weapon": 1,
        "pilot_injury": 0.2484,
        "pilot_skill": 0.261,
        "mission_priority": 0.7573,
        "estimated_landing_time": 1886.0,
        "wait_time": 0,
        "Landing_success_rate": 0.9044
    },
    {
        "model": 2,
        "sequence": 13,
        "status": 1,
        "fuel": 6880,
        "fault": 0.575,
        "weapon": 1,
        "pilot_injury": 0.3437,
        "pilot_skill": 0.6386,
        "mission_priority": 0.814,
        "estimated_landing_time": 1228.0,
        "wait_time": 0,
        "Landing_success_rate": 0.894
    },
    {
        "model": 0,
        "sequence": 17,
        "status": 1,
        "fuel": 6394,
        "fault": 0.8563,
        "weapon": 0,
        "pilot_injury": 0.4289,
        "pilot_skill": 0.2991,
        "mission_priority": 0.1296,
        "estimated_landing_time": 1604.0,
        "wait_time": 0,
        "Landing_success_rate": 0.8596
    },
    {
        "model": 1,
        "sequence": 4,
        "status": 1,
        "fuel": 7268,
        "fault": 0.1278,
        "weapon": 0,
        "pilot_injury": 0.6777,
        "pilot_skill": 0.2371,
        "mission_priority": 0.3236,
        "estimated_landing_time": 382.0,
        "wait_time": 0,
        "Landing_success_rate": 0.9657
    },
    {
        "model": 1,
        "sequence": 12,
        "status": 1,
        "fuel": 6233,
        "fault": 0.1691,
        "weapon": 1,
        "pilot_injury": 0.1712,
        "pilot_skill": 0.6085,
        "mission_priority": 0.0514,
        "estimated_landing_time": 1134.0,
        "wait_time": 0,
        "Landing_success_rate": 0.8957
    },
    {
        "model": 2,
        "sequence": 3,
        "status": 1,
        "fuel": 7233,
        "fault": 0.7109,
        "weapon": 1,
        "pilot_injury": 0.1759,
        "pilot_skill": 0.113,
        "mission_priority": 0.3467,
        "estimated_landing_time": 288.0,
        "wait_time": 0,
        "Landing_success_rate": 0.8876
    },
    {
        "model": 1,
        "sequence": 21,
        "status": 1,
        "fuel": 5544,
        "fault": 0.927,
        "weapon": 1,
        "pilot_injury": 0.2257,
        "pilot_skill": 0.0864,
        "mission_priority": 0.6035,
        "estimated_landing_time": 1980.0,
        "wait_time": 0,
        "Landing_success_rate": 0.8502
    },
    {
        "model": 0,
        "sequence": 24,
        "status": 1,
        "fuel": 6748,
        "fault": 0.0123,
        "weapon": 0,
        "pilot_injury": 0.6028,
        "pilot_skill": 0.7761,
        "mission_priority": 0.3476,
        "estimated_landing_time": 2262.0,
        "wait_time": 0,
        "Landing_success_rate": 0.9424
    },
    {
        "model": 0,
        "sequence": 9,
        "status": 1,
        "fuel": 7246,
        "fault": 0.7919,
        "weapon": 1,
        "pilot_injury": 0.0236,
        "pilot_skill": 0.9814,
        "mission_priority": 0.2997,
        "estimated_landing_time": 852.0,
        "wait_time": 0,
        "Landing_success_rate": 0.8773
    },
    {
        "model": 0,
        "sequence": 7,
        "status": 1,
        "fuel": 7436,
        "fault": 0.9732,
        "weapon": 0,
        "pilot_injury": 0.0129,
        "pilot_skill": 0.7226,
        "mission_priority": 0.2267,
        "estimated_landing_time": 664.0,
        "wait_time": 0,
        "Landing_success_rate": 0.8539
    }
]