[
    {
        "model": 2,
        "sequence": 17,
        "status": 1,
        "fuel": 6155,
        "fault": 0.1357,
        "weapon": 1,
        "pilot_injury": 0.2477,
        "pilot_skill": 0.8268,
        "mission_priority": 0.0615,
        "estimated_landing_time": 1604.0,
        "wait_time": 0,
        "Landing_success_rate": 0.8925
    },
    {
        "model": 1,
        "sequence": 14,
        "status": 1,
        "fuel": 6294,
        "fault": 0.5689,
        "weapon": 0,
        "pilot_injury": 0.2411,
        "pilot_skill": 0.4642,
        "mission_priority": 0.7561,
        "estimated_landing_time": 1322.0,
        "wait_time": 0,
        "Landing_success_rate": 0.8757
    },
    {
        "model": 1,
        "sequence": 11,
        "status": 1,
        "fuel": 7432,
        "fault": 0.0206,
        "weapon": 0,
        "pilot_injury": 0.7573,
        "pilot_skill": 0.7272,
        "mission_priority": 0.5712,
        "estimated_landing_time": 1040.0,
        "wait_time": 0,
        "Landing_success_rate": 0.9919
    },
    {
        "model": 0,
        "sequence": 3,
        "status": 1,
        "fuel": 6600,
        "fault": 0.0479,
        "weapon": 0,
        "pilot_injury": 0.4416,
        "pilot_skill": 0.7859,
        "mission_priority": 0.4742,
        "estimated_landing_time": 288.0,
        "wait_time": 0,
        "Landing_success_rate": 0.9285
    },
    {
        "model": 0,
        "sequence": 8,
        "status": 1,
        "fuel": 7309,
        "fault": 0.6925,
        "weapon": 1,
        "pilot_injury": 0.8634,
        "pilot_skill": 0.13,
        "mission_priority": 0.2441,
        "estimated_landing_time": 758.0,
        "wait_time": 0,
        "Landing_success_rate": 0.8917
    },
    {
        "model": 0,
        "sequence": 1,
        "status": 1,
        "fuel": 6158,
        "fault": 0.9828,
        "weapon": 1,
        "pilot_injury": 0.5667,
        "pilot_skill": 0.3182,
        "mission_priority": 0.1141,
        "estimated_landing_time": 100.0,
        "wait_time": 0,
        "Landing_success_rate": 0.8508
    },
    {
        "model": 2,
        "sequence": 18,
        "status": 1,
        "fuel": 6497,
        "fault": 0.2613,
        "weapon": 1,
        "pilot_injury": 0.2178,
        "pilot_skill": 0.0434,
        "mission_priority": 0.5388,
        "estimated_landing_time": 1698.0,
        "wait_time": 0,
        "Landing_success_rate": 0.9052
    },
    {
        "model": 0,
        "sequence": 15,
        "status": 1,
        "fuel": 6608,
        "fault": 0.7069,
        "weapon": 0,
        "pilot_injury": 0.1506,
        "pilot_skill": 0.032,
        "mission_priority": 0.262,
        "estimated_landing_time": 1416.0,
        "wait_time": 0,
        "Landing_success_rate": 0.8744
    },
    {
        "model": 0,
        "sequence": 20,
        "status": 1,
        "fuel": 6763,
        "fault": 0.099,
        "weapon": 1,
        "pilot_injury": 0.2893,
        "pilot_skill": 0.2452,
        "mission_priority": 0.9948,
        "estimated_landing_time": 1886.0,
        "wait_time": 0,
        "Landing_success_rate": 0.9353
    },
    {
        "model": 1,
        "sequence": 10,
        "status": 1,
        "fuel": 6270,
        "fault": 0.6751,
        "weapon": 0,
        "pilot_injury": 0.3056,
        "pilot_skill": 0.4051,
        "mission_priority": 0.7604,
        "estimated_landing_time": 946.0,
        "wait_time": 0,
        "Landing_success_rate": 0.8688
    },
    {
        "model": 2,
        "sequence": 9,
        "status": 1,
        "fuel": 5782,
        "fault": 0.0022,
        "weapon": 0,
        "pilot_injury": 0.7266,
        "pilot_skill": 0.9914,
        "mission_priority": 0.7654,
        "estimated_landing_time": 852.0,
        "wait_time": 0,
        "Landing_success_rate": 0.8711
    },
    {
        "model": 1,
        "sequence": 16,
        "status": 1,
        "fuel": 6098,
        "fault": 0.9936,
        "weapon": 0,
        "pilot_injury": 0.5035,
        "pilot_skill": 0.3048,
        "mission_priority": 0.1643,
        "estimated_landing_time": 1510.0,
        "wait_time": 0,
        "Landing_success_rate": 0.8503
    },
    {
        "model": 2,
        "sequence": 21,
        "status": 1,
        "fuel": 5646,
        "fault": 0.5437,
        "weapon": 0,
        "pilot_injury": 0.6247,
        "pilot_skill": 0.3226,
        "mission_priority": 0.5062,
        "estimated_landing_time": 1980.0,
        "wait_time": 0,
        "Landing_success_rate": 0.855
    },
    {
        "model": 2,
        "sequence": 7,
        "status": 1,
        "fuel": 7456,
        "fault": 0.489,
        "weapon": 1,
        "pilot_injury": 0.7321,
        "pilot_skill": 0.8838,
        "mission_priority": 0.5087,
        "estimated_landing_time": 664.0,
        "wait_time": 0,
        "Landing_success_rate": 0.925
    },
    {
        "model": 1,
        "sequence": 4,
        "status": 1,
        "fuel": 6004,
        "fault": 0.0152,
        "weapon": 1,
        "pilot_injury": 0.1432,
        "pilot_skill": 0.1622,
        "mission_priority": 0.3592,
        "estimated_landing_time": 382.0,
        "wait_time": 0,
        "Landing_success_rate": 0.8872
    },
    {
        "model": 1,
        "sequence": 6,
        "status": 1,
        "fuel": 5829,
        "fault": 0.4237,
        "weapon": 1,
        "pilot_injury": 0.5641,
        "pilot_skill": 0.5239,
        "mission_priority": 0.5787,
        "estimated_landing_time": 570.0,
        "wait_time": 0,
        "Landing_success_rate": 0.8642
    },
    {
        "model": 2,
        "sequence": 13,
        "status": 1,
        "fuel": 7026,
        "fault": 0.8889,
        "weapon": 0,
        "pilot_injury": 0.511,
        "pilot_skill": 0.271,
        "mission_priority": 0.7806,
        "estimated_landing_time": 1228.0,
        "wait_time": 0,
        "Landing_success_rate": 0.8627
    },
    {
        "model": 2,
        "sequence": 12,
        "status": 1,
        "fuel": 7161,
        "fault": 0.9072,
        "weapon": 1,
        "pilot_injury": 0.4468,
        "pilot_skill": 0.1587,
        "mission_priority": 0.8964,
        "estimated_landing_time": 1134.0,
        "wait_time": 0,
        "Landing_success_rate": 0.8616
    },
    {
        "model": 0,
        "sequence": 23,
        "status": 1,
        "fuel": 5615,
        "fault": 0.9347,
        "weapon": 0,
        "pilot_injury": 0.2763,
        "pilot_skill": 0.3134,
        "mission_priority": 0.4518,
        "estimated_landing_time": 2168.0,
        "wait_time": 0,
        "Landing_success_rate": 0.8506
    },
    {
        "model": 0,
        "sequence": 22,
        "status": 1,
        "fuel": 6659,
        "fault": 0.3528,
        "weapon": 0,
        "pilot_injury": 0.7004,
        "pilot_skill": 0.3528,
        "mission_priority": 0.1957,
        "estimated_landing_time": 2074.0,
        "wait_time": 0,
        "Landing_success_rate": 0.9063
    },
    {
        "model": 1,
        "sequence": 2,
        "status": 1,
        "fuel": 7377,
        "fault": 0.5122,
        "weapon": 0,
        "pilot_injury": 0.9214,
        "pilot_skill": 0.6283,
        "mission_priority": 0.6071,
        "estimated_landing_time": 194.0,
        "wait_time": 0,
        "Landing_success_rate": 0.9187
    },
    {
        "model": 2,
        "sequence": 19,
        "status": 1,
        "fuel": 6466,
        "fault": 0.9073,
        "weapon": 0,
        "pilot_injury": 0.1295,
        "pilot_skill": 0.0955,
        "mission_priority": 0.5764,
        "estimated_landing_time": 1792.0,
        "wait_time": 0,
        "Landing_success_rate": 0.8567
    },
    {
        "model": 1,
        "sequence": 24,
        "status": 1,
        "fuel": 6111,
        "fault": 0.005,
        "weapon": 1,
        "pilot_injury": 0.5179,
        "pilot_skill": 0.0694,
        "mission_priority": 0.0468,
        "estimated_landing_time": 2262.0,
        "wait_time": 0,
        "Landing_success_rate": 0.8956
    },
    {
        "model": 0,
        "sequence": 5,
        "status": 1,
        "fuel": 6033,
        "fault": 0.4261,
        "weapon": 0,
        "pilot_injury": 0.2591,
        "pilot_skill": 0.7283,
        "mission_priority": 0.7159,
        "estimated_landing_time": 476.0,
        "wait_time": 0,
        "Landing_success_rate": 0.8729
    }
]