[
    {
        "model": 2,
        "sequence": 22,
        "status": 1,
        "fuel": 5855,
        "fault": 0.0362,
        "weapon": 0,
        "pilot_injury": 0.2301,
        "pilot_skill": 0.3733,
        "mission_priority": 0.0506,
        "estimated_landing_time": 2074.0,
        "wait_time": 0,
        "Landing_success_rate": 0.8757
    },
    {
        "model": 1,
        "sequence": 10,
        "status": 1,
        "fuel": 5676,
        "fault": 0.8913,
        "weapon": 1,
        "pilot_injury": 0.7607,
        "pilot_skill": 0.2064,
        "mission_priority": 0.4368,
        "estimated_landing_time": 946.0,
        "wait_time": 0,
        "Landing_success_rate": 0.8514
    },
    {
        "model": 2,
        "sequence": 14,
        "status": 1,
        "fuel": 6843,
        "fault": 0.3713,
        "weapon": 1,
        "pilot_injury": 0.848,
        "pilot_skill": 0.7654,
        "mission_priority": 0.9442,
        "estimated_landing_time": 1322.0,
        "wait_time": 0,
        "Landing_success_rate": 0.9133
    },
    {
        "model": 1,
        "sequence": 8,
        "status": 1,
        "fuel": 6845,
        "fault": 0.6808,
        "weapon": 0,
        "pilot_injury": 0.2868,
        "pilot_skill": 0.2193,
        "mission_priority": 0.4475,
        "estimated_landing_time": 758.0,
        "wait_time": 0,
        "Landing_success_rate": 0.8822
    },
    {
        "model": 1,
        "sequence": 11,
        "status": 1,
        "fuel": 5876,
        "fault": 0.3824,
        "weapon": 1,
        "pilot_injury": 0.1991,
        "pilot_skill": 0.9443,
        "mission_priority": 0.3859,
        "estimated_landing_time": 1040.0,
        "wait_time": 0,
        "Landing_success_rate": 0.8674
    },
    {
        "model": 0,
        "sequence": 16,
        "status": 1,
        "fuel": 6702,
        "fault": 0.7882,
        "weapon": 1,
        "pilot_injury": 0.5242,
        "pilot_skill": 0.6106,
        "mission_priority": 0.999,
        "estimated_landing_time": 1510.0,
        "wait_time": 0,
        "Landing_success_rate": 0.8691
    },
    {
        "model": 1,
        "sequence": 1,
        "status": 1,
        "fuel": 6871,
        "fault": 0.4038,
        "weapon": 1,
        "pilot_injury": 0.4767,
        "pilot_skill": 0.2571,
        "mission_priority": 0.9422,
        "estimated_landing_time": 100.0,
        "wait_time": 0,
        "Landing_success_rate": 0.9113
    },
    {
        "model": 0,
        "sequence": 6,
        "status": 1,
        "fuel": 6344,
        "fault": 0.3437,
        "weapon": 0,
        "pilot_injury": 0.8992,
        "pilot_skill": 0.725,
        "mission_priority": 0.5067,
        "estimated_landing_time": 570.0,
        "wait_time": 0,
        "Landing_success_rate": 0.8915
    },
    {
        "model": 0,
        "sequence": 7,
        "status": 1,
        "fuel": 6669,
        "fault": 0.1328,
        "weapon": 0,
        "pilot_injury": 0.6028,
        "pilot_skill": 0.5429,
        "mission_priority": 0.5891,
        "estimated_landing_time": 664.0,
        "wait_time": 0,
        "Landing_success_rate": 0.926
    },
    {
        "model": 0,
        "sequence": 24,
        "status": 1,
        "fuel": 6539,
        "fault": 0.9316,
        "weapon": 1,
        "pilot_injury": 0.7532,
        "pilot_skill": 0.1764,
        "mission_priority": 0.4668,
        "estimated_landing_time": 2262.0,
        "wait_time": 0,
        "Landing_success_rate": 0.8553
    },
    {
        "model": 2,
        "sequence": 20,
        "status": 1,
        "fuel": 7312,
        "fault": 0.7786,
        "weapon": 0,
        "pilot_injury": 0.9327,
        "pilot_skill": 0.077,
        "mission_priority": 0.611,
        "estimated_landing_time": 1886.0,
        "wait_time": 0,
        "Landing_success_rate": 0.8801
    },
    {
        "model": 2,
        "sequence": 15,
        "status": 1,
        "fuel": 7036,
        "fault": 0.9291,
        "weapon": 0,
        "pilot_injury": 0.6773,
        "pilot_skill": 0.9974,
        "mission_priority": 0.7918,
        "estimated_landing_time": 1416.0,
        "wait_time": 0,
        "Landing_success_rate": 0.8582
    },
    {
        "model": 1,
        "sequence": 2,
        "status": 1,
        "fuel": 7158,
        "fault": 0.9291,
        "weapon": 1,
        "pilot_injury": 0.6655,
        "pilot_skill": 0.7626,
        "mission_priority": 0.1888,
        "estimated_landing_time": 194.0,
        "wait_time": 0,
        "Landing_success_rate": 0.8588
    },
    {
        "model": 0,
        "sequence": 19,
        "status": 1,
        "fuel": 6741,
        "fault": 0.8852,
        "weapon": 1,
        "pilot_injury": 0.6116,
        "pilot_skill": 0.0124,
        "mission_priority": 0.0721,
        "estimated_landing_time": 1792.0,
        "wait_time": 0,
        "Landing_success_rate": 0.8607
    },
    {
        "model": 2,
        "sequence": 4,
        "status": 1,
        "fuel": 6997,
        "fault": 0.1304,
        "weapon": 1,
        "pilot_injury": 0.4138,
        "pilot_skill": 0.9792,
        "mission_priority": 0.9456,
        "estimated_landing_time": 382.0,
        "wait_time": 0,
        "Landing_success_rate": 0.9476
    },
    {
        "model": 2,
        "sequence": 3,
        "status": 1,
        "fuel": 7064,
        "fault": 0.294,
        "weapon": 0,
        "pilot_injury": 0.6364,
        "pilot_skill": 0.2431,
        "mission_priority": 0.9312,
        "estimated_landing_time": 288.0,
        "wait_time": 0,
        "Landing_success_rate": 0.9328
    },
    {
        "model": 1,
        "sequence": 13,
        "status": 1,
        "fuel": 7122,
        "fault": 0.5651,
        "weapon": 0,
        "pilot_injury": 0.6376,
        "pilot_skill": 0.6211,
        "mission_priority": 0.8384,
        "estimated_landing_time": 1228.0,
        "wait_time": 0,
        "Landing_success_rate": 0.9029
    },
    {
        "model": 2,
        "sequence": 21,
        "status": 1,
        "fuel": 6808,
        "fault": 0.6738,
        "weapon": 0,
        "pilot_injury": 0.5502,
        "pilot_skill": 0.9846,
        "mission_priority": 0.6599,
        "estimated_landing_time": 1980.0,
        "wait_time": 0,
        "Landing_success_rate": 0.882
    },
    {
        "model": 2,
        "sequence": 18,
        "status": 1,
        "fuel": 7301,
        "fault": 0.5,
        "weapon": 0,
        "pilot_injury": 0.5099,
        "pilot_skill": 0.806,
        "mission_priority": 0.8335,
        "estimated_landing_time": 1698.0,
        "wait_time": 0,
        "Landing_success_rate": 0.9175
    },
    {
        "model": 2,
        "sequence": 5,
        "status": 1,
        "fuel": 6989,
        "fault": 0.9099,
        "weapon": 0,
        "pilot_injury": 0.4034,
        "pilot_skill": 0.0574,
        "mission_priority": 0.6626,
        "estimated_landing_time": 476.0,
        "wait_time": 0,
        "Landing_success_rate": 0.8601
    },
    {
        "model": 2,
        "sequence": 9,
        "status": 1,
        "fuel": 6800,
        "fault": 0.5976,
        "weapon": 1,
        "pilot_injury": 0.7709,
        "pilot_skill": 0.6392,
        "mission_priority": 0.1164,
        "estimated_landing_time": 852.0,
        "wait_time": 0,
        "Landing_success_rate": 0.8892
    },
    {
        "model": 2,
        "sequence": 17,
        "status": 1,
        "fuel": 6575,
        "fault": 0.9913,
        "weapon": 1,
        "pilot_injury": 0.3216,
        "pilot_skill": 0.804,
        "mission_priority": 0.1008,
        "estimated_landing_time": 1604.0,
        "wait_time": 0,
        "Landing_success_rate": 0.8507
    },
    {
        "model": 2,
        "sequence": 23,
        "status": 1,
        "fuel": 5635,
        "fault": 0.2773,
        "weapon": 0,
        "pilot_injury": 0.9405,
        "pilot_skill": 0.7373,
        "mission_priority": 0.1392,
        "estimated_landing_time": 2168.0,
        "wait_time": 0,
        "Landing_success_rate": 0.8573
    },
    {
        "model": 1,
        "sequence": 12,
        "status": 1,
        "fuel": 6690,
        "fault": 0.2352,
        "weapon": 1,
        "pilot_injury": 0.3697,
        "pilot_skill": 0.1287,
        "mission_priority": 0.9335,
        "estimated_landing_time": 1134.0,
        "wait_time": 0,
        "Landing_success_rate": 0.9183
    }
]