[
    {
        "model": 0,
        "sequence": 13,
        "status": 1,
        "fuel": 7201,
        "fault": 0.3201,
        "weapon": 0,
        "pilot_injury": 0.5397,
        "pilot_skill": 0.108,
        "mission_priority": 0.6958,
        "estimated_landing_time": 1228.0,
        "wait_time": 0,
        "Landing_success_rate": 0.9367
    },
    {
        "model": 1,
        "sequence": 12,
        "status": 1,
        "fuel": 6577,
        "fault": 0.9686,
        "weapon": 0,
        "pilot_injury": 0.2705,
        "pilot_skill": 0.0921,
        "mission_priority": 0.9982,
        "estimated_landing_time": 1134.0,
        "wait_time": 0,
        "Landing_success_rate": 0.8525
    },
    {
        "model": 2,
        "sequence": 18,
        "status": 1,
        "fuel": 5726,
        "fault": 0.0717,
        "weapon": 1,
        "pilot_injury": 0.463,
        "pilot_skill": 0.9648,
        "mission_priority": 0.6599,
        "estimated_landing_time": 1698.0,
        "wait_time": 0,
        "Landing_success_rate": 0.8657
    },
    {
        "model": 0,
        "sequence": 16,
        "status": 1,
        "fuel": 6975,
        "fault": 0.7134,
        "weapon": 1,
        "pilot_injury": 0.7742,
        "pilot_skill": 0.4234,
        "mission_priority": 0.3095,
        "estimated_landing_time": 1510.0,
        "wait_time": 0,
        "Landing_success_rate": 0.8817
    },
    {
        "model": 2,
        "sequence": 23,
        "status": 1,
        "fuel": 7093,
        "fault": 0.7557,
        "weapon": 1,
        "pilot_injury": 0.9416,
        "pilot_skill": 0.1317,
        "mission_priority": 0.2343,
        "estimated_landing_time": 2168.0,
        "wait_time": 0,
        "Landing_success_rate": 0.8792
    },
    {
        "model": 2,
        "sequence": 9,
        "status": 1,
        "fuel": 6735,
        "fault": 0.7489,
        "weapon": 1,
        "pilot_injury": 0.7368,
        "pilot_skill": 0.8497,
        "mission_priority": 0.9208,
        "estimated_landing_time": 852.0,
        "wait_time": 0,
        "Landing_success_rate": 0.8733
    },
    {
        "model": 1,
        "sequence": 4,
        "status": 1,
        "fuel": 7033,
        "fault": 0.772,
        "weapon": 1,
        "pilot_injury": 0.2854,
        "pilot_skill": 0.3525,
        "mission_priority": 0.3031,
        "estimated_landing_time": 382.0,
        "wait_time": 0,
        "Landing_success_rate": 0.8762
    },
    {
        "model": 2,
        "sequence": 22,
        "status": 1,
        "fuel": 6242,
        "fault": 0.0763,
        "weapon": 0,
        "pilot_injury": 0.034,
        "pilot_skill": 0.7284,
        "mission_priority": 0.8236,
        "estimated_landing_time": 2074.0,
        "wait_time": 0,
        "Landing_success_rate": 0.9014
    },
    {
        "model": 0,
        "sequence": 20,
        "status": 1,
        "fuel": 6327,
        "fault": 0.4457,
        "weapon": 1,
        "pilot_injury": 0.2855,
        "pilot_skill": 0.2083,
        "mission_priority": 0.5811,
        "estimated_landing_time": 1886.0,
        "wait_time": 0,
        "Landing_success_rate": 0.8844
    },
    {
        "model": 1,
        "sequence": 6,
        "status": 1,
        "fuel": 6628,
        "fault": 0.5429,
        "weapon": 0,
        "pilot_injury": 0.3573,
        "pilot_skill": 0.4984,
        "mission_priority": 0.64,
        "estimated_landing_time": 570.0,
        "wait_time": 0,
        "Landing_success_rate": 0.8887
    },
    {
        "model": 2,
        "sequence": 21,
        "status": 1,
        "fuel": 5588,
        "fault": 0.4627,
        "weapon": 0,
        "pilot_injury": 0.8905,
        "pilot_skill": 0.3423,
        "mission_priority": 0.8012,
        "estimated_landing_time": 1980.0,
        "wait_time": 0,
        "Landing_success_rate": 0.8535
    },
    {
        "model": 0,
        "sequence": 24,
        "status": 1,
        "fuel": 6874,
        "fault": 0.31,
        "weapon": 0,
        "pilot_injury": 0.5004,
        "pilot_skill": 0.8925,
        "mission_priority": 0.8193,
        "estimated_landing_time": 2262.0,
        "wait_time": 0,
        "Landing_success_rate": 0.9211
    },
    {
        "model": 2,
        "sequence": 11,
        "status": 1,
        "fuel": 7299,
        "fault": 0.5753,
        "weapon": 0,
        "pilot_injury": 0.4797,
        "pilot_skill": 0.049,
        "mission_priority": 0.0279,
        "estimated_landing_time": 1040.0,
        "wait_time": 0,
        "Landing_success_rate": 0.9073
    },
    {
        "model": 2,
        "sequence": 17,
        "status": 1,
        "fuel": 5998,
        "fault": 0.1995,
        "weapon": 1,
        "pilot_injury": 0.0799,
        "pilot_skill": 0.9222,
        "mission_priority": 0.7182,
        "estimated_landing_time": 1604.0,
        "wait_time": 0,
        "Landing_success_rate": 0.8799
    },
    {
        "model": 1,
        "sequence": 5,
        "status": 1,
        "fuel": 7339,
        "fault": 0.6426,
        "weapon": 1,
        "pilot_injury": 0.6635,
        "pilot_skill": 0.3879,
        "mission_priority": 0.6793,
        "estimated_landing_time": 476.0,
        "wait_time": 0,
        "Landing_success_rate": 0.8993
    },
    {
        "model": 1,
        "sequence": 15,
        "status": 1,
        "fuel": 5924,
        "fault": 0.2528,
        "weapon": 0,
        "pilot_injury": 0.3416,
        "pilot_skill": 0.2852,
        "mission_priority": 0.9633,
        "estimated_landing_time": 1416.0,
        "wait_time": 0,
        "Landing_success_rate": 0.8738
    },
    {
        "model": 1,
        "sequence": 14,
        "status": 1,
        "fuel": 7417,
        "fault": 0.9926,
        "weapon": 0,
        "pilot_injury": 0.4653,
        "pilot_skill": 0.4438,
        "mission_priority": 0.7475,
        "estimated_landing_time": 1322.0,
        "wait_time": 0,
        "Landing_success_rate": 0.8511
    },
    {
        "model": 1,
        "sequence": 3,
        "status": 1,
        "fuel": 5686,
        "fault": 0.7375,
        "weapon": 1,
        "pilot_injury": 0.0358,
        "pilot_skill": 0.6704,
        "mission_priority": 0.0584,
        "estimated_landing_time": 288.0,
        "wait_time": 0,
        "Landing_success_rate": 0.8537
    },
    {
        "model": 0,
        "sequence": 2,
        "status": 1,
        "fuel": 7307,
        "fault": 0.1036,
        "weapon": 1,
        "pilot_injury": 0.443,
        "pilot_skill": 0.201,
        "mission_priority": 0.5926,
        "estimated_landing_time": 194.0,
        "wait_time": 0,
        "Landing_success_rate": 0.9715
    },
    {
        "model": 2,
        "sequence": 1,
        "status": 1,
        "fuel": 7397,
        "fault": 0.961,
        "weapon": 1,
        "pilot_injury": 0.9054,
        "pilot_skill": 0.7495,
        "mission_priority": 0.1516,
        "estimated_landing_time": 100.0,
        "wait_time": 0,
        "Landing_success_rate": 0.8555
    },
    {
        "model": 1,
        "sequence": 19,
        "status": 1,
        "fuel": 5902,
        "fault": 0.7159,
        "weapon": 1,
        "pilot_injury": 0.2447,
        "pilot_skill": 0.9099,
        "mission_priority": 0.4621,
        "estimated_landing_time": 1792.0,
        "wait_time": 0,
        "Landing_success_rate": 0.8586
    },
    {
        "model": 0,
        "sequence": 7,
        "status": 1,
        "fuel": 5698,
        "fault": 0.0941,
        "weapon": 0,
        "pilot_injury": 0.2053,
        "pilot_skill": 0.3528,
        "mission_priority": 0.3663,
        "estimated_landing_time": 664.0,
        "wait_time": 0,
        "Landing_success_rate": 0.8635
    },
    {
        "model": 1,
        "sequence": 10,
        "status": 1,
        "fuel": 6955,
        "fault": 0.9404,
        "weapon": 0,
        "pilot_injury": 0.5532,
        "pilot_skill": 0.6024,
        "mission_priority": 0.7322,
        "estimated_landing_time": 946.0,
        "wait_time": 0,
        "Landing_success_rate": 0.8565
    },
    {
        "model": 2,
        "sequence": 8,
        "status": 1,
        "fuel": 5895,
        "fault": 0.7547,
        "weapon": 1,
        "pilot_injury": 0.8029,
        "pilot_skill": 0.4951,
        "mission_priority": 0.7221,
        "estimated_landing_time": 758.0,
        "wait_time": 0,
        "Landing_success_rate": 0.8573
    }
]