[
    {
        "model": 1,
        "sequence": 14,
        "status": 1,
        "fuel": 6437,
        "fault": 0.9491,
        "weapon": 1,
        "pilot_injury": 0.5531,
        "pilot_skill": 0.4852,
        "mission_priority": 0.6682,
        "estimated_landing_time": 1322.0,
        "wait_time": 0,
        "Landing_success_rate": 0.8536
    },
    {
        "model": 1,
        "sequence": 6,
        "status": 1,
        "fuel": 6073,
        "fault": 0.5584,
        "weapon": 0,
        "pilot_injury": 0.5091,
        "pilot_skill": 0.0919,
        "mission_priority": 0.3345,
        "estimated_landing_time": 570.0,
        "wait_time": 0,
        "Landing_success_rate": 0.869
    },
    {
        "model": 0,
        "sequence": 3,
        "status": 1,
        "fuel": 7130,
        "fault": 0.8699,
        "weapon": 0,
        "pilot_injury": 0.9604,
        "pilot_skill": 0.2624,
        "mission_priority": 0.5367,
        "estimated_landing_time": 288.0,
        "wait_time": 0,
        "Landing_success_rate": 0.8659
    },
    {
        "model": 0,
        "sequence": 9,
        "status": 1,
        "fuel": 6267,
        "fault": 0.0911,
        "weapon": 0,
        "pilot_injury": 0.99,
        "pilot_skill": 0.8707,
        "mission_priority": 0.3387,
        "estimated_landing_time": 852.0,
        "wait_time": 0,
        "Landing_success_rate": 0.9023
    },
    {
        "model": 1,
        "sequence": 4,
        "status": 1,
        "fuel": 5573,
        "fault": 0.1292,
        "weapon": 1,
        "pilot_injury": 0.7476,
        "pilot_skill": 0.0093,
        "mission_priority": 0.9951,
        "estimated_landing_time": 382.0,
        "wait_time": 0,
        "Landing_success_rate": 0.8548
    },
    {
        "model": 0,
        "sequence": 12,
        "status": 1,
        "fuel": 7335,
        "fault": 0.7504,
        "weapon": 0,
        "pilot_injury": 0.3821,
        "pilot_skill": 0.6878,
        "mission_priority": 0.2414,
        "estimated_landing_time": 1134.0,
        "wait_time": 0,
        "Landing_success_rate": 0.8844
    },
    {
        "model": 1,
        "sequence": 21,
        "status": 1,
        "fuel": 6540,
        "fault": 0.0516,
        "weapon": 1,
        "pilot_injury": 0.9035,
        "pilot_skill": 0.9556,
        "mission_priority": 0.0103,
        "estimated_landing_time": 1980.0,
        "wait_time": 0,
        "Landing_success_rate": 0.924
    },
    {
        "model": 1,
        "sequence": 8,
        "status": 1,
        "fuel": 7025,
        "fault": 0.5608,
        "weapon": 1,
        "pilot_injury": 0.9282,
        "pilot_skill": 0.7563,
        "mission_priority": 0.9343,
        "estimated_landing_time": 758.0,
        "wait_time": 0,
        "Landing_success_rate": 0.9002
    },
    {
        "model": 2,
        "sequence": 11,
        "status": 1,
        "fuel": 6325,
        "fault": 0.2769,
        "weapon": 1,
        "pilot_injury": 0.1219,
        "pilot_skill": 0.6296,
        "mission_priority": 0.352,
        "estimated_landing_time": 1040.0,
        "wait_time": 0,
        "Landing_success_rate": 0.8947
    },
    {
        "model": 0,
        "sequence": 2,
        "status": 1,
        "fuel": 6731,
        "fault": 0.8412,
        "weapon": 0,
        "pilot_injury": 0.9365,
        "pilot_skill": 0.0689,
        "mission_priority": 0.1931,
        "estimated_landing_time": 194.0,
        "wait_time": 0,
        "Landing_success_rate": 0.8647
    },
    {
        "model": 2,
        "sequence": 23,
        "status": 1,
        "fuel": 6746,
        "fault": 0.9014,
        "weapon": 1,
        "pilot_injury": 0.9179,
        "pilot_skill": 0.5587,
        "mission_priority": 0.0346,
        "estimated_landing_time": 2168.0,
        "wait_time": 0,
        "Landing_success_rate": 0.8592
    },
    {
        "model": 1,
        "sequence": 1,
        "status": 1,
        "fuel": 6903,
        "fault": 0.9633,
        "weapon": 0,
        "pilot_injury": 0.4999,
        "pilot_skill": 0.7266,
        "mission_priority": 0.2692,
        "estimated_landing_time": 100.0,
        "wait_time": 0,
        "Landing_success_rate": 0.8539
    },
    {
        "model": 1,
        "sequence": 20,
        "status": 1,
        "fuel": 6363,
        "fault": 0.7426,
        "weapon": 1,
        "pilot_injury": 0.835,
        "pilot_skill": 0.9903,
        "mission_priority": 0.8466,
        "estimated_landing_time": 1886.0,
        "wait_time": 0,
        "Landing_success_rate": 0.8667
    },
    {
        "model": 1,
        "sequence": 24,
        "status": 1,
        "fuel": 6290,
        "fault": 0.6356,
        "weapon": 0,
        "pilot_injury": 0.8242,
        "pilot_skill": 0.0198,
        "mission_priority": 0.9516,
        "estimated_landing_time": 2262.0,
        "wait_time": 0,
        "Landing_success_rate": 0.8716
    },
    {
        "model": 2,
        "sequence": 16,
        "status": 1,
        "fuel": 6933,
        "fault": 0.6831,
        "weapon": 0,
        "pilot_injury": 0.7645,
        "pilot_skill": 0.1523,
        "mission_priority": 0.1653,
        "estimated_landing_time": 1510.0,
        "wait_time": 0,
        "Landing_success_rate": 0.8841
    },
    {
        "model": 2,
        "sequence": 15,
        "status": 1,
        "fuel": 6257,
        "fault": 0.4168,
        "weapon": 1,
        "pilot_injury": 0.4393,
        "pilot_skill": 0.6039,
        "mission_priority": 0.4366,
        "estimated_landing_time": 1416.0,
        "wait_time": 0,
        "Landing_success_rate": 0.8831
    },
    {
        "model": 1,
        "sequence": 18,
        "status": 1,
        "fuel": 6616,
        "fault": 0.6918,
        "weapon": 0,
        "pilot_injury": 0.4251,
        "pilot_skill": 0.8511,
        "mission_priority": 0.074,
        "estimated_landing_time": 1698.0,
        "wait_time": 0,
        "Landing_success_rate": 0.8758
    },
    {
        "model": 2,
        "sequence": 7,
        "status": 1,
        "fuel": 5875,
        "fault": 0.6882,
        "weapon": 1,
        "pilot_injury": 0.6794,
        "pilot_skill": 0.6618,
        "mission_priority": 0.9098,
        "estimated_landing_time": 664.0,
        "wait_time": 0,
        "Landing_success_rate": 0.8588
    },
    {
        "model": 1,
        "sequence": 22,
        "status": 1,
        "fuel": 7014,
        "fault": 0.4593,
        "weapon": 1,
        "pilot_injury": 0.8646,
        "pilot_skill": 0.3316,
        "mission_priority": 0.2325,
        "estimated_landing_time": 2074.0,
        "wait_time": 0,
        "Landing_success_rate": 0.9114
    },
    {
        "model": 1,
        "sequence": 17,
        "status": 1,
        "fuel": 6256,
        "fault": 0.2351,
        "weapon": 1,
        "pilot_injury": 0.297,
        "pilot_skill": 0.3853,
        "mission_priority": 0.2773,
        "estimated_landing_time": 1604.0,
        "wait_time": 0,
        "Landing_success_rate": 0.8934
    },
    {
        "model": 2,
        "sequence": 13,
        "status": 1,
        "fuel": 6748,
        "fault": 0.2002,
        "weapon": 1,
        "pilot_injury": 0.7746,
        "pilot_skill": 0.9184,
        "mission_priority": 0.1009,
        "estimated_landing_time": 1228.0,
        "wait_time": 0,
        "Landing_success_rate": 0.9249
    },
    {
        "model": 0,
        "sequence": 5,
        "status": 1,
        "fuel": 6682,
        "fault": 0.8377,
        "weapon": 0,
        "pilot_injury": 0.6866,
        "pilot_skill": 0.9964,
        "mission_priority": 0.335,
        "estimated_landing_time": 476.0,
        "wait_time": 0,
        "Landing_success_rate": 0.8644
    },
    {
        "model": 1,
        "sequence": 10,
        "status": 1,
        "fuel": 5810,
        "fault": 0.8953,
        "weapon": 0,
        "pilot_injury": 0.3234,
        "pilot_skill": 0.7047,
        "mission_priority": 0.5096,
        "estimated_landing_time": 946.0,
        "wait_time": 0,
        "Landing_success_rate": 0.8524
    },
    {
        "model": 1,
        "sequence": 19,
        "status": 1,
        "fuel": 5795,
        "fault": 0.1739,
        "weapon": 0,
        "pilot_injury": 0.3707,
        "pilot_skill": 0.1461,
        "mission_priority": 0.2783,
        "estimated_landing_time": 1792.0,
        "wait_time": 0,
        "Landing_success_rate": 0.8683
    }
]