[
    {
        "model": 1,
        "sequence": 24,
        "status": 1,
        "fuel": 5856,
        "fault": 0.8713,
        "weapon": 1,
        "pilot_injury": 0.3377,
        "pilot_skill": 0.3287,
        "mission_priority": 0.648,
        "estimated_landing_time": 2262.0,
        "wait_time": 0,
        "Landing_success_rate": 0.8534
    },
    {
        "model": 1,
        "sequence": 6,
        "status": 1,
        "fuel": 5718,
        "fault": 0.291,
        "weapon": 0,
        "pilot_injury": 0.275,
        "pilot_skill": 0.7857,
        "mission_priority": 0.2876,
        "estimated_landing_time": 570.0,
        "wait_time": 0,
        "Landing_success_rate": 0.8616
    },
    {
        "model": 0,
        "sequence": 11,
        "status": 1,
        "fuel": 7149,
        "fault": 0.1474,
        "weapon": 1,
        "pilot_injury": 0.1193,
        "pilot_skill": 0.522,
        "mission_priority": 0.5768,
        "estimated_landing_time": 1040.0,
        "wait_time": 0,
        "Landing_success_rate": 0.9554
    },
    {
        "model": 0,
        "sequence": 19,
        "status": 1,
        "fuel": 7277,
        "fault": 0.8007,
        "weapon": 1,
        "pilot_injury": 0.3562,
        "pilot_skill": 0.2002,
        "mission_priority": 0.3579,
        "estimated_landing_time": 1792.0,
        "wait_time": 0,
        "Landing_success_rate": 0.8766
    },
    {
        "model": 0,
        "sequence": 15,
        "status": 1,
        "fuel": 7390,
        "fault": 0.7594,
        "weapon": 1,
        "pilot_injury": 0.3096,
        "pilot_skill": 0.764,
        "mission_priority": 0.6897,
        "estimated_landing_time": 1416.0,
        "wait_time": 0,
        "Landing_success_rate": 0.8841
    },
    {
        "model": 0,
        "sequence": 23,
        "status": 1,
        "fuel": 7299,
        "fault": 0.0466,
        "weapon": 1,
        "pilot_injury": 0.5183,
        "pilot_skill": 0.9188,
        "mission_priority": 0.1236,
        "estimated_landing_time": 2168.0,
        "wait_time": 0,
        "Landing_success_rate": 0.9786
    },
    {
        "model": 0,
        "sequence": 17,
        "status": 1,
        "fuel": 5617,
        "fault": 0.308,
        "weapon": 0,
        "pilot_injury": 0.5886,
        "pilot_skill": 0.9347,
        "mission_priority": 0.9559,
        "estimated_landing_time": 1604.0,
        "wait_time": 0,
        "Landing_success_rate": 0.8561
    },
    {
        "model": 0,
        "sequence": 22,
        "status": 1,
        "fuel": 7448,
        "fault": 0.8085,
        "weapon": 1,
        "pilot_injury": 0.9469,
        "pilot_skill": 0.2027,
        "mission_priority": 0.9134,
        "estimated_landing_time": 2074.0,
        "wait_time": 0,
        "Landing_success_rate": 0.878
    },
    {
        "model": 0,
        "sequence": 7,
        "status": 1,
        "fuel": 6062,
        "fault": 0.5169,
        "weapon": 0,
        "pilot_injury": 0.8069,
        "pilot_skill": 0.1332,
        "mission_priority": 0.131,
        "estimated_landing_time": 664.0,
        "wait_time": 0,
        "Landing_success_rate": 0.8704
    },
    {
        "model": 0,
        "sequence": 8,
        "status": 1,
        "fuel": 6858,
        "fault": 0.6025,
        "weapon": 1,
        "pilot_injury": 0.0041,
        "pilot_skill": 0.389,
        "mission_priority": 0.1039,
        "estimated_landing_time": 758.0,
        "wait_time": 0,
        "Landing_success_rate": 0.8905
    },
    {
        "model": 0,
        "sequence": 3,
        "status": 1,
        "fuel": 6953,
        "fault": 0.3043,
        "weapon": 0,
        "pilot_injury": 0.4824,
        "pilot_skill": 0.4255,
        "mission_priority": 0.539,
        "estimated_landing_time": 288.0,
        "wait_time": 0,
        "Landing_success_rate": 0.9258
    },
    {
        "model": 1,
        "sequence": 18,
        "status": 1,
        "fuel": 6534,
        "fault": 0.6325,
        "weapon": 1,
        "pilot_injury": 0.101,
        "pilot_skill": 0.4465,
        "mission_priority": 0.6117,
        "estimated_landing_time": 1698.0,
        "wait_time": 0,
        "Landing_success_rate": 0.8785
    },
    {
        "model": 0,
        "sequence": 16,
        "status": 1,
        "fuel": 6656,
        "fault": 0.1617,
        "weapon": 0,
        "pilot_injury": 0.7231,
        "pilot_skill": 0.308,
        "mission_priority": 0.8883,
        "estimated_landing_time": 1510.0,
        "wait_time": 0,
        "Landing_success_rate": 0.9227
    },
    {
        "model": 0,
        "sequence": 12,
        "status": 1,
        "fuel": 5568,
        "fault": 0.125,
        "weapon": 0,
        "pilot_injury": 0.0388,
        "pilot_skill": 0.6044,
        "mission_priority": 0.6432,
        "estimated_landing_time": 1134.0,
        "wait_time": 0,
        "Landing_success_rate": 0.8545
    },
    {
        "model": 1,
        "sequence": 9,
        "status": 1,
        "fuel": 6514,
        "fault": 0.4162,
        "weapon": 0,
        "pilot_injury": 0.2912,
        "pilot_skill": 0.2166,
        "mission_priority": 0.4841,
        "estimated_landing_time": 852.0,
        "wait_time": 0,
        "Landing_success_rate": 0.8944
    },
    {
        "model": 2,
        "sequence": 20,
        "status": 1,
        "fuel": 5881,
        "fault": 0.1219,
        "weapon": 1,
        "pilot_injury": 0.4401,
        "pilot_skill": 0.4101,
        "mission_priority": 0.6259,
        "estimated_landing_time": 1886.0,
        "wait_time": 0,
        "Landing_success_rate": 0.8751
    },
    {
        "model": 2,
        "sequence": 4,
        "status": 1,
        "fuel": 7126,
        "fault": 0.8828,
        "weapon": 1,
        "pilot_injury": 0.7684,
        "pilot_skill": 0.474,
        "mission_priority": 0.9557,
        "estimated_landing_time": 382.0,
        "wait_time": 0,
        "Landing_success_rate": 0.8643
    },
    {
        "model": 1,
        "sequence": 13,
        "status": 1,
        "fuel": 5882,
        "fault": 0.1925,
        "weapon": 0,
        "pilot_injury": 0.9243,
        "pilot_skill": 0.6663,
        "mission_priority": 0.4318,
        "estimated_landing_time": 1228.0,
        "wait_time": 0,
        "Landing_success_rate": 0.8731
    },
    {
        "model": 2,
        "sequence": 1,
        "status": 1,
        "fuel": 7365,
        "fault": 0.9134,
        "weapon": 0,
        "pilot_injury": 0.9649,
        "pilot_skill": 0.4702,
        "mission_priority": 0.3398,
        "estimated_landing_time": 100.0,
        "wait_time": 0,
        "Landing_success_rate": 0.8621
    },
    {
        "model": 0,
        "sequence": 5,
        "status": 1,
        "fuel": 7440,
        "fault": 0.4558,
        "weapon": 1,
        "pilot_injury": 0.0007,
        "pilot_skill": 0.8872,
        "mission_priority": 0.8864,
        "estimated_landing_time": 476.0,
        "wait_time": 0,
        "Landing_success_rate": 0.9292
    },
    {
        "model": 0,
        "sequence": 14,
        "status": 1,
        "fuel": 5585,
        "fault": 0.8201,
        "weapon": 0,
        "pilot_injury": 0.6718,
        "pilot_skill": 0.1378,
        "mission_priority": 0.5075,
        "estimated_landing_time": 1322.0,
        "wait_time": 0,
        "Landing_success_rate": 0.8511
    },
    {
        "model": 0,
        "sequence": 10,
        "status": 1,
        "fuel": 6087,
        "fault": 0.112,
        "weapon": 1,
        "pilot_injury": 0.3181,
        "pilot_skill": 0.831,
        "mission_priority": 0.7999,
        "estimated_landing_time": 946.0,
        "wait_time": 0,
        "Landing_success_rate": 0.8891
    },
    {
        "model": 2,
        "sequence": 2,
        "status": 1,
        "fuel": 6498,
        "fault": 0.0335,
        "weapon": 0,
        "pilot_injury": 0.0618,
        "pilot_skill": 0.443,
        "mission_priority": 0.0834,
        "estimated_landing_time": 194.0,
        "wait_time": 0,
        "Landing_success_rate": 0.9223
    },
    {
        "model": 1,
        "sequence": 21,
        "status": 1,
        "fuel": 5571,
        "fault": 0.2048,
        "weapon": 0,
        "pilot_injury": 0.5921,
        "pilot_skill": 0.0433,
        "mission_priority": 0.4429,
        "estimated_landing_time": 1980.0,
        "wait_time": 0,
        "Landing_success_rate": 0.8542
    }
]