[
    {
        "model": 0,
        "sequence": 21,
        "status": 1,
        "fuel": 7215,
        "fault": 0.8975,
        "weapon": 1,
        "pilot_injury": 0.734,
        "pilot_skill": 0.8286,
        "mission_priority": 0.0623,
        "estimated_landing_time": 1980.0,
        "wait_time": 0,
        "Landing_success_rate": 0.8632
    },
    {
        "model": 2,
        "sequence": 24,
        "status": 1,
        "fuel": 5720,
        "fault": 0.4463,
        "weapon": 1,
        "pilot_injury": 0.0746,
        "pilot_skill": 0.4891,
        "mission_priority": 0.1582,
        "estimated_landing_time": 2262.0,
        "wait_time": 0,
        "Landing_success_rate": 0.8591
    },
    {
        "model": 2,
        "sequence": 23,
        "status": 1,
        "fuel": 7109,
        "fault": 0.5932,
        "weapon": 1,
        "pilot_injury": 0.8421,
        "pilot_skill": 0.3776,
        "mission_priority": 0.0133,
        "estimated_landing_time": 2168.0,
        "wait_time": 0,
        "Landing_success_rate": 0.8991
    },
    {
        "model": 0,
        "sequence": 18,
        "status": 1,
        "fuel": 7023,
        "fault": 0.5286,
        "weapon": 0,
        "pilot_injury": 0.694,
        "pilot_skill": 0.382,
        "mission_priority": 0.536,
        "estimated_landing_time": 1698.0,
        "wait_time": 0,
        "Landing_success_rate": 0.9038
    },
    {
        "model": 2,
        "sequence": 6,
        "status": 1,
        "fuel": 6364,
        "fault": 0.5814,
        "weapon": 0,
        "pilot_injury": 0.623,
        "pilot_skill": 0.4393,
        "mission_priority": 0.8079,
        "estimated_landing_time": 570.0,
        "wait_time": 0,
        "Landing_success_rate": 0.8771
    },
    {
        "model": 1,
        "sequence": 20,
        "status": 1,
        "fuel": 6879,
        "fault": 0.2864,
        "weapon": 0,
        "pilot_injury": 0.4888,
        "pilot_skill": 0.7025,
        "mission_priority": 0.087,
        "estimated_landing_time": 1886.0,
        "wait_time": 0,
        "Landing_success_rate": 0.9238
    },
    {
        "model": 2,
        "sequence": 15,
        "status": 1,
        "fuel": 7033,
        "fault": 0.1565,
        "weapon": 1,
        "pilot_injury": 0.5031,
        "pilot_skill": 0.9406,
        "mission_priority": 0.5713,
        "estimated_landing_time": 1416.0,
        "wait_time": 0,
        "Landing_success_rate": 0.947
    },
    {
        "model": 0,
        "sequence": 8,
        "status": 1,
        "fuel": 6834,
        "fault": 0.056,
        "weapon": 0,
        "pilot_injury": 0.1334,
        "pilot_skill": 0.5787,
        "mission_priority": 0.4938,
        "estimated_landing_time": 758.0,
        "wait_time": 0,
        "Landing_success_rate": 0.9444
    },
    {
        "model": 2,
        "sequence": 11,
        "status": 1,
        "fuel": 5663,
        "fault": 0.3354,
        "weapon": 1,
        "pilot_injury": 0.3325,
        "pilot_skill": 0.5372,
        "mission_priority": 0.5687,
        "estimated_landing_time": 1040.0,
        "wait_time": 0,
        "Landing_success_rate": 0.8581
    },
    {
        "model": 2,
        "sequence": 4,
        "status": 1,
        "fuel": 6278,
        "fault": 0.9062,
        "weapon": 1,
        "pilot_injury": 0.3371,
        "pilot_skill": 0.9088,
        "mission_priority": 0.4508,
        "estimated_landing_time": 382.0,
        "wait_time": 0,
        "Landing_success_rate": 0.8555
    },
    {
        "model": 0,
        "sequence": 5,
        "status": 1,
        "fuel": 6725,
        "fault": 0.3394,
        "weapon": 0,
        "pilot_injury": 0.0677,
        "pilot_skill": 0.7813,
        "mission_priority": 0.5125,
        "estimated_landing_time": 476.0,
        "wait_time": 0,
        "Landing_success_rate": 0.9107
    },
    {
        "model": 2,
        "sequence": 9,
        "status": 1,
        "fuel": 7417,
        "fault": 0.2231,
        "weapon": 1,
        "pilot_injury": 0.8741,
        "pilot_skill": 0.3922,
        "mission_priority": 0.8114,
        "estimated_landing_time": 852.0,
        "wait_time": 0,
        "Landing_success_rate": 0.9617
    },
    {
        "model": 0,
        "sequence": 13,
        "status": 1,
        "fuel": 6153,
        "fault": 0.0454,
        "weapon": 1,
        "pilot_injury": 0.1027,
        "pilot_skill": 0.02,
        "mission_priority": 0.0958,
        "estimated_landing_time": 1228.0,
        "wait_time": 0,
        "Landing_success_rate": 0.8968
    },
    {
        "model": 0,
        "sequence": 16,
        "status": 1,
        "fuel": 6773,
        "fault": 0.7094,
        "weapon": 1,
        "pilot_injury": 0.6305,
        "pilot_skill": 0.3165,
        "mission_priority": 0.7364,
        "estimated_landing_time": 1510.0,
        "wait_time": 0,
        "Landing_success_rate": 0.8777
    },
    {
        "model": 0,
        "sequence": 22,
        "status": 1,
        "fuel": 5541,
        "fault": 0.2709,
        "weapon": 1,
        "pilot_injury": 0.408,
        "pilot_skill": 0.3827,
        "mission_priority": 0.131,
        "estimated_landing_time": 2074.0,
        "wait_time": 0,
        "Landing_success_rate": 0.8522
    },
    {
        "model": 0,
        "sequence": 7,
        "status": 1,
        "fuel": 5521,
        "fault": 0.4401,
        "weapon": 0,
        "pilot_injury": 0.721,
        "pilot_skill": 0.22,
        "mission_priority": 0.8779,
        "estimated_landing_time": 664.0,
        "wait_time": 0,
        "Landing_success_rate": 0.8509
    },
    {
        "model": 1,
        "sequence": 1,
        "status": 1,
        "fuel": 5739,
        "fault": 0.4014,
        "weapon": 1,
        "pilot_injury": 0.3418,
        "pilot_skill": 0.0086,
        "mission_priority": 0.517,
        "estimated_landing_time": 100.0,
        "wait_time": 0,
        "Landing_success_rate": 0.8607
    },
    {
        "model": 1,
        "sequence": 12,
        "status": 1,
        "fuel": 5656,
        "fault": 0.472,
        "weapon": 0,
        "pilot_injury": 0.235,
        "pilot_skill": 0.7835,
        "mission_priority": 0.0368,
        "estimated_landing_time": 1134.0,
        "wait_time": 0,
        "Landing_success_rate": 0.8562
    },
    {
        "model": 0,
        "sequence": 19,
        "status": 1,
        "fuel": 7279,
        "fault": 0.6825,
        "weapon": 0,
        "pilot_injury": 0.6887,
        "pilot_skill": 0.0375,
        "mission_priority": 0.5856,
        "estimated_landing_time": 1792.0,
        "wait_time": 0,
        "Landing_success_rate": 0.8924
    },
    {
        "model": 2,
        "sequence": 14,
        "status": 1,
        "fuel": 5607,
        "fault": 0.4308,
        "weapon": 0,
        "pilot_injury": 0.4997,
        "pilot_skill": 0.9113,
        "mission_priority": 0.1266,
        "estimated_landing_time": 1322.0,
        "wait_time": 0,
        "Landing_success_rate": 0.8546
    },
    {
        "model": 1,
        "sequence": 3,
        "status": 1,
        "fuel": 5595,
        "fault": 0.2699,
        "weapon": 1,
        "pilot_injury": 0.3749,
        "pilot_skill": 0.6234,
        "mission_priority": 0.9975,
        "estimated_landing_time": 288.0,
        "wait_time": 0,
        "Landing_success_rate": 0.8552
    },
    {
        "model": 0,
        "sequence": 10,
        "status": 1,
        "fuel": 7323,
        "fault": 0.2138,
        "weapon": 0,
        "pilot_injury": 0.5039,
        "pilot_skill": 0.9047,
        "mission_priority": 0.0922,
        "estimated_landing_time": 946.0,
        "wait_time": 0,
        "Landing_success_rate": 0.9575
    },
    {
        "model": 1,
        "sequence": 17,
        "status": 1,
        "fuel": 5591,
        "fault": 0.3385,
        "weapon": 1,
        "pilot_injury": 0.2949,
        "pilot_skill": 0.9942,
        "mission_priority": 0.7335,
        "estimated_landing_time": 1604.0,
        "wait_time": 0,
        "Landing_success_rate": 0.8545
    },
    {
        "model": 0,
        "sequence": 2,
        "status": 1,
        "fuel": 6598,
        "fault": 0.0858,
        "weapon": 0,
        "pilot_injury": 0.4897,
        "pilot_skill": 0.8728,
        "mission_priority": 0.2664,
        "estimated_landing_time": 194.0,
        "wait_time": 0,
        "Landing_success_rate": 0.9253
    }
]