[
    {
        "model": 2,
        "sequence": 7,
        "status": 1,
        "fuel": 7451,
        "fault": 0.3709,
        "weapon": 1,
        "pilot_injury": 0.9692,
        "pilot_skill": 0.0323,
        "mission_priority": 0.3353,
        "estimated_landing_time": 664.0,
        "wait_time": 0,
        "Landing_success_rate": 0.9421
    },
    {
        "model": 1,
        "sequence": 21,
        "status": 1,
        "fuel": 6504,
        "fault": 0.1292,
        "weapon": 0,
        "pilot_injury": 0.8991,
        "pilot_skill": 0.2862,
        "mission_priority": 0.2577,
        "estimated_landing_time": 1980.0,
        "wait_time": 0,
        "Landing_success_rate": 0.9156
    },
    {
        "model": 2,
        "sequence": 18,
        "status": 1,
        "fuel": 6983,
        "fault": 0.1593,
        "weapon": 0,
        "pilot_injury": 0.6576,
        "pilot_skill": 0.8215,
        "mission_priority": 0.7925,
        "estimated_landing_time": 1698.0,
        "wait_time": 0,
        "Landing_success_rate": 0.9435
    },
    {
        "model": 1,
        "sequence": 14,
        "status": 1,
        "fuel": 6648,
        "fault": 0.3852,
        "weapon": 1,
        "pilot_injury": 0.0798,
        "pilot_skill": 0.3068,
        "mission_priority": 0.0359,
        "estimated_landing_time": 1322.0,
        "wait_time": 0,
        "Landing_success_rate": 0.9029
    },
    {
        "model": 0,
        "sequence": 22,
        "status": 1,
        "fuel": 5964,
        "fault": 0.2593,
        "weapon": 1,
        "pilot_injury": 0.557,
        "pilot_skill": 0.2988,
        "mission_priority": 0.4858,
        "estimated_landing_time": 2074.0,
        "wait_time": 0,
        "Landing_success_rate": 0.8758
    },
    {
        "model": 2,
        "sequence": 16,
        "status": 1,
        "fuel": 6818,
        "fault": 0.9335,
        "weapon": 1,
        "pilot_injury": 0.6494,
        "pilot_skill": 0.6734,
        "mission_priority": 0.8292,
        "estimated_landing_time": 1510.0,
        "wait_time": 0,
        "Landing_success_rate": 0.8566
    },
    {
        "model": 2,
        "sequence": 10,
        "status": 1,
        "fuel": 6421,
        "fault": 0.8988,
        "weapon": 0,
        "pilot_injury": 0.6875,
        "pilot_skill": 0.0567,
        "mission_priority": 0.1098,
        "estimated_landing_time": 946.0,
        "wait_time": 0,
        "Landing_success_rate": 0.857
    },
    {
        "model": 1,
        "sequence": 19,
        "status": 1,
        "fuel": 6546,
        "fault": 0.8462,
        "weapon": 1,
        "pilot_injury": 0.3556,
        "pilot_skill": 0.1453,
        "mission_priority": 0.1952,
        "estimated_landing_time": 1792.0,
        "wait_time": 0,
        "Landing_success_rate": 0.8621
    },
    {
        "model": 1,
        "sequence": 11,
        "status": 1,
        "fuel": 7151,
        "fault": 0.5834,
        "weapon": 1,
        "pilot_injury": 0.449,
        "pilot_skill": 0.1517,
        "mission_priority": 0.6779,
        "estimated_landing_time": 1040.0,
        "wait_time": 0,
        "Landing_success_rate": 0.9016
    },
    {
        "model": 1,
        "sequence": 9,
        "status": 1,
        "fuel": 6173,
        "fault": 0.0866,
        "weapon": 0,
        "pilot_injury": 0.7847,
        "pilot_skill": 0.2399,
        "mission_priority": 0.6919,
        "estimated_landing_time": 852.0,
        "wait_time": 0,
        "Landing_success_rate": 0.8961
    },
    {
        "model": 0,
        "sequence": 1,
        "status": 1,
        "fuel": 6878,
        "fault": 0.6387,
        "weapon": 0,
        "pilot_injury": 0.2323,
        "pilot_skill": 0.0937,
        "mission_priority": 0.263,
        "estimated_landing_time": 100.0,
        "wait_time": 0,
        "Landing_success_rate": 0.8873
    },
    {
        "model": 1,
        "sequence": 20,
        "status": 1,
        "fuel": 6915,
        "fault": 0.8823,
        "weapon": 0,
        "pilot_injury": 0.3341,
        "pilot_skill": 0.414,
        "mission_priority": 0.9037,
        "estimated_landing_time": 1886.0,
        "wait_time": 0,
        "Landing_success_rate": 0.8625
    },
    {
        "model": 1,
        "sequence": 24,
        "status": 1,
        "fuel": 5509,
        "fault": 0.4117,
        "weapon": 1,
        "pilot_injury": 0.8102,
        "pilot_skill": 0.8815,
        "mission_priority": 0.9294,
        "estimated_landing_time": 2262.0,
        "wait_time": 0,
        "Landing_success_rate": 0.8504
    },
    {
        "model": 0,
        "sequence": 8,
        "status": 1,
        "fuel": 6093,
        "fault": 0.1163,
        "weapon": 0,
        "pilot_injury": 0.4378,
        "pilot_skill": 0.5105,
        "mission_priority": 0.9325,
        "estimated_landing_time": 758.0,
        "wait_time": 0,
        "Landing_success_rate": 0.8893
    },
    {
        "model": 1,
        "sequence": 12,
        "status": 1,
        "fuel": 5793,
        "fault": 0.0512,
        "weapon": 1,
        "pilot_injury": 0.7628,
        "pilot_skill": 0.5732,
        "mission_priority": 0.8149,
        "estimated_landing_time": 1134.0,
        "wait_time": 0,
        "Landing_success_rate": 0.8708
    },
    {
        "model": 0,
        "sequence": 5,
        "status": 1,
        "fuel": 6512,
        "fault": 0.352,
        "weapon": 0,
        "pilot_injury": 0.2477,
        "pilot_skill": 0.9033,
        "mission_priority": 0.1099,
        "estimated_landing_time": 476.0,
        "wait_time": 0,
        "Landing_success_rate": 0.8992
    },
    {
        "model": 0,
        "sequence": 15,
        "status": 1,
        "fuel": 6344,
        "fault": 0.3318,
        "weapon": 0,
        "pilot_injury": 0.0251,
        "pilot_skill": 0.2351,
        "mission_priority": 0.333,
        "estimated_landing_time": 1416.0,
        "wait_time": 0,
        "Landing_success_rate": 0.8923
    },
    {
        "model": 1,
        "sequence": 13,
        "status": 1,
        "fuel": 5646,
        "fault": 0.2792,
        "weapon": 1,
        "pilot_injury": 0.4373,
        "pilot_skill": 0.2043,
        "mission_priority": 0.8553,
        "estimated_landing_time": 1228.0,
        "wait_time": 0,
        "Landing_success_rate": 0.8579
    },
    {
        "model": 0,
        "sequence": 2,
        "status": 1,
        "fuel": 6736,
        "fault": 0.5333,
        "weapon": 1,
        "pilot_injury": 0.6314,
        "pilot_skill": 0.9131,
        "mission_priority": 0.868,
        "estimated_landing_time": 194.0,
        "wait_time": 0,
        "Landing_success_rate": 0.8933
    },
    {
        "model": 1,
        "sequence": 6,
        "status": 1,
        "fuel": 6934,
        "fault": 0.299,
        "weapon": 1,
        "pilot_injury": 0.8409,
        "pilot_skill": 0.7799,
        "mission_priority": 0.9024,
        "estimated_landing_time": 570.0,
        "wait_time": 0,
        "Landing_success_rate": 0.9254
    },
    {
        "model": 0,
        "sequence": 17,
        "status": 1,
        "fuel": 7118,
        "fault": 0.6901,
        "weapon": 1,
        "pilot_injury": 0.4026,
        "pilot_skill": 0.6341,
        "mission_priority": 0.4242,
        "estimated_landing_time": 1604.0,
        "wait_time": 0,
        "Landing_success_rate": 0.8876
    },
    {
        "model": 2,
        "sequence": 4,
        "status": 1,
        "fuel": 7049,
        "fault": 0.7266,
        "weapon": 1,
        "pilot_injury": 0.3559,
        "pilot_skill": 0.7927,
        "mission_priority": 0.6336,
        "estimated_landing_time": 382.0,
        "wait_time": 0,
        "Landing_success_rate": 0.8818
    },
    {
        "model": 1,
        "sequence": 3,
        "status": 1,
        "fuel": 6882,
        "fault": 0.1887,
        "weapon": 0,
        "pilot_injury": 0.9696,
        "pilot_skill": 0.6602,
        "mission_priority": 0.1972,
        "estimated_landing_time": 288.0,
        "wait_time": 0,
        "Landing_success_rate": 0.9341
    },
    {
        "model": 2,
        "sequence": 23,
        "status": 1,
        "fuel": 5726,
        "fault": 0.3648,
        "weapon": 0,
        "pilot_injury": 0.0634,
        "pilot_skill": 0.5276,
        "mission_priority": 0.5535,
        "estimated_landing_time": 2168.0,
        "wait_time": 0,
        "Landing_success_rate": 0.8608
    }
]