[
    {
        "model": 2,
        "sequence": 23,
        "status": 1,
        "fuel": 7296,
        "fault": 0.8221,
        "weapon": 1,
        "pilot_injury": 0.4859,
        "pilot_skill": 0.8166,
        "mission_priority": 0.5725,
        "estimated_landing_time": 2168.0,
        "wait_time": 0,
        "Landing_success_rate": 0.874
    },
    {
        "model": 0,
        "sequence": 9,
        "status": 1,
        "fuel": 6656,
        "fault": 0.1461,
        "weapon": 1,
        "pilot_injury": 0.8641,
        "pilot_skill": 0.527,
        "mission_priority": 0.7058,
        "estimated_landing_time": 852.0,
        "wait_time": 0,
        "Landing_success_rate": 0.924
    },
    {
        "model": 2,
        "sequence": 16,
        "status": 1,
        "fuel": 7193,
        "fault": 0.6729,
        "weapon": 1,
        "pilot_injury": 0.9771,
        "pilot_skill": 0.3297,
        "mission_priority": 0.6748,
        "estimated_landing_time": 1510.0,
        "wait_time": 0,
        "Landing_success_rate": 0.8915
    },
    {
        "model": 1,
        "sequence": 1,
        "status": 1,
        "fuel": 6249,
        "fault": 0.9541,
        "weapon": 1,
        "pilot_injury": 0.7836,
        "pilot_skill": 0.8441,
        "mission_priority": 0.6683,
        "estimated_landing_time": 100.0,
        "wait_time": 0,
        "Landing_success_rate": 0.8526
    },
    {
        "model": 1,
        "sequence": 11,
        "status": 1,
        "fuel": 6958,
        "fault": 0.8943,
        "weapon": 0,
        "pilot_injury": 0.9112,
        "pilot_skill": 0.2887,
        "mission_priority": 0.8189,
        "estimated_landing_time": 1040.0,
        "wait_time": 0,
        "Landing_success_rate": 0.8616
    },
    {
        "model": 0,
        "sequence": 21,
        "status": 1,
        "fuel": 7478,
        "fault": 0.268,
        "weapon": 1,
        "pilot_injury": 0.9145,
        "pilot_skill": 0.0433,
        "mission_priority": 0.7704,
        "estimated_landing_time": 1980.0,
        "wait_time": 0,
        "Landing_success_rate": 0.9586
    },
    {
        "model": 0,
        "sequence": 7,
        "status": 1,
        "fuel": 5640,
        "fault": 0.4415,
        "weapon": 1,
        "pilot_injury": 0.4598,
        "pilot_skill": 0.5763,
        "mission_priority": 0.3258,
        "estimated_landing_time": 664.0,
        "wait_time": 0,
        "Landing_success_rate": 0.8559
    },
    {
        "model": 1,
        "sequence": 3,
        "status": 1,
        "fuel": 6297,
        "fault": 0.0537,
        "weapon": 0,
        "pilot_injury": 0.0223,
        "pilot_skill": 0.5712,
        "mission_priority": 0.5174,
        "estimated_landing_time": 288.0,
        "wait_time": 0,
        "Landing_success_rate": 0.9066
    },
    {
        "model": 1,
        "sequence": 5,
        "status": 1,
        "fuel": 5904,
        "fault": 0.1645,
        "weapon": 0,
        "pilot_injury": 0.8975,
        "pilot_skill": 0.4595,
        "mission_priority": 0.0084,
        "estimated_landing_time": 476.0,
        "wait_time": 0,
        "Landing_success_rate": 0.8753
    },
    {
        "model": 0,
        "sequence": 4,
        "status": 1,
        "fuel": 6611,
        "fault": 0.081,
        "weapon": 0,
        "pilot_injury": 0.5215,
        "pilot_skill": 0.6893,
        "mission_priority": 0.3236,
        "estimated_landing_time": 382.0,
        "wait_time": 0,
        "Landing_success_rate": 0.9266
    },
    {
        "model": 0,
        "sequence": 24,
        "status": 1,
        "fuel": 6801,
        "fault": 0.3618,
        "weapon": 0,
        "pilot_injury": 0.2452,
        "pilot_skill": 0.4563,
        "mission_priority": 0.4916,
        "estimated_landing_time": 2262.0,
        "wait_time": 0,
        "Landing_success_rate": 0.9123
    },
    {
        "model": 1,
        "sequence": 15,
        "status": 1,
        "fuel": 5838,
        "fault": 0.5984,
        "weapon": 1,
        "pilot_injury": 0.8932,
        "pilot_skill": 0.9109,
        "mission_priority": 0.3546,
        "estimated_landing_time": 1416.0,
        "wait_time": 0,
        "Landing_success_rate": 0.8602
    },
    {
        "model": 1,
        "sequence": 14,
        "status": 1,
        "fuel": 6229,
        "fault": 0.1913,
        "weapon": 1,
        "pilot_injury": 0.0555,
        "pilot_skill": 0.0398,
        "mission_priority": 0.5166,
        "estimated_landing_time": 1322.0,
        "wait_time": 0,
        "Landing_success_rate": 0.8942
    },
    {
        "model": 2,
        "sequence": 19,
        "status": 1,
        "fuel": 7258,
        "fault": 0.38,
        "weapon": 1,
        "pilot_injury": 0.7243,
        "pilot_skill": 0.0691,
        "mission_priority": 0.8824,
        "estimated_landing_time": 1792.0,
        "wait_time": 0,
        "Landing_success_rate": 0.9317
    },
    {
        "model": 2,
        "sequence": 12,
        "status": 1,
        "fuel": 5759,
        "fault": 0.2188,
        "weapon": 1,
        "pilot_injury": 0.337,
        "pilot_skill": 0.8398,
        "mission_priority": 0.1707,
        "estimated_landing_time": 1134.0,
        "wait_time": 0,
        "Landing_success_rate": 0.8652
    },
    {
        "model": 1,
        "sequence": 6,
        "status": 1,
        "fuel": 5697,
        "fault": 0.2162,
        "weapon": 0,
        "pilot_injury": 0.9806,
        "pilot_skill": 0.2577,
        "mission_priority": 0.0094,
        "estimated_landing_time": 570.0,
        "wait_time": 0,
        "Landing_success_rate": 0.8616
    },
    {
        "model": 0,
        "sequence": 22,
        "status": 1,
        "fuel": 6183,
        "fault": 0.9327,
        "weapon": 0,
        "pilot_injury": 0.9404,
        "pilot_skill": 0.2985,
        "mission_priority": 0.1895,
        "estimated_landing_time": 2074.0,
        "wait_time": 0,
        "Landing_success_rate": 0.8534
    },
    {
        "model": 2,
        "sequence": 2,
        "status": 1,
        "fuel": 6475,
        "fault": 0.2182,
        "weapon": 1,
        "pilot_injury": 0.7177,
        "pilot_skill": 0.8851,
        "mission_priority": 0.5597,
        "estimated_landing_time": 194.0,
        "wait_time": 0,
        "Landing_success_rate": 0.9072
    },
    {
        "model": 2,
        "sequence": 13,
        "status": 1,
        "fuel": 6792,
        "fault": 0.3985,
        "weapon": 1,
        "pilot_injury": 0.3741,
        "pilot_skill": 0.4527,
        "mission_priority": 0.9595,
        "estimated_landing_time": 1228.0,
        "wait_time": 0,
        "Landing_success_rate": 0.9083
    },
    {
        "model": 1,
        "sequence": 10,
        "status": 1,
        "fuel": 6157,
        "fault": 0.7807,
        "weapon": 0,
        "pilot_injury": 0.4432,
        "pilot_skill": 0.2284,
        "mission_priority": 0.1355,
        "estimated_landing_time": 946.0,
        "wait_time": 0,
        "Landing_success_rate": 0.8608
    },
    {
        "model": 0,
        "sequence": 18,
        "status": 1,
        "fuel": 5912,
        "fault": 0.3617,
        "weapon": 1,
        "pilot_injury": 0.4978,
        "pilot_skill": 0.4232,
        "mission_priority": 0.3222,
        "estimated_landing_time": 1698.0,
        "wait_time": 0,
        "Landing_success_rate": 0.8697
    },
    {
        "model": 0,
        "sequence": 17,
        "status": 1,
        "fuel": 6828,
        "fault": 0.3982,
        "weapon": 0,
        "pilot_injury": 0.8384,
        "pilot_skill": 0.7837,
        "mission_priority": 0.9723,
        "estimated_landing_time": 1604.0,
        "wait_time": 0,
        "Landing_success_rate": 0.9099
    },
    {
        "model": 1,
        "sequence": 8,
        "status": 1,
        "fuel": 6437,
        "fault": 0.2057,
        "weapon": 1,
        "pilot_injury": 0.296,
        "pilot_skill": 0.0769,
        "mission_priority": 0.618,
        "estimated_landing_time": 758.0,
        "wait_time": 0,
        "Landing_success_rate": 0.9058
    },
    {
        "model": 0,
        "sequence": 20,
        "status": 1,
        "fuel": 6165,
        "fault": 0.2622,
        "weapon": 0,
        "pilot_injury": 0.4119,
        "pilot_skill": 0.9856,
        "mission_priority": 0.3976,
        "estimated_landing_time": 1886.0,
        "wait_time": 0,
        "Landing_success_rate": 0.8868
    }
]