[
    {
        "model": 0,
        "sequence": 11,
        "status": 1,
        "fuel": 5549,
        "fault": 0.0162,
        "weapon": 1,
        "pilot_injury": 0.8963,
        "pilot_skill": 0.6719,
        "mission_priority": 0.6737,
        "estimated_landing_time": 1040.0,
        "wait_time": 0,
        "Landing_success_rate": 0.8536
    },
    {
        "model": 0,
        "sequence": 3,
        "status": 1,
        "fuel": 5987,
        "fault": 0.6078,
        "weapon": 0,
        "pilot_injury": 0.7593,
        "pilot_skill": 0.8661,
        "mission_priority": 0.0079,
        "estimated_landing_time": 288.0,
        "wait_time": 0,
        "Landing_success_rate": 0.8643
    },
    {
        "model": 1,
        "sequence": 21,
        "status": 1,
        "fuel": 7249,
        "fault": 0.8979,
        "weapon": 1,
        "pilot_injury": 0.9121,
        "pilot_skill": 0.2662,
        "mission_priority": 0.4552,
        "estimated_landing_time": 1980.0,
        "wait_time": 0,
        "Landing_success_rate": 0.8634
    },
    {
        "model": 0,
        "sequence": 16,
        "status": 1,
        "fuel": 6279,
        "fault": 0.1122,
        "weapon": 1,
        "pilot_injury": 0.7453,
        "pilot_skill": 0.3924,
        "mission_priority": 0.0241,
        "estimated_landing_time": 1510.0,
        "wait_time": 0,
        "Landing_success_rate": 0.9019
    },
    {
        "model": 1,
        "sequence": 18,
        "status": 1,
        "fuel": 7113,
        "fault": 0.5444,
        "weapon": 1,
        "pilot_injury": 0.7741,
        "pilot_skill": 0.3843,
        "mission_priority": 0.8106,
        "estimated_landing_time": 1698.0,
        "wait_time": 0,
        "Landing_success_rate": 0.9051
    },
    {
        "model": 2,
        "sequence": 19,
        "status": 1,
        "fuel": 6405,
        "fault": 0.0268,
        "weapon": 1,
        "pilot_injury": 0.9392,
        "pilot_skill": 0.0989,
        "mission_priority": 0.7986,
        "estimated_landing_time": 1792.0,
        "wait_time": 0,
        "Landing_success_rate": 0.9161
    },
    {
        "model": 1,
        "sequence": 10,
        "status": 1,
        "fuel": 6920,
        "fault": 0.4719,
        "weapon": 0,
        "pilot_injury": 0.546,
        "pilot_skill": 0.6446,
        "mission_priority": 0.7363,
        "estimated_landing_time": 946.0,
        "wait_time": 0,
        "Landing_success_rate": 0.9062
    },
    {
        "model": 0,
        "sequence": 14,
        "status": 1,
        "fuel": 6867,
        "fault": 0.6943,
        "weapon": 1,
        "pilot_injury": 0.1021,
        "pilot_skill": 0.2939,
        "mission_priority": 0.1542,
        "estimated_landing_time": 1322.0,
        "wait_time": 0,
        "Landing_success_rate": 0.8813
    },
    {
        "model": 2,
        "sequence": 22,
        "status": 1,
        "fuel": 7117,
        "fault": 0.9471,
        "weapon": 0,
        "pilot_injury": 0.8931,
        "pilot_skill": 0.7174,
        "mission_priority": 0.2058,
        "estimated_landing_time": 2074.0,
        "wait_time": 0,
        "Landing_success_rate": 0.8564
    },
    {
        "model": 1,
        "sequence": 15,
        "status": 1,
        "fuel": 6513,
        "fault": 0.44,
        "weapon": 1,
        "pilot_injury": 0.8458,
        "pilot_skill": 0.701,
        "mission_priority": 0.6438,
        "estimated_landing_time": 1416.0,
        "wait_time": 0,
        "Landing_success_rate": 0.8925
    },
    {
        "model": 0,
        "sequence": 8,
        "status": 1,
        "fuel": 6737,
        "fault": 0.0467,
        "weapon": 0,
        "pilot_injury": 0.725,
        "pilot_skill": 0.1934,
        "mission_priority": 0.4765,
        "estimated_landing_time": 758.0,
        "wait_time": 0,
        "Landing_success_rate": 0.9384
    },
    {
        "model": 2,
        "sequence": 13,
        "status": 1,
        "fuel": 5629,
        "fault": 0.6217,
        "weapon": 0,
        "pilot_injury": 0.5735,
        "pilot_skill": 0.5354,
        "mission_priority": 0.4695,
        "estimated_landing_time": 1228.0,
        "wait_time": 0,
        "Landing_success_rate": 0.8537
    },
    {
        "model": 2,
        "sequence": 9,
        "status": 1,
        "fuel": 6005,
        "fault": 0.4811,
        "weapon": 1,
        "pilot_injury": 0.6225,
        "pilot_skill": 0.7526,
        "mission_priority": 0.1921,
        "estimated_landing_time": 852.0,
        "wait_time": 0,
        "Landing_success_rate": 0.8697
    },
    {
        "model": 1,
        "sequence": 23,
        "status": 1,
        "fuel": 6833,
        "fault": 0.2327,
        "weapon": 1,
        "pilot_injury": 0.0315,
        "pilot_skill": 0.3225,
        "mission_priority": 0.4666,
        "estimated_landing_time": 2168.0,
        "wait_time": 0,
        "Landing_success_rate": 0.9267
    },
    {
        "model": 0,
        "sequence": 4,
        "status": 1,
        "fuel": 7440,
        "fault": 0.499,
        "weapon": 1,
        "pilot_injury": 0.7718,
        "pilot_skill": 0.3,
        "mission_priority": 0.7435,
        "estimated_landing_time": 382.0,
        "wait_time": 0,
        "Landing_success_rate": 0.9229
    },
    {
        "model": 1,
        "sequence": 2,
        "status": 1,
        "fuel": 6739,
        "fault": 0.9401,
        "weapon": 0,
        "pilot_injury": 0.411,
        "pilot_skill": 0.0919,
        "mission_priority": 0.6185,
        "estimated_landing_time": 194.0,
        "wait_time": 0,
        "Landing_success_rate": 0.8556
    },
    {
        "model": 2,
        "sequence": 20,
        "status": 1,
        "fuel": 6387,
        "fault": 0.8003,
        "weapon": 0,
        "pilot_injury": 0.1621,
        "pilot_skill": 0.6561,
        "mission_priority": 0.4741,
        "estimated_landing_time": 1886.0,
        "wait_time": 0,
        "Landing_success_rate": 0.8633
    },
    {
        "model": 2,
        "sequence": 24,
        "status": 1,
        "fuel": 6630,
        "fault": 0.7946,
        "weapon": 0,
        "pilot_injury": 0.4774,
        "pilot_skill": 0.3956,
        "mission_priority": 0.4862,
        "estimated_landing_time": 2262.0,
        "wait_time": 0,
        "Landing_success_rate": 0.8674
    },
    {
        "model": 0,
        "sequence": 7,
        "status": 1,
        "fuel": 6531,
        "fault": 0.0468,
        "weapon": 1,
        "pilot_injury": 0.2903,
        "pilot_skill": 0.1729,
        "mission_priority": 0.42,
        "estimated_landing_time": 664.0,
        "wait_time": 0,
        "Landing_success_rate": 0.9237
    },
    {
        "model": 2,
        "sequence": 5,
        "status": 1,
        "fuel": 7312,
        "fault": 0.5515,
        "weapon": 0,
        "pilot_injury": 0.266,
        "pilot_skill": 0.7675,
        "mission_priority": 0.0985,
        "estimated_landing_time": 476.0,
        "wait_time": 0,
        "Landing_success_rate": 0.911
    },
    {
        "model": 0,
        "sequence": 6,
        "status": 1,
        "fuel": 7324,
        "fault": 0.1124,
        "weapon": 0,
        "pilot_injury": 0.2068,
        "pilot_skill": 0.826,
        "mission_priority": 0.6154,
        "estimated_landing_time": 570.0,
        "wait_time": 0,
        "Landing_success_rate": 0.9714
    },
    {
        "model": 1,
        "sequence": 17,
        "status": 1,
        "fuel": 6793,
        "fault": 0.5692,
        "weapon": 0,
        "pilot_injury": 0.9096,
        "pilot_skill": 0.6939,
        "mission_priority": 0.3818,
        "estimated_landing_time": 1604.0,
        "wait_time": 0,
        "Landing_success_rate": 0.8918
    },
    {
        "model": 2,
        "sequence": 1,
        "status": 1,
        "fuel": 7167,
        "fault": 0.1458,
        "weapon": 0,
        "pilot_injury": 0.1654,
        "pilot_skill": 0.9927,
        "mission_priority": 0.4068,
        "estimated_landing_time": 100.0,
        "wait_time": 0,
        "Landing_success_rate": 0.9568
    },
    {
        "model": 2,
        "sequence": 12,
        "status": 1,
        "fuel": 6971,
        "fault": 0.8278,
        "weapon": 1,
        "pilot_injury": 0.4254,
        "pilot_skill": 0.9605,
        "mission_priority": 0.0911,
        "estimated_landing_time": 1134.0,
        "wait_time": 0,
        "Landing_success_rate": 0.869
    }
]