[
    {
        "model": 2,
        "sequence": 4,
        "status": 1,
        "fuel": 6821,
        "fault": 0.8159,
        "weapon": 1,
        "pilot_injury": 0.5475,
        "pilot_skill": 0.181,
        "mission_priority": 0.7675,
        "estimated_landing_time": 382.0,
        "wait_time": 0,
        "Landing_success_rate": 0.8682
    },
    {
        "model": 0,
        "sequence": 18,
        "status": 1,
        "fuel": 6198,
        "fault": 0.6228,
        "weapon": 0,
        "pilot_injury": 0.4349,
        "pilot_skill": 0.4215,
        "mission_priority": 0.2853,
        "estimated_landing_time": 1698.0,
        "wait_time": 0,
        "Landing_success_rate": 0.8697
    },
    {
        "model": 0,
        "sequence": 14,
        "status": 1,
        "fuel": 5714,
        "fault": 0.5091,
        "weapon": 0,
        "pilot_injury": 0.0641,
        "pilot_skill": 0.8388,
        "mission_priority": 0.1871,
        "estimated_landing_time": 1322.0,
        "wait_time": 0,
        "Landing_success_rate": 0.8579
    },
    {
        "model": 2,
        "sequence": 1,
        "status": 1,
        "fuel": 7189,
        "fault": 0.2932,
        "weapon": 1,
        "pilot_injury": 0.6164,
        "pilot_skill": 0.0778,
        "mission_priority": 0.3447,
        "estimated_landing_time": 100.0,
        "wait_time": 0,
        "Landing_success_rate": 0.9395
    },
    {
        "model": 1,
        "sequence": 23,
        "status": 1,
        "fuel": 5938,
        "fault": 0.2088,
        "weapon": 1,
        "pilot_injury": 0.9046,
        "pilot_skill": 0.5751,
        "mission_priority": 0.9286,
        "estimated_landing_time": 2168.0,
        "wait_time": 0,
        "Landing_success_rate": 0.876
    },
    {
        "model": 0,
        "sequence": 11,
        "status": 1,
        "fuel": 6173,
        "fault": 0.2295,
        "weapon": 1,
        "pilot_injury": 0.5652,
        "pilot_skill": 0.8349,
        "mission_priority": 0.2215,
        "estimated_landing_time": 1040.0,
        "wait_time": 0,
        "Landing_success_rate": 0.8889
    },
    {
        "model": 2,
        "sequence": 20,
        "status": 1,
        "fuel": 5859,
        "fault": 0.7705,
        "weapon": 0,
        "pilot_injury": 0.7255,
        "pilot_skill": 0.0799,
        "mission_priority": 0.7662,
        "estimated_landing_time": 1886.0,
        "wait_time": 0,
        "Landing_success_rate": 0.8562
    },
    {
        "model": 2,
        "sequence": 10,
        "status": 1,
        "fuel": 6273,
        "fault": 0.224,
        "weapon": 0,
        "pilot_injury": 0.5092,
        "pilot_skill": 0.2746,
        "mission_priority": 0.9528,
        "estimated_landing_time": 946.0,
        "wait_time": 0,
        "Landing_success_rate": 0.895
    },
    {
        "model": 2,
        "sequence": 13,
        "status": 1,
        "fuel": 5770,
        "fault": 0.7991,
        "weapon": 1,
        "pilot_injury": 0.3645,
        "pilot_skill": 0.6492,
        "mission_priority": 0.6116,
        "estimated_landing_time": 1228.0,
        "wait_time": 0,
        "Landing_success_rate": 0.8541
    },
    {
        "model": 1,
        "sequence": 6,
        "status": 1,
        "fuel": 7245,
        "fault": 0.0383,
        "weapon": 1,
        "pilot_injury": 0.8645,
        "pilot_skill": 0.1392,
        "mission_priority": 0.8458,
        "estimated_landing_time": 570.0,
        "wait_time": 0,
        "Landing_success_rate": 0.9759
    },
    {
        "model": 2,
        "sequence": 8,
        "status": 1,
        "fuel": 6379,
        "fault": 0.2135,
        "weapon": 1,
        "pilot_injury": 0.5734,
        "pilot_skill": 0.6967,
        "mission_priority": 0.4123,
        "estimated_landing_time": 758.0,
        "wait_time": 0,
        "Landing_success_rate": 0.9019
    },
    {
        "model": 0,
        "sequence": 2,
        "status": 1,
        "fuel": 6394,
        "fault": 0.907,
        "weapon": 0,
        "pilot_injury": 0.275,
        "pilot_skill": 0.3018,
        "mission_priority": 0.7744,
        "estimated_landing_time": 194.0,
        "wait_time": 0,
        "Landing_success_rate": 0.8562
    },
    {
        "model": 1,
        "sequence": 24,
        "status": 1,
        "fuel": 5594,
        "fault": 0.8791,
        "weapon": 0,
        "pilot_injury": 0.8317,
        "pilot_skill": 0.8334,
        "mission_priority": 0.1617,
        "estimated_landing_time": 2262.0,
        "wait_time": 0,
        "Landing_success_rate": 0.8509
    },
    {
        "model": 1,
        "sequence": 19,
        "status": 1,
        "fuel": 6237,
        "fault": 0.9829,
        "weapon": 0,
        "pilot_injury": 0.8685,
        "pilot_skill": 0.837,
        "mission_priority": 0.8493,
        "estimated_landing_time": 1792.0,
        "wait_time": 0,
        "Landing_success_rate": 0.8509
    },
    {
        "model": 2,
        "sequence": 22,
        "status": 1,
        "fuel": 6354,
        "fault": 0.4825,
        "weapon": 0,
        "pilot_injury": 0.4047,
        "pilot_skill": 0.3952,
        "mission_priority": 0.0662,
        "estimated_landing_time": 2074.0,
        "wait_time": 0,
        "Landing_success_rate": 0.8831
    },
    {
        "model": 0,
        "sequence": 15,
        "status": 1,
        "fuel": 5972,
        "fault": 0.016,
        "weapon": 0,
        "pilot_injury": 0.9301,
        "pilot_skill": 0.8793,
        "mission_priority": 0.8286,
        "estimated_landing_time": 1416.0,
        "wait_time": 0,
        "Landing_success_rate": 0.8848
    },
    {
        "model": 0,
        "sequence": 17,
        "status": 1,
        "fuel": 5819,
        "fault": 0.8842,
        "weapon": 1,
        "pilot_injury": 0.3239,
        "pilot_skill": 0.6036,
        "mission_priority": 0.0135,
        "estimated_landing_time": 1604.0,
        "wait_time": 0,
        "Landing_success_rate": 0.8528
    },
    {
        "model": 2,
        "sequence": 7,
        "status": 1,
        "fuel": 6546,
        "fault": 0.3751,
        "weapon": 1,
        "pilot_injury": 0.8882,
        "pilot_skill": 0.8552,
        "mission_priority": 0.1681,
        "estimated_landing_time": 664.0,
        "wait_time": 0,
        "Landing_success_rate": 0.899
    },
    {
        "model": 2,
        "sequence": 12,
        "status": 1,
        "fuel": 5626,
        "fault": 0.6845,
        "weapon": 1,
        "pilot_injury": 0.7163,
        "pilot_skill": 0.304,
        "mission_priority": 0.716,
        "estimated_landing_time": 1134.0,
        "wait_time": 0,
        "Landing_success_rate": 0.853
    },
    {
        "model": 0,
        "sequence": 3,
        "status": 1,
        "fuel": 6234,
        "fault": 0.4947,
        "weapon": 1,
        "pilot_injury": 0.3573,
        "pilot_skill": 0.811,
        "mission_priority": 0.9375,
        "estimated_landing_time": 288.0,
        "wait_time": 0,
        "Landing_success_rate": 0.8778
    },
    {
        "model": 1,
        "sequence": 16,
        "status": 1,
        "fuel": 6021,
        "fault": 0.0206,
        "weapon": 0,
        "pilot_injury": 0.4457,
        "pilot_skill": 0.3424,
        "mission_priority": 0.7075,
        "estimated_landing_time": 1510.0,
        "wait_time": 0,
        "Landing_success_rate": 0.8883
    },
    {
        "model": 1,
        "sequence": 21,
        "status": 1,
        "fuel": 6753,
        "fault": 0.9762,
        "weapon": 1,
        "pilot_injury": 0.9473,
        "pilot_skill": 0.6773,
        "mission_priority": 0.2184,
        "estimated_landing_time": 1980.0,
        "wait_time": 0,
        "Landing_success_rate": 0.8522
    },
    {
        "model": 2,
        "sequence": 9,
        "status": 1,
        "fuel": 7158,
        "fault": 0.6027,
        "weapon": 1,
        "pilot_injury": 0.5971,
        "pilot_skill": 0.1692,
        "mission_priority": 0.6931,
        "estimated_landing_time": 852.0,
        "wait_time": 0,
        "Landing_success_rate": 0.8994
    },
    {
        "model": 2,
        "sequence": 5,
        "status": 1,
        "fuel": 6463,
        "fault": 0.851,
        "weapon": 1,
        "pilot_injury": 0.0938,
        "pilot_skill": 0.6109,
        "mission_priority": 0.3722,
        "estimated_landing_time": 476.0,
        "wait_time": 0,
        "Landing_success_rate": 0.8608
    }
]