[
    {
        "model": 0,
        "sequence": 3,
        "status": 1,
        "fuel": 5865,
        "fault": 0.745,
        "weapon": 1,
        "pilot_injury": 0.0201,
        "pilot_skill": 0.2846,
        "mission_priority": 0.9015,
        "estimated_landing_time": 288.0,
        "wait_time": 0,
        "Landing_success_rate": 0.857
    },
    {
        "model": 2,
        "sequence": 14,
        "status": 1,
        "fuel": 7051,
        "fault": 0.595,
        "weapon": 1,
        "pilot_injury": 0.4023,
        "pilot_skill": 0.677,
        "mission_priority": 0.169,
        "estimated_landing_time": 1322.0,
        "wait_time": 0,
        "Landing_success_rate": 0.8971
    },
    {
        "model": 2,
        "sequence": 18,
        "status": 1,
        "fuel": 5919,
        "fault": 0.7229,
        "weapon": 0,
        "pilot_injury": 0.0901,
        "pilot_skill": 0.1833,
        "mission_priority": 0.4629,
        "estimated_landing_time": 1698.0,
        "wait_time": 0,
        "Landing_success_rate": 0.8587
    },
    {
        "model": 1,
        "sequence": 19,
        "status": 1,
        "fuel": 6994,
        "fault": 0.5044,
        "weapon": 1,
        "pilot_injury": 0.6682,
        "pilot_skill": 0.7144,
        "mission_priority": 0.5058,
        "estimated_landing_time": 1792.0,
        "wait_time": 0,
        "Landing_success_rate": 0.9055
    },
    {
        "model": 2,
        "sequence": 11,
        "status": 1,
        "fuel": 6183,
        "fault": 0.6956,
        "weapon": 0,
        "pilot_injury": 0.1666,
        "pilot_skill": 0.4986,
        "mission_priority": 0.7456,
        "estimated_landing_time": 1040.0,
        "wait_time": 0,
        "Landing_success_rate": 0.8656
    },
    {
        "model": 0,
        "sequence": 4,
        "status": 1,
        "fuel": 6468,
        "fault": 0.2038,
        "weapon": 1,
        "pilot_injury": 0.4864,
        "pilot_skill": 0.2813,
        "mission_priority": 0.4447,
        "estimated_landing_time": 382.0,
        "wait_time": 0,
        "Landing_success_rate": 0.9078
    },
    {
        "model": 1,
        "sequence": 12,
        "status": 1,
        "fuel": 7176,
        "fault": 0.1036,
        "weapon": 0,
        "pilot_injury": 0.0746,
        "pilot_skill": 0.1454,
        "mission_priority": 0.626,
        "estimated_landing_time": 1134.0,
        "wait_time": 0,
        "Landing_success_rate": 0.9627
    },
    {
        "model": 0,
        "sequence": 24,
        "status": 1,
        "fuel": 5897,
        "fault": 0.4741,
        "weapon": 0,
        "pilot_injury": 0.6384,
        "pilot_skill": 0.7883,
        "mission_priority": 0.068,
        "estimated_landing_time": 2262.0,
        "wait_time": 0,
        "Landing_success_rate": 0.8657
    },
    {
        "model": 1,
        "sequence": 22,
        "status": 1,
        "fuel": 5801,
        "fault": 0.2003,
        "weapon": 1,
        "pilot_injury": 0.2901,
        "pilot_skill": 0.8872,
        "mission_priority": 0.185,
        "estimated_landing_time": 2074.0,
        "wait_time": 0,
        "Landing_success_rate": 0.8681
    },
    {
        "model": 1,
        "sequence": 8,
        "status": 1,
        "fuel": 6666,
        "fault": 0.2138,
        "weapon": 1,
        "pilot_injury": 0.4027,
        "pilot_skill": 0.8821,
        "mission_priority": 0.6083,
        "estimated_landing_time": 758.0,
        "wait_time": 0,
        "Landing_success_rate": 0.9188
    },
    {
        "model": 2,
        "sequence": 7,
        "status": 1,
        "fuel": 7022,
        "fault": 0.7307,
        "weapon": 0,
        "pilot_injury": 0.9228,
        "pilot_skill": 0.6235,
        "mission_priority": 0.1059,
        "estimated_landing_time": 664.0,
        "wait_time": 0,
        "Landing_success_rate": 0.8807
    },
    {
        "model": 2,
        "sequence": 10,
        "status": 1,
        "fuel": 6390,
        "fault": 0.3699,
        "weapon": 0,
        "pilot_injury": 0.0512,
        "pilot_skill": 0.9116,
        "mission_priority": 0.3584,
        "estimated_landing_time": 946.0,
        "wait_time": 0,
        "Landing_success_rate": 0.8921
    },
    {
        "model": 1,
        "sequence": 20,
        "status": 1,
        "fuel": 7450,
        "fault": 0.2628,
        "weapon": 0,
        "pilot_injury": 0.4096,
        "pilot_skill": 0.2385,
        "mission_priority": 0.0918,
        "estimated_landing_time": 1886.0,
        "wait_time": 0,
        "Landing_success_rate": 0.9578
    },
    {
        "model": 0,
        "sequence": 1,
        "status": 1,
        "fuel": 6484,
        "fault": 0.4626,
        "weapon": 1,
        "pilot_injury": 0.3968,
        "pilot_skill": 0.9025,
        "mission_priority": 0.4637,
        "estimated_landing_time": 100.0,
        "wait_time": 0,
        "Landing_success_rate": 0.8897
    },
    {
        "model": 1,
        "sequence": 5,
        "status": 1,
        "fuel": 6264,
        "fault": 0.3588,
        "weapon": 1,
        "pilot_injury": 0.5016,
        "pilot_skill": 0.502,
        "mission_priority": 0.3632,
        "estimated_landing_time": 476.0,
        "wait_time": 0,
        "Landing_success_rate": 0.8867
    },
    {
        "model": 1,
        "sequence": 23,
        "status": 1,
        "fuel": 6838,
        "fault": 0.8449,
        "weapon": 0,
        "pilot_injury": 0.5883,
        "pilot_skill": 0.4474,
        "mission_priority": 0.5287,
        "estimated_landing_time": 2168.0,
        "wait_time": 0,
        "Landing_success_rate": 0.8656
    },
    {
        "model": 1,
        "sequence": 15,
        "status": 1,
        "fuel": 7457,
        "fault": 0.0875,
        "weapon": 0,
        "pilot_injury": 0.2301,
        "pilot_skill": 0.5703,
        "mission_priority": 0.9375,
        "estimated_landing_time": 1416.0,
        "wait_time": 0,
        "Landing_success_rate": 0.9839
    },
    {
        "model": 0,
        "sequence": 21,
        "status": 1,
        "fuel": 7494,
        "fault": 0.458,
        "weapon": 0,
        "pilot_injury": 0.963,
        "pilot_skill": 0.3427,
        "mission_priority": 0.9833,
        "estimated_landing_time": 1980.0,
        "wait_time": 0,
        "Landing_success_rate": 0.9311
    },
    {
        "model": 2,
        "sequence": 13,
        "status": 1,
        "fuel": 6836,
        "fault": 0.1796,
        "weapon": 0,
        "pilot_injury": 0.0759,
        "pilot_skill": 0.7132,
        "mission_priority": 0.7404,
        "estimated_landing_time": 1228.0,
        "wait_time": 0,
        "Landing_success_rate": 0.9322
    },
    {
        "model": 2,
        "sequence": 16,
        "status": 1,
        "fuel": 6354,
        "fault": 0.4907,
        "weapon": 1,
        "pilot_injury": 0.4718,
        "pilot_skill": 0.0541,
        "mission_priority": 0.3578,
        "estimated_landing_time": 1510.0,
        "wait_time": 0,
        "Landing_success_rate": 0.8826
    },
    {
        "model": 0,
        "sequence": 6,
        "status": 1,
        "fuel": 5761,
        "fault": 0.4757,
        "weapon": 0,
        "pilot_injury": 0.1952,
        "pilot_skill": 0.253,
        "mission_priority": 0.4867,
        "estimated_landing_time": 570.0,
        "wait_time": 0,
        "Landing_success_rate": 0.8603
    },
    {
        "model": 2,
        "sequence": 2,
        "status": 1,
        "fuel": 5501,
        "fault": 0.9553,
        "weapon": 0,
        "pilot_injury": 0.0865,
        "pilot_skill": 0.9256,
        "mission_priority": 0.9277,
        "estimated_landing_time": 194.0,
        "wait_time": 0,
        "Landing_success_rate": 0.85
    },
    {
        "model": 1,
        "sequence": 9,
        "status": 1,
        "fuel": 6034,
        "fault": 0.8389,
        "weapon": 1,
        "pilot_injury": 0.5871,
        "pilot_skill": 0.5537,
        "mission_priority": 0.6158,
        "estimated_landing_time": 852.0,
        "wait_time": 0,
        "Landing_success_rate": 0.8565
    },
    {
        "model": 2,
        "sequence": 17,
        "status": 1,
        "fuel": 5790,
        "fault": 0.4375,
        "weapon": 0,
        "pilot_injury": 0.0957,
        "pilot_skill": 0.2084,
        "mission_priority": 0.7403,
        "estimated_landing_time": 1604.0,
        "wait_time": 0,
        "Landing_success_rate": 0.8622
    }
]