[
    {
        "model": 1,
        "sequence": 9,
        "status": 1,
        "fuel": 6013,
        "fault": 0.4083,
        "weapon": 0,
        "pilot_injury": 0.557,
        "pilot_skill": 0.3319,
        "mission_priority": 0.8657,
        "estimated_landing_time": 852.0,
        "wait_time": 0,
        "Landing_success_rate": 0.8728
    },
    {
        "model": 2,
        "sequence": 7,
        "status": 1,
        "fuel": 7278,
        "fault": 0.3933,
        "weapon": 1,
        "pilot_injury": 0.504,
        "pilot_skill": 0.2747,
        "mission_priority": 0.3049,
        "estimated_landing_time": 664.0,
        "wait_time": 0,
        "Landing_success_rate": 0.9309
    },
    {
        "model": 0,
        "sequence": 13,
        "status": 1,
        "fuel": 5944,
        "fault": 0.0435,
        "weapon": 1,
        "pilot_injury": 0.2778,
        "pilot_skill": 0.0587,
        "mission_priority": 0.1103,
        "estimated_landing_time": 1228.0,
        "wait_time": 0,
        "Landing_success_rate": 0.8819
    },
    {
        "model": 2,
        "sequence": 17,
        "status": 1,
        "fuel": 6746,
        "fault": 0.1067,
        "weapon": 0,
        "pilot_injury": 0.1842,
        "pilot_skill": 0.5218,
        "mission_priority": 0.5079,
        "estimated_landing_time": 1604.0,
        "wait_time": 0,
        "Landing_success_rate": 0.9335
    },
    {
        "model": 1,
        "sequence": 24,
        "status": 1,
        "fuel": 6795,
        "fault": 0.1126,
        "weapon": 1,
        "pilot_injury": 0.917,
        "pilot_skill": 0.6281,
        "mission_priority": 0.0255,
        "estimated_landing_time": 2262.0,
        "wait_time": 0,
        "Landing_success_rate": 0.9362
    },
    {
        "model": 2,
        "sequence": 21,
        "status": 1,
        "fuel": 7279,
        "fault": 0.1398,
        "weapon": 1,
        "pilot_injury": 0.4751,
        "pilot_skill": 0.4194,
        "mission_priority": 0.6715,
        "estimated_landing_time": 1980.0,
        "wait_time": 0,
        "Landing_success_rate": 0.9648
    },
    {
        "model": 0,
        "sequence": 16,
        "status": 1,
        "fuel": 6069,
        "fault": 0.9217,
        "weapon": 0,
        "pilot_injury": 0.4131,
        "pilot_skill": 0.6312,
        "mission_priority": 0.9823,
        "estimated_landing_time": 1510.0,
        "wait_time": 0,
        "Landing_success_rate": 0.8533
    },
    {
        "model": 1,
        "sequence": 6,
        "status": 1,
        "fuel": 6389,
        "fault": 0.8533,
        "weapon": 1,
        "pilot_injury": 0.8594,
        "pilot_skill": 0.5604,
        "mission_priority": 0.4417,
        "estimated_landing_time": 570.0,
        "wait_time": 0,
        "Landing_success_rate": 0.8598
    },
    {
        "model": 0,
        "sequence": 2,
        "status": 1,
        "fuel": 6686,
        "fault": 0.7925,
        "weapon": 1,
        "pilot_injury": 0.4075,
        "pilot_skill": 0.343,
        "mission_priority": 0.7141,
        "estimated_landing_time": 194.0,
        "wait_time": 0,
        "Landing_success_rate": 0.8685
    },
    {
        "model": 0,
        "sequence": 18,
        "status": 1,
        "fuel": 5941,
        "fault": 0.2021,
        "weapon": 0,
        "pilot_injury": 0.3464,
        "pilot_skill": 0.0979,
        "mission_priority": 0.9803,
        "estimated_landing_time": 1698.0,
        "wait_time": 0,
        "Landing_success_rate": 0.8764
    },
    {
        "model": 1,
        "sequence": 11,
        "status": 1,
        "fuel": 7396,
        "fault": 0.0106,
        "weapon": 0,
        "pilot_injury": 0.207,
        "pilot_skill": 0.662,
        "mission_priority": 0.7825,
        "estimated_landing_time": 1040.0,
        "wait_time": 0,
        "Landing_success_rate": 0.9907
    },
    {
        "model": 0,
        "sequence": 4,
        "status": 1,
        "fuel": 6829,
        "fault": 0.4496,
        "weapon": 1,
        "pilot_injury": 0.5246,
        "pilot_skill": 0.6633,
        "mission_priority": 0.6295,
        "estimated_landing_time": 382.0,
        "wait_time": 0,
        "Landing_success_rate": 0.9049
    },
    {
        "model": 2,
        "sequence": 8,
        "status": 1,
        "fuel": 7283,
        "fault": 0.1133,
        "weapon": 0,
        "pilot_injury": 0.0975,
        "pilot_skill": 0.1683,
        "mission_priority": 0.7343,
        "estimated_landing_time": 758.0,
        "wait_time": 0,
        "Landing_success_rate": 0.9686
    },
    {
        "model": 1,
        "sequence": 22,
        "status": 1,
        "fuel": 5604,
        "fault": 0.1546,
        "weapon": 1,
        "pilot_injury": 0.4554,
        "pilot_skill": 0.372,
        "mission_priority": 0.5911,
        "estimated_landing_time": 2074.0,
        "wait_time": 0,
        "Landing_success_rate": 0.8566
    },
    {
        "model": 0,
        "sequence": 12,
        "status": 1,
        "fuel": 7159,
        "fault": 0.7396,
        "weapon": 0,
        "pilot_injury": 0.2026,
        "pilot_skill": 0.7577,
        "mission_priority": 0.7816,
        "estimated_landing_time": 1134.0,
        "wait_time": 0,
        "Landing_success_rate": 0.8824
    },
    {
        "model": 0,
        "sequence": 19,
        "status": 1,
        "fuel": 5660,
        "fault": 0.5544,
        "weapon": 0,
        "pilot_injury": 0.0144,
        "pilot_skill": 0.1215,
        "mission_priority": 0.0797,
        "estimated_landing_time": 1792.0,
        "wait_time": 0,
        "Landing_success_rate": 0.8553
    },
    {
        "model": 2,
        "sequence": 15,
        "status": 1,
        "fuel": 6501,
        "fault": 0.2897,
        "weapon": 0,
        "pilot_injury": 0.9561,
        "pilot_skill": 0.0112,
        "mission_priority": 0.1127,
        "estimated_landing_time": 1416.0,
        "wait_time": 0,
        "Landing_success_rate": 0.9033
    },
    {
        "model": 2,
        "sequence": 10,
        "status": 1,
        "fuel": 5715,
        "fault": 0.3864,
        "weapon": 1,
        "pilot_injury": 0.4047,
        "pilot_skill": 0.9928,
        "mission_priority": 0.5736,
        "estimated_landing_time": 946.0,
        "wait_time": 0,
        "Landing_success_rate": 0.8599
    },
    {
        "model": 2,
        "sequence": 1,
        "status": 1,
        "fuel": 7364,
        "fault": 0.1623,
        "weapon": 1,
        "pilot_injury": 0.2227,
        "pilot_skill": 0.4881,
        "mission_priority": 0.2164,
        "estimated_landing_time": 100.0,
        "wait_time": 0,
        "Landing_success_rate": 0.9671
    },
    {
        "model": 2,
        "sequence": 3,
        "status": 1,
        "fuel": 6620,
        "fault": 0.7411,
        "weapon": 0,
        "pilot_injury": 0.382,
        "pilot_skill": 0.3722,
        "mission_priority": 0.2916,
        "estimated_landing_time": 288.0,
        "wait_time": 0,
        "Landing_success_rate": 0.8717
    },
    {
        "model": 0,
        "sequence": 23,
        "status": 1,
        "fuel": 5767,
        "fault": 0.6093,
        "weapon": 0,
        "pilot_injury": 0.4205,
        "pilot_skill": 0.814,
        "mission_priority": 0.8357,
        "estimated_landing_time": 2168.0,
        "wait_time": 0,
        "Landing_success_rate": 0.8578
    },
    {
        "model": 0,
        "sequence": 14,
        "status": 1,
        "fuel": 5889,
        "fault": 0.3793,
        "weapon": 0,
        "pilot_injury": 0.721,
        "pilot_skill": 0.4995,
        "mission_priority": 0.8551,
        "estimated_landing_time": 1322.0,
        "wait_time": 0,
        "Landing_success_rate": 0.8681
    },
    {
        "model": 0,
        "sequence": 5,
        "status": 1,
        "fuel": 5661,
        "fault": 0.6105,
        "weapon": 1,
        "pilot_injury": 0.787,
        "pilot_skill": 0.1222,
        "mission_priority": 0.5842,
        "estimated_landing_time": 476.0,
        "wait_time": 0,
        "Landing_success_rate": 0.8547
    },
    {
        "model": 1,
        "sequence": 20,
        "status": 1,
        "fuel": 6357,
        "fault": 0.8889,
        "weapon": 1,
        "pilot_injury": 0.2126,
        "pilot_skill": 0.5671,
        "mission_priority": 0.8439,
        "estimated_landing_time": 1886.0,
        "wait_time": 0,
        "Landing_success_rate": 0.8571
    }
]