[
    {
        "model": 2,
        "sequence": 17,
        "status": 1,
        "fuel": 6865,
        "fault": 0.1257,
        "weapon": 0,
        "pilot_injury": 0.9595,
        "pilot_skill": 0.4139,
        "mission_priority": 0.0908,
        "estimated_landing_time": 1604.0,
        "wait_time": 0,
        "Landing_success_rate": 0.9395
    },
    {
        "model": 1,
        "sequence": 23,
        "status": 1,
        "fuel": 5648,
        "fault": 0.7922,
        "weapon": 0,
        "pilot_injury": 0.4254,
        "pilot_skill": 0.4096,
        "mission_priority": 0.2548,
        "estimated_landing_time": 2168.0,
        "wait_time": 0,
        "Landing_success_rate": 0.8523
    },
    {
        "model": 2,
        "sequence": 9,
        "status": 1,
        "fuel": 6847,
        "fault": 0.6243,
        "weapon": 0,
        "pilot_injury": 0.8947,
        "pilot_skill": 0.5151,
        "mission_priority": 0.8205,
        "estimated_landing_time": 852.0,
        "wait_time": 0,
        "Landing_success_rate": 0.888
    },
    {
        "model": 1,
        "sequence": 5,
        "status": 1,
        "fuel": 6314,
        "fault": 0.2155,
        "weapon": 0,
        "pilot_injury": 0.64,
        "pilot_skill": 0.1559,
        "mission_priority": 0.0064,
        "estimated_landing_time": 476.0,
        "wait_time": 0,
        "Landing_success_rate": 0.8979
    },
    {
        "model": 0,
        "sequence": 15,
        "status": 1,
        "fuel": 6014,
        "fault": 0.7469,
        "weapon": 0,
        "pilot_injury": 0.1063,
        "pilot_skill": 0.7435,
        "mission_priority": 0.2271,
        "estimated_landing_time": 1416.0,
        "wait_time": 0,
        "Landing_success_rate": 0.8598
    },
    {
        "model": 1,
        "sequence": 7,
        "status": 1,
        "fuel": 5779,
        "fault": 0.6076,
        "weapon": 1,
        "pilot_injury": 0.1237,
        "pilot_skill": 0.0709,
        "mission_priority": 0.4661,
        "estimated_landing_time": 664.0,
        "wait_time": 0,
        "Landing_success_rate": 0.8582
    },
    {
        "model": 1,
        "sequence": 1,
        "status": 1,
        "fuel": 7239,
        "fault": 0.5646,
        "weapon": 0,
        "pilot_injury": 0.2413,
        "pilot_skill": 0.3685,
        "mission_priority": 0.7923,
        "estimated_landing_time": 100.0,
        "wait_time": 0,
        "Landing_success_rate": 0.9068
    },
    {
        "model": 0,
        "sequence": 8,
        "status": 1,
        "fuel": 5536,
        "fault": 0.8496,
        "weapon": 0,
        "pilot_injury": 0.2745,
        "pilot_skill": 0.5614,
        "mission_priority": 0.4026,
        "estimated_landing_time": 758.0,
        "wait_time": 0,
        "Landing_success_rate": 0.8504
    },
    {
        "model": 1,
        "sequence": 24,
        "status": 1,
        "fuel": 6775,
        "fault": 0.9779,
        "weapon": 0,
        "pilot_injury": 0.6363,
        "pilot_skill": 0.314,
        "mission_priority": 0.3594,
        "estimated_landing_time": 2262.0,
        "wait_time": 0,
        "Landing_success_rate": 0.8521
    },
    {
        "model": 0,
        "sequence": 11,
        "status": 1,
        "fuel": 6832,
        "fault": 0.4092,
        "weapon": 1,
        "pilot_injury": 0.3242,
        "pilot_skill": 0.2919,
        "mission_priority": 0.2653,
        "estimated_landing_time": 1040.0,
        "wait_time": 0,
        "Landing_success_rate": 0.909
    },
    {
        "model": 2,
        "sequence": 12,
        "status": 1,
        "fuel": 6468,
        "fault": 0.5578,
        "weapon": 1,
        "pilot_injury": 0.516,
        "pilot_skill": 0.5374,
        "mission_priority": 0.691,
        "estimated_landing_time": 1134.0,
        "wait_time": 0,
        "Landing_success_rate": 0.8821
    },
    {
        "model": 2,
        "sequence": 20,
        "status": 1,
        "fuel": 5859,
        "fault": 0.9339,
        "weapon": 0,
        "pilot_injury": 0.255,
        "pilot_skill": 0.2391,
        "mission_priority": 0.7897,
        "estimated_landing_time": 1886.0,
        "wait_time": 0,
        "Landing_success_rate": 0.8518
    },
    {
        "model": 2,
        "sequence": 21,
        "status": 1,
        "fuel": 5705,
        "fault": 0.8833,
        "weapon": 1,
        "pilot_injury": 0.6376,
        "pilot_skill": 0.6429,
        "mission_priority": 0.0481,
        "estimated_landing_time": 1980.0,
        "wait_time": 0,
        "Landing_success_rate": 0.8518
    },
    {
        "model": 1,
        "sequence": 22,
        "status": 1,
        "fuel": 7437,
        "fault": 0.039,
        "weapon": 1,
        "pilot_injury": 0.9532,
        "pilot_skill": 0.9985,
        "mission_priority": 0.9871,
        "estimated_landing_time": 2074.0,
        "wait_time": 0,
        "Landing_success_rate": 0.9896
    },
    {
        "model": 0,
        "sequence": 16,
        "status": 1,
        "fuel": 5813,
        "fault": 0.448,
        "weapon": 1,
        "pilot_injury": 0.0986,
        "pilot_skill": 0.3258,
        "mission_priority": 0.2769,
        "estimated_landing_time": 1510.0,
        "wait_time": 0,
        "Landing_success_rate": 0.863
    },
    {
        "model": 1,
        "sequence": 2,
        "status": 1,
        "fuel": 6194,
        "fault": 0.0055,
        "weapon": 0,
        "pilot_injury": 0.2315,
        "pilot_skill": 0.6125,
        "mission_priority": 0.3231,
        "estimated_landing_time": 194.0,
        "wait_time": 0,
        "Landing_success_rate": 0.9018
    },
    {
        "model": 1,
        "sequence": 18,
        "status": 1,
        "fuel": 5828,
        "fault": 0.8174,
        "weapon": 1,
        "pilot_injury": 0.1182,
        "pilot_skill": 0.7742,
        "mission_priority": 0.9654,
        "estimated_landing_time": 1698.0,
        "wait_time": 0,
        "Landing_success_rate": 0.8545
    },
    {
        "model": 1,
        "sequence": 6,
        "status": 1,
        "fuel": 7443,
        "fault": 0.6313,
        "weapon": 1,
        "pilot_injury": 0.3846,
        "pilot_skill": 0.9567,
        "mission_priority": 0.1329,
        "estimated_landing_time": 570.0,
        "wait_time": 0,
        "Landing_success_rate": 0.9037
    },
    {
        "model": 0,
        "sequence": 10,
        "status": 1,
        "fuel": 6799,
        "fault": 0.6504,
        "weapon": 0,
        "pilot_injury": 0.4319,
        "pilot_skill": 0.9175,
        "mission_priority": 0.8827,
        "estimated_landing_time": 946.0,
        "wait_time": 0,
        "Landing_success_rate": 0.8841
    },
    {
        "model": 1,
        "sequence": 4,
        "status": 1,
        "fuel": 6044,
        "fault": 0.7795,
        "weapon": 0,
        "pilot_injury": 0.4774,
        "pilot_skill": 0.5259,
        "mission_priority": 0.3411,
        "estimated_landing_time": 382.0,
        "wait_time": 0,
        "Landing_success_rate": 0.859
    },
    {
        "model": 1,
        "sequence": 14,
        "status": 1,
        "fuel": 7234,
        "fault": 0.9575,
        "weapon": 0,
        "pilot_injury": 0.6905,
        "pilot_skill": 0.0844,
        "mission_priority": 0.7106,
        "estimated_landing_time": 1322.0,
        "wait_time": 0,
        "Landing_success_rate": 0.8555
    },
    {
        "model": 0,
        "sequence": 3,
        "status": 1,
        "fuel": 6765,
        "fault": 0.4984,
        "weapon": 0,
        "pilot_injury": 0.1917,
        "pilot_skill": 0.0875,
        "mission_priority": 0.4904,
        "estimated_landing_time": 288.0,
        "wait_time": 0,
        "Landing_success_rate": 0.8976
    },
    {
        "model": 0,
        "sequence": 19,
        "status": 1,
        "fuel": 7422,
        "fault": 0.335,
        "weapon": 0,
        "pilot_injury": 0.5627,
        "pilot_skill": 0.143,
        "mission_priority": 0.7138,
        "estimated_landing_time": 1792.0,
        "wait_time": 0,
        "Landing_success_rate": 0.9459
    },
    {
        "model": 2,
        "sequence": 13,
        "status": 1,
        "fuel": 7322,
        "fault": 0.4539,
        "weapon": 0,
        "pilot_injury": 0.6121,
        "pilot_skill": 0.5145,
        "mission_priority": 0.6192,
        "estimated_landing_time": 1228.0,
        "wait_time": 0,
        "Landing_success_rate": 0.9246
    }
]