[
    {
        "model": 0,
        "sequence": 13,
        "status": 1,
        "fuel": 7154,
        "fault": 0.8387,
        "weapon": 0,
        "pilot_injury": 0.8205,
        "pilot_skill": 0.7624,
        "mission_priority": 0.8775,
        "estimated_landing_time": 1228.0,
        "wait_time": 0,
        "Landing_success_rate": 0.87
    },
    {
        "model": 0,
        "sequence": 14,
        "status": 1,
        "fuel": 7430,
        "fault": 0.7143,
        "weapon": 1,
        "pilot_injury": 0.0619,
        "pilot_skill": 0.4113,
        "mission_priority": 0.2198,
        "estimated_landing_time": 1322.0,
        "wait_time": 0,
        "Landing_success_rate": 0.8914
    },
    {
        "model": 2,
        "sequence": 6,
        "status": 1,
        "fuel": 6440,
        "fault": 0.4322,
        "weapon": 1,
        "pilot_injury": 0.7817,
        "pilot_skill": 0.5925,
        "mission_priority": 0.5979,
        "estimated_landing_time": 570.0,
        "wait_time": 0,
        "Landing_success_rate": 0.89
    },
    {
        "model": 0,
        "sequence": 12,
        "status": 1,
        "fuel": 6376,
        "fault": 0.7177,
        "weapon": 1,
        "pilot_injury": 0.144,
        "pilot_skill": 0.2758,
        "mission_priority": 0.1799,
        "estimated_landing_time": 1134.0,
        "wait_time": 0,
        "Landing_success_rate": 0.8685
    },
    {
        "model": 0,
        "sequence": 15,
        "status": 1,
        "fuel": 5805,
        "fault": 0.23,
        "weapon": 0,
        "pilot_injury": 0.8748,
        "pilot_skill": 0.9602,
        "mission_priority": 0.6126,
        "estimated_landing_time": 1416.0,
        "wait_time": 0,
        "Landing_success_rate": 0.8676
    },
    {
        "model": 1,
        "sequence": 23,
        "status": 1,
        "fuel": 6302,
        "fault": 0.402,
        "weapon": 0,
        "pilot_injury": 0.3848,
        "pilot_skill": 0.467,
        "mission_priority": 0.0894,
        "estimated_landing_time": 2168.0,
        "wait_time": 0,
        "Landing_success_rate": 0.886
    },
    {
        "model": 1,
        "sequence": 11,
        "status": 1,
        "fuel": 5780,
        "fault": 0.8318,
        "weapon": 0,
        "pilot_injury": 0.7997,
        "pilot_skill": 0.9223,
        "mission_priority": 0.5678,
        "estimated_landing_time": 1040.0,
        "wait_time": 0,
        "Landing_success_rate": 0.8535
    },
    {
        "model": 2,
        "sequence": 5,
        "status": 1,
        "fuel": 7017,
        "fault": 0.1552,
        "weapon": 0,
        "pilot_injury": 0.1389,
        "pilot_skill": 0.119,
        "mission_priority": 0.7561,
        "estimated_landing_time": 476.0,
        "wait_time": 0,
        "Landing_success_rate": 0.9461
    },
    {
        "model": 0,
        "sequence": 20,
        "status": 1,
        "fuel": 7175,
        "fault": 0.5627,
        "weapon": 1,
        "pilot_injury": 0.0485,
        "pilot_skill": 0.8178,
        "mission_priority": 0.6197,
        "estimated_landing_time": 1886.0,
        "wait_time": 0,
        "Landing_success_rate": 0.9049
    },
    {
        "model": 0,
        "sequence": 2,
        "status": 1,
        "fuel": 6812,
        "fault": 0.4281,
        "weapon": 0,
        "pilot_injury": 0.3143,
        "pilot_skill": 0.6169,
        "mission_priority": 0.6652,
        "estimated_landing_time": 194.0,
        "wait_time": 0,
        "Landing_success_rate": 0.9063
    },
    {
        "model": 0,
        "sequence": 18,
        "status": 1,
        "fuel": 7030,
        "fault": 0.5578,
        "weapon": 0,
        "pilot_injury": 0.7992,
        "pilot_skill": 0.1319,
        "mission_priority": 0.0103,
        "estimated_landing_time": 1698.0,
        "wait_time": 0,
        "Landing_success_rate": 0.9007
    },
    {
        "model": 1,
        "sequence": 4,
        "status": 1,
        "fuel": 6366,
        "fault": 0.044,
        "weapon": 1,
        "pilot_injury": 0.3221,
        "pilot_skill": 0.3208,
        "mission_priority": 0.5146,
        "estimated_landing_time": 382.0,
        "wait_time": 0,
        "Landing_success_rate": 0.9121
    },
    {
        "model": 0,
        "sequence": 8,
        "status": 1,
        "fuel": 5929,
        "fault": 0.9199,
        "weapon": 1,
        "pilot_injury": 0.7526,
        "pilot_skill": 0.114,
        "mission_priority": 0.5198,
        "estimated_landing_time": 758.0,
        "wait_time": 0,
        "Landing_success_rate": 0.8526
    },
    {
        "model": 1,
        "sequence": 21,
        "status": 1,
        "fuel": 6801,
        "fault": 0.0425,
        "weapon": 0,
        "pilot_injury": 0.9183,
        "pilot_skill": 0.7503,
        "mission_priority": 0.8769,
        "estimated_landing_time": 1980.0,
        "wait_time": 0,
        "Landing_success_rate": 0.9434
    },
    {
        "model": 0,
        "sequence": 19,
        "status": 1,
        "fuel": 7350,
        "fault": 0.5464,
        "weapon": 0,
        "pilot_injury": 0.2157,
        "pilot_skill": 0.6173,
        "mission_priority": 0.9161,
        "estimated_landing_time": 1792.0,
        "wait_time": 0,
        "Landing_success_rate": 0.9129
    },
    {
        "model": 1,
        "sequence": 3,
        "status": 1,
        "fuel": 7351,
        "fault": 0.5493,
        "weapon": 1,
        "pilot_injury": 0.2582,
        "pilot_skill": 0.6786,
        "mission_priority": 0.3471,
        "estimated_landing_time": 288.0,
        "wait_time": 0,
        "Landing_success_rate": 0.9126
    },
    {
        "model": 2,
        "sequence": 7,
        "status": 1,
        "fuel": 6164,
        "fault": 0.6395,
        "weapon": 0,
        "pilot_injury": 0.3892,
        "pilot_skill": 0.9967,
        "mission_priority": 0.7601,
        "estimated_landing_time": 664.0,
        "wait_time": 0,
        "Landing_success_rate": 0.868
    },
    {
        "model": 2,
        "sequence": 16,
        "status": 1,
        "fuel": 5690,
        "fault": 0.7789,
        "weapon": 1,
        "pilot_injury": 0.3576,
        "pilot_skill": 0.6079,
        "mission_priority": 0.7647,
        "estimated_landing_time": 1510.0,
        "wait_time": 0,
        "Landing_success_rate": 0.8532
    },
    {
        "model": 0,
        "sequence": 1,
        "status": 1,
        "fuel": 6483,
        "fault": 0.991,
        "weapon": 1,
        "pilot_injury": 0.8255,
        "pilot_skill": 0.9229,
        "mission_priority": 0.2334,
        "estimated_landing_time": 100.0,
        "wait_time": 0,
        "Landing_success_rate": 0.8507
    },
    {
        "model": 0,
        "sequence": 24,
        "status": 1,
        "fuel": 6887,
        "fault": 0.8298,
        "weapon": 1,
        "pilot_injury": 0.9837,
        "pilot_skill": 0.4535,
        "mission_priority": 0.0345,
        "estimated_landing_time": 2262.0,
        "wait_time": 0,
        "Landing_success_rate": 0.8677
    },
    {
        "model": 1,
        "sequence": 9,
        "status": 1,
        "fuel": 6677,
        "fault": 0.5374,
        "weapon": 0,
        "pilot_injury": 0.3302,
        "pilot_skill": 0.0897,
        "mission_priority": 0.5117,
        "estimated_landing_time": 852.0,
        "wait_time": 0,
        "Landing_success_rate": 0.8908
    },
    {
        "model": 1,
        "sequence": 10,
        "status": 1,
        "fuel": 7474,
        "fault": 0.7513,
        "weapon": 1,
        "pilot_injury": 0.4588,
        "pilot_skill": 0.0742,
        "mission_priority": 0.4804,
        "estimated_landing_time": 946.0,
        "wait_time": 0,
        "Landing_success_rate": 0.8868
    },
    {
        "model": 1,
        "sequence": 17,
        "status": 1,
        "fuel": 6297,
        "fault": 0.5361,
        "weapon": 0,
        "pilot_injury": 0.937,
        "pilot_skill": 0.6902,
        "mission_priority": 0.9295,
        "estimated_landing_time": 1604.0,
        "wait_time": 0,
        "Landing_success_rate": 0.8777
    },
    {
        "model": 0,
        "sequence": 22,
        "status": 1,
        "fuel": 5802,
        "fault": 0.7141,
        "weapon": 1,
        "pilot_injury": 0.8374,
        "pilot_skill": 0.9978,
        "mission_priority": 0.5031,
        "estimated_landing_time": 2074.0,
        "wait_time": 0,
        "Landing_success_rate": 0.8565
    }
]