[
    {
        "model": 0,
        "sequence": 6,
        "status": 1,
        "fuel": 6667,
        "fault": 0.0378,
        "weapon": 1,
        "pilot_injury": 0.0872,
        "pilot_skill": 0.2855,
        "mission_priority": 0.8899,
        "estimated_landing_time": 570.0,
        "wait_time": 0,
        "Landing_success_rate": 0.9342
    },
    {
        "model": 1,
        "sequence": 24,
        "status": 1,
        "fuel": 5903,
        "fault": 0.3932,
        "weapon": 0,
        "pilot_injury": 0.8505,
        "pilot_skill": 0.249,
        "mission_priority": 0.4092,
        "estimated_landing_time": 2262.0,
        "wait_time": 0,
        "Landing_success_rate": 0.8683
    },
    {
        "model": 2,
        "sequence": 5,
        "status": 1,
        "fuel": 5997,
        "fault": 0.803,
        "weapon": 1,
        "pilot_injury": 0.7283,
        "pilot_skill": 0.4602,
        "mission_priority": 0.9323,
        "estimated_landing_time": 476.0,
        "wait_time": 0,
        "Landing_success_rate": 0.8573
    },
    {
        "model": 1,
        "sequence": 17,
        "status": 1,
        "fuel": 6897,
        "fault": 0.29,
        "weapon": 1,
        "pilot_injury": 0.892,
        "pilot_skill": 0.7194,
        "mission_priority": 0.6282,
        "estimated_landing_time": 1604.0,
        "wait_time": 0,
        "Landing_success_rate": 0.9244
    },
    {
        "model": 0,
        "sequence": 23,
        "status": 1,
        "fuel": 7439,
        "fault": 0.6471,
        "weapon": 0,
        "pilot_injury": 0.0603,
        "pilot_skill": 0.8009,
        "mission_priority": 0.1222,
        "estimated_landing_time": 2168.0,
        "wait_time": 0,
        "Landing_success_rate": 0.9013
    },
    {
        "model": 0,
        "sequence": 16,
        "status": 1,
        "fuel": 6975,
        "fault": 0.7679,
        "weapon": 0,
        "pilot_injury": 0.4546,
        "pilot_skill": 0.315,
        "mission_priority": 0.8297,
        "estimated_landing_time": 1510.0,
        "wait_time": 0,
        "Landing_success_rate": 0.8757
    },
    {
        "model": 2,
        "sequence": 14,
        "status": 1,
        "fuel": 5785,
        "fault": 0.0679,
        "weapon": 0,
        "pilot_injury": 0.6224,
        "pilot_skill": 0.9793,
        "mission_priority": 0.4007,
        "estimated_landing_time": 1322.0,
        "wait_time": 0,
        "Landing_success_rate": 0.8699
    },
    {
        "model": 0,
        "sequence": 15,
        "status": 1,
        "fuel": 6697,
        "fault": 0.6353,
        "weapon": 1,
        "pilot_injury": 0.898,
        "pilot_skill": 0.1797,
        "mission_priority": 0.6105,
        "estimated_landing_time": 1416.0,
        "wait_time": 0,
        "Landing_success_rate": 0.8827
    },
    {
        "model": 1,
        "sequence": 2,
        "status": 1,
        "fuel": 7145,
        "fault": 0.4504,
        "weapon": 1,
        "pilot_injury": 0.0788,
        "pilot_skill": 0.6114,
        "mission_priority": 0.7671,
        "estimated_landing_time": 194.0,
        "wait_time": 0,
        "Landing_success_rate": 0.9178
    },
    {
        "model": 2,
        "sequence": 3,
        "status": 1,
        "fuel": 5911,
        "fault": 0.7357,
        "weapon": 1,
        "pilot_injury": 0.8786,
        "pilot_skill": 0.9865,
        "mission_priority": 0.4101,
        "estimated_landing_time": 288.0,
        "wait_time": 0,
        "Landing_success_rate": 0.8581
    },
    {
        "model": 2,
        "sequence": 11,
        "status": 1,
        "fuel": 6202,
        "fault": 0.8202,
        "weapon": 0,
        "pilot_injury": 0.6602,
        "pilot_skill": 0.8914,
        "mission_priority": 0.9381,
        "estimated_landing_time": 1040.0,
        "wait_time": 0,
        "Landing_success_rate": 0.8595
    },
    {
        "model": 0,
        "sequence": 21,
        "status": 1,
        "fuel": 6905,
        "fault": 0.5793,
        "weapon": 0,
        "pilot_injury": 0.6825,
        "pilot_skill": 0.0024,
        "mission_priority": 0.3637,
        "estimated_landing_time": 1980.0,
        "wait_time": 0,
        "Landing_success_rate": 0.8943
    },
    {
        "model": 2,
        "sequence": 4,
        "status": 1,
        "fuel": 6261,
        "fault": 0.6342,
        "weapon": 1,
        "pilot_injury": 0.4679,
        "pilot_skill": 0.1043,
        "mission_priority": 0.2463,
        "estimated_landing_time": 382.0,
        "wait_time": 0,
        "Landing_success_rate": 0.8709
    },
    {
        "model": 1,
        "sequence": 18,
        "status": 1,
        "fuel": 7271,
        "fault": 0.5575,
        "weapon": 0,
        "pilot_injury": 0.0958,
        "pilot_skill": 0.1538,
        "mission_priority": 0.655,
        "estimated_landing_time": 1698.0,
        "wait_time": 0,
        "Landing_success_rate": 0.9088
    },
    {
        "model": 1,
        "sequence": 8,
        "status": 1,
        "fuel": 6910,
        "fault": 0.6533,
        "weapon": 1,
        "pilot_injury": 0.1784,
        "pilot_skill": 0.4926,
        "mission_priority": 0.5837,
        "estimated_landing_time": 758.0,
        "wait_time": 0,
        "Landing_success_rate": 0.8867
    },
    {
        "model": 0,
        "sequence": 13,
        "status": 1,
        "fuel": 6099,
        "fault": 0.743,
        "weapon": 1,
        "pilot_injury": 0.6913,
        "pilot_skill": 0.1807,
        "mission_priority": 0.7135,
        "estimated_landing_time": 1228.0,
        "wait_time": 0,
        "Landing_success_rate": 0.8615
    },
    {
        "model": 1,
        "sequence": 7,
        "status": 1,
        "fuel": 5606,
        "fault": 0.675,
        "weapon": 1,
        "pilot_injury": 0.6694,
        "pilot_skill": 0.2115,
        "mission_priority": 0.5936,
        "estimated_landing_time": 664.0,
        "wait_time": 0,
        "Landing_success_rate": 0.8526
    },
    {
        "model": 1,
        "sequence": 19,
        "status": 1,
        "fuel": 6492,
        "fault": 0.7256,
        "weapon": 0,
        "pilot_injury": 0.9093,
        "pilot_skill": 0.9478,
        "mission_priority": 0.8102,
        "estimated_landing_time": 1792.0,
        "wait_time": 0,
        "Landing_success_rate": 0.8704
    },
    {
        "model": 0,
        "sequence": 20,
        "status": 1,
        "fuel": 6239,
        "fault": 0.2357,
        "weapon": 1,
        "pilot_injury": 0.3627,
        "pilot_skill": 0.0397,
        "mission_priority": 0.2248,
        "estimated_landing_time": 1886.0,
        "wait_time": 0,
        "Landing_success_rate": 0.8924
    },
    {
        "model": 1,
        "sequence": 10,
        "status": 1,
        "fuel": 7400,
        "fault": 0.3259,
        "weapon": 0,
        "pilot_injury": 0.5118,
        "pilot_skill": 0.6489,
        "mission_priority": 0.3628,
        "estimated_landing_time": 946.0,
        "wait_time": 0,
        "Landing_success_rate": 0.9461
    },
    {
        "model": 0,
        "sequence": 1,
        "status": 1,
        "fuel": 6123,
        "fault": 0.1791,
        "weapon": 0,
        "pilot_injury": 0.3012,
        "pilot_skill": 0.9323,
        "mission_priority": 0.2133,
        "estimated_landing_time": 100.0,
        "wait_time": 0,
        "Landing_success_rate": 0.8884
    },
    {
        "model": 0,
        "sequence": 12,
        "status": 1,
        "fuel": 6667,
        "fault": 0.7108,
        "weapon": 1,
        "pilot_injury": 0.5428,
        "pilot_skill": 0.9852,
        "mission_priority": 0.6098,
        "estimated_landing_time": 1134.0,
        "wait_time": 0,
        "Landing_success_rate": 0.8753
    },
    {
        "model": 0,
        "sequence": 9,
        "status": 1,
        "fuel": 5838,
        "fault": 0.3983,
        "weapon": 1,
        "pilot_injury": 0.2893,
        "pilot_skill": 0.0539,
        "mission_priority": 0.2511,
        "estimated_landing_time": 852.0,
        "wait_time": 0,
        "Landing_success_rate": 0.8653
    },
    {
        "model": 2,
        "sequence": 22,
        "status": 1,
        "fuel": 5698,
        "fault": 0.3413,
        "weapon": 0,
        "pilot_injury": 0.8523,
        "pilot_skill": 0.3177,
        "mission_priority": 0.8361,
        "estimated_landing_time": 2074.0,
        "wait_time": 0,
        "Landing_success_rate": 0.8598
    }
]