[
    {
        "model": 0,
        "sequence": 20,
        "status": 1,
        "fuel": 6441,
        "fault": 0.7331,
        "weapon": 0,
        "pilot_injury": 0.7916,
        "pilot_skill": 0.8722,
        "mission_priority": 0.6339,
        "estimated_landing_time": 1886.0,
        "wait_time": 0,
        "Landing_success_rate": 0.8688
    },
    {
        "model": 1,
        "sequence": 15,
        "status": 1,
        "fuel": 6185,
        "fault": 0.2584,
        "weapon": 1,
        "pilot_injury": 0.7411,
        "pilot_skill": 0.605,
        "mission_priority": 0.2229,
        "estimated_landing_time": 1416.0,
        "wait_time": 0,
        "Landing_success_rate": 0.8881
    },
    {
        "model": 2,
        "sequence": 5,
        "status": 1,
        "fuel": 6549,
        "fault": 0.5037,
        "weapon": 1,
        "pilot_injury": 0.7945,
        "pilot_skill": 0.5256,
        "mission_priority": 0.9329,
        "estimated_landing_time": 476.0,
        "wait_time": 0,
        "Landing_success_rate": 0.889
    },
    {
        "model": 0,
        "sequence": 1,
        "status": 1,
        "fuel": 6212,
        "fault": 0.0193,
        "weapon": 1,
        "pilot_injury": 0.0252,
        "pilot_skill": 0.1974,
        "mission_priority": 0.281,
        "estimated_landing_time": 100.0,
        "wait_time": 0,
        "Landing_success_rate": 0.9024
    },
    {
        "model": 1,
        "sequence": 13,
        "status": 1,
        "fuel": 5789,
        "fault": 0.9726,
        "weapon": 1,
        "pilot_injury": 0.4667,
        "pilot_skill": 0.5612,
        "mission_priority": 0.9241,
        "estimated_landing_time": 1228.0,
        "wait_time": 0,
        "Landing_success_rate": 0.8506
    },
    {
        "model": 2,
        "sequence": 22,
        "status": 1,
        "fuel": 6680,
        "fault": 0.5437,
        "weapon": 1,
        "pilot_injury": 0.1765,
        "pilot_skill": 0.0382,
        "mission_priority": 0.0691,
        "estimated_landing_time": 2074.0,
        "wait_time": 0,
        "Landing_success_rate": 0.8904
    },
    {
        "model": 0,
        "sequence": 16,
        "status": 1,
        "fuel": 5562,
        "fault": 0.6447,
        "weapon": 0,
        "pilot_injury": 0.2444,
        "pilot_skill": 0.3923,
        "mission_priority": 0.3939,
        "estimated_landing_time": 1510.0,
        "wait_time": 0,
        "Landing_success_rate": 0.8517
    },
    {
        "model": 0,
        "sequence": 10,
        "status": 1,
        "fuel": 6673,
        "fault": 0.0105,
        "weapon": 1,
        "pilot_injury": 0.9832,
        "pilot_skill": 0.6046,
        "mission_priority": 0.5051,
        "estimated_landing_time": 946.0,
        "wait_time": 0,
        "Landing_success_rate": 0.9371
    },
    {
        "model": 2,
        "sequence": 2,
        "status": 1,
        "fuel": 7481,
        "fault": 0.2236,
        "weapon": 0,
        "pilot_injury": 0.5239,
        "pilot_skill": 0.737,
        "mission_priority": 0.4913,
        "estimated_landing_time": 194.0,
        "wait_time": 0,
        "Landing_success_rate": 0.9654
    },
    {
        "model": 0,
        "sequence": 6,
        "status": 1,
        "fuel": 7115,
        "fault": 0.018,
        "weapon": 0,
        "pilot_injury": 0.4432,
        "pilot_skill": 0.397,
        "mission_priority": 0.7703,
        "estimated_landing_time": 570.0,
        "wait_time": 0,
        "Landing_success_rate": 0.9689
    },
    {
        "model": 0,
        "sequence": 17,
        "status": 1,
        "fuel": 7093,
        "fault": 0.7818,
        "weapon": 1,
        "pilot_injury": 0.6979,
        "pilot_skill": 0.6032,
        "mission_priority": 0.5451,
        "estimated_landing_time": 1604.0,
        "wait_time": 0,
        "Landing_success_rate": 0.8761
    },
    {
        "model": 1,
        "sequence": 23,
        "status": 1,
        "fuel": 5547,
        "fault": 0.6534,
        "weapon": 1,
        "pilot_injury": 0.6464,
        "pilot_skill": 0.8747,
        "mission_priority": 0.733,
        "estimated_landing_time": 2168.0,
        "wait_time": 0,
        "Landing_success_rate": 0.8512
    },
    {
        "model": 0,
        "sequence": 18,
        "status": 1,
        "fuel": 5527,
        "fault": 0.2945,
        "weapon": 1,
        "pilot_injury": 0.0445,
        "pilot_skill": 0.3874,
        "mission_priority": 0.4119,
        "estimated_landing_time": 1698.0,
        "wait_time": 0,
        "Landing_success_rate": 0.8514
    },
    {
        "model": 0,
        "sequence": 21,
        "status": 1,
        "fuel": 6319,
        "fault": 0.0049,
        "weapon": 1,
        "pilot_injury": 0.6435,
        "pilot_skill": 0.1924,
        "mission_priority": 0.9487,
        "estimated_landing_time": 1980.0,
        "wait_time": 0,
        "Landing_success_rate": 0.9111
    },
    {
        "model": 1,
        "sequence": 9,
        "status": 1,
        "fuel": 6624,
        "fault": 0.283,
        "weapon": 0,
        "pilot_injury": 0.6465,
        "pilot_skill": 0.3036,
        "mission_priority": 0.9012,
        "estimated_landing_time": 852.0,
        "wait_time": 0,
        "Landing_success_rate": 0.9104
    },
    {
        "model": 1,
        "sequence": 4,
        "status": 1,
        "fuel": 7136,
        "fault": 0.206,
        "weapon": 1,
        "pilot_injury": 0.5284,
        "pilot_skill": 0.8907,
        "mission_priority": 0.0591,
        "estimated_landing_time": 382.0,
        "wait_time": 0,
        "Landing_success_rate": 0.9474
    },
    {
        "model": 2,
        "sequence": 24,
        "status": 1,
        "fuel": 6218,
        "fault": 0.0514,
        "weapon": 0,
        "pilot_injury": 0.0375,
        "pilot_skill": 0.6392,
        "mission_priority": 0.4033,
        "estimated_landing_time": 2262.0,
        "wait_time": 0,
        "Landing_success_rate": 0.9011
    },
    {
        "model": 2,
        "sequence": 19,
        "status": 1,
        "fuel": 6800,
        "fault": 0.5971,
        "weapon": 0,
        "pilot_injury": 0.8311,
        "pilot_skill": 0.4673,
        "mission_priority": 0.1467,
        "estimated_landing_time": 1792.0,
        "wait_time": 0,
        "Landing_success_rate": 0.8893
    },
    {
        "model": 2,
        "sequence": 3,
        "status": 1,
        "fuel": 6841,
        "fault": 0.1489,
        "weapon": 1,
        "pilot_injury": 0.1111,
        "pilot_skill": 0.1607,
        "mission_priority": 0.9902,
        "estimated_landing_time": 288.0,
        "wait_time": 0,
        "Landing_success_rate": 0.9356
    },
    {
        "model": 1,
        "sequence": 7,
        "status": 1,
        "fuel": 7064,
        "fault": 0.953,
        "weapon": 0,
        "pilot_injury": 0.151,
        "pilot_skill": 0.2405,
        "mission_priority": 0.1802,
        "estimated_landing_time": 664.0,
        "wait_time": 0,
        "Landing_success_rate": 0.8555
    },
    {
        "model": 0,
        "sequence": 12,
        "status": 1,
        "fuel": 6007,
        "fault": 0.1101,
        "weapon": 1,
        "pilot_injury": 0.0478,
        "pilot_skill": 0.2913,
        "mission_priority": 0.8607,
        "estimated_landing_time": 1134.0,
        "wait_time": 0,
        "Landing_success_rate": 0.8838
    },
    {
        "model": 0,
        "sequence": 11,
        "status": 1,
        "fuel": 7068,
        "fault": 0.3827,
        "weapon": 1,
        "pilot_injury": 0.0855,
        "pilot_skill": 0.8828,
        "mission_priority": 0.5345,
        "estimated_landing_time": 1040.0,
        "wait_time": 0,
        "Landing_success_rate": 0.9226
    },
    {
        "model": 0,
        "sequence": 8,
        "status": 1,
        "fuel": 5648,
        "fault": 0.3895,
        "weapon": 0,
        "pilot_injury": 0.0088,
        "pilot_skill": 0.5559,
        "mission_priority": 0.7912,
        "estimated_landing_time": 758.0,
        "wait_time": 0,
        "Landing_success_rate": 0.8568
    },
    {
        "model": 0,
        "sequence": 14,
        "status": 1,
        "fuel": 6729,
        "fault": 0.8035,
        "weapon": 1,
        "pilot_injury": 0.9775,
        "pilot_skill": 0.2118,
        "mission_priority": 0.5312,
        "estimated_landing_time": 1322.0,
        "wait_time": 0,
        "Landing_success_rate": 0.8681
    }
]