[
    {
        "model": 1,
        "sequence": 4,
        "status": 1,
        "fuel": 6933,
        "fault": 0.1927,
        "weapon": 1,
        "pilot_injury": 0.4459,
        "pilot_skill": 0.7851,
        "mission_priority": 0.8238,
        "estimated_landing_time": 382.0,
        "wait_time": 0,
        "Landing_success_rate": 0.9368
    },
    {
        "model": 1,
        "sequence": 1,
        "status": 1,
        "fuel": 5522,
        "fault": 0.0923,
        "weapon": 1,
        "pilot_injury": 0.1089,
        "pilot_skill": 0.4578,
        "mission_priority": 0.2865,
        "estimated_landing_time": 100.0,
        "wait_time": 0,
        "Landing_success_rate": 0.8515
    },
    {
        "model": 1,
        "sequence": 21,
        "status": 1,
        "fuel": 6219,
        "fault": 0.0245,
        "weapon": 1,
        "pilot_injury": 0.8312,
        "pilot_skill": 0.1147,
        "mission_priority": 0.1241,
        "estimated_landing_time": 1980.0,
        "wait_time": 0,
        "Landing_success_rate": 0.9026
    },
    {
        "model": 0,
        "sequence": 16,
        "status": 1,
        "fuel": 5913,
        "fault": 0.3004,
        "weapon": 1,
        "pilot_injury": 0.7684,
        "pilot_skill": 0.8287,
        "mission_priority": 0.5228,
        "estimated_landing_time": 1510.0,
        "wait_time": 0,
        "Landing_success_rate": 0.8717
    },
    {
        "model": 1,
        "sequence": 18,
        "status": 1,
        "fuel": 5939,
        "fault": 0.8264,
        "weapon": 0,
        "pilot_injury": 0.2264,
        "pilot_skill": 0.7729,
        "mission_priority": 0.9573,
        "estimated_landing_time": 1698.0,
        "wait_time": 0,
        "Landing_success_rate": 0.8557
    },
    {
        "model": 1,
        "sequence": 20,
        "status": 1,
        "fuel": 6073,
        "fault": 0.5713,
        "weapon": 1,
        "pilot_injury": 0.6319,
        "pilot_skill": 0.0273,
        "mission_priority": 0.7003,
        "estimated_landing_time": 1886.0,
        "wait_time": 0,
        "Landing_success_rate": 0.8684
    },
    {
        "model": 1,
        "sequence": 7,
        "status": 1,
        "fuel": 6122,
        "fault": 0.3405,
        "weapon": 0,
        "pilot_injury": 0.5294,
        "pilot_skill": 0.8501,
        "mission_priority": 0.9238,
        "estimated_landing_time": 664.0,
        "wait_time": 0,
        "Landing_success_rate": 0.8808
    },
    {
        "model": 2,
        "sequence": 14,
        "status": 1,
        "fuel": 7200,
        "fault": 0.5241,
        "weapon": 0,
        "pilot_injury": 0.8295,
        "pilot_skill": 0.8367,
        "mission_priority": 0.571,
        "estimated_landing_time": 1322.0,
        "wait_time": 0,
        "Landing_success_rate": 0.9107
    },
    {
        "model": 1,
        "sequence": 10,
        "status": 1,
        "fuel": 7480,
        "fault": 0.4525,
        "weapon": 0,
        "pilot_injury": 0.8416,
        "pilot_skill": 0.2637,
        "mission_priority": 0.5598,
        "estimated_landing_time": 946.0,
        "wait_time": 0,
        "Landing_success_rate": 0.9313
    },
    {
        "model": 0,
        "sequence": 12,
        "status": 1,
        "fuel": 5581,
        "fault": 0.7376,
        "weapon": 0,
        "pilot_injury": 0.9483,
        "pilot_skill": 0.7104,
        "mission_priority": 0.4232,
        "estimated_landing_time": 1134.0,
        "wait_time": 0,
        "Landing_success_rate": 0.8516
    },
    {
        "model": 1,
        "sequence": 11,
        "status": 1,
        "fuel": 6789,
        "fault": 0.2217,
        "weapon": 0,
        "pilot_injury": 0.7914,
        "pilot_skill": 0.6053,
        "mission_priority": 0.5275,
        "estimated_landing_time": 1040.0,
        "wait_time": 0,
        "Landing_success_rate": 0.9252
    },
    {
        "model": 2,
        "sequence": 8,
        "status": 1,
        "fuel": 6802,
        "fault": 0.3755,
        "weapon": 0,
        "pilot_injury": 0.86,
        "pilot_skill": 0.4395,
        "mission_priority": 0.0024,
        "estimated_landing_time": 758.0,
        "wait_time": 0,
        "Landing_success_rate": 0.911
    },
    {
        "model": 1,
        "sequence": 6,
        "status": 1,
        "fuel": 6837,
        "fault": 0.3013,
        "weapon": 1,
        "pilot_injury": 0.4844,
        "pilot_skill": 0.4547,
        "mission_priority": 0.8054,
        "estimated_landing_time": 570.0,
        "wait_time": 0,
        "Landing_success_rate": 0.9201
    },
    {
        "model": 1,
        "sequence": 19,
        "status": 1,
        "fuel": 5769,
        "fault": 0.3282,
        "weapon": 1,
        "pilot_injury": 0.3457,
        "pilot_skill": 0.5947,
        "mission_priority": 0.8229,
        "estimated_landing_time": 1792.0,
        "wait_time": 0,
        "Landing_success_rate": 0.8636
    },
    {
        "model": 2,
        "sequence": 2,
        "status": 1,
        "fuel": 6144,
        "fault": 0.8078,
        "weapon": 0,
        "pilot_injury": 0.5719,
        "pilot_skill": 0.3569,
        "mission_priority": 0.1921,
        "estimated_landing_time": 194.0,
        "wait_time": 0,
        "Landing_success_rate": 0.8593
    },
    {
        "model": 0,
        "sequence": 17,
        "status": 1,
        "fuel": 6674,
        "fault": 0.656,
        "weapon": 0,
        "pilot_injury": 0.3791,
        "pilot_skill": 0.883,
        "mission_priority": 0.223,
        "estimated_landing_time": 1604.0,
        "wait_time": 0,
        "Landing_success_rate": 0.8803
    },
    {
        "model": 2,
        "sequence": 24,
        "status": 1,
        "fuel": 6620,
        "fault": 0.7273,
        "weapon": 0,
        "pilot_injury": 0.5563,
        "pilot_skill": 0.3468,
        "mission_priority": 0.8609,
        "estimated_landing_time": 2262.0,
        "wait_time": 0,
        "Landing_success_rate": 0.8729
    },
    {
        "model": 1,
        "sequence": 13,
        "status": 1,
        "fuel": 6625,
        "fault": 0.5692,
        "weapon": 1,
        "pilot_injury": 0.8891,
        "pilot_skill": 0.094,
        "mission_priority": 0.3945,
        "estimated_landing_time": 1228.0,
        "wait_time": 0,
        "Landing_success_rate": 0.8863
    },
    {
        "model": 1,
        "sequence": 22,
        "status": 1,
        "fuel": 7092,
        "fault": 0.3657,
        "weapon": 0,
        "pilot_injury": 0.9267,
        "pilot_skill": 0.1525,
        "mission_priority": 0.3366,
        "estimated_landing_time": 2074.0,
        "wait_time": 0,
        "Landing_success_rate": 0.9257
    },
    {
        "model": 1,
        "sequence": 23,
        "status": 1,
        "fuel": 7266,
        "fault": 0.4046,
        "weapon": 1,
        "pilot_injury": 0.1953,
        "pilot_skill": 0.0099,
        "mission_priority": 0.9765,
        "estimated_landing_time": 2168.0,
        "wait_time": 0,
        "Landing_success_rate": 0.9289
    },
    {
        "model": 1,
        "sequence": 5,
        "status": 1,
        "fuel": 6000,
        "fault": 0.8377,
        "weapon": 0,
        "pilot_injury": 0.4835,
        "pilot_skill": 0.4889,
        "mission_priority": 0.8692,
        "estimated_landing_time": 476.0,
        "wait_time": 0,
        "Landing_success_rate": 0.8561
    },
    {
        "model": 0,
        "sequence": 15,
        "status": 1,
        "fuel": 7276,
        "fault": 0.6241,
        "weapon": 0,
        "pilot_injury": 0.912,
        "pilot_skill": 0.566,
        "mission_priority": 0.2855,
        "estimated_landing_time": 1416.0,
        "wait_time": 0,
        "Landing_success_rate": 0.9001
    },
    {
        "model": 1,
        "sequence": 9,
        "status": 1,
        "fuel": 5633,
        "fault": 0.6361,
        "weapon": 1,
        "pilot_injury": 0.5836,
        "pilot_skill": 0.8957,
        "mission_priority": 0.8954,
        "estimated_landing_time": 852.0,
        "wait_time": 0,
        "Landing_success_rate": 0.8536
    },
    {
        "model": 1,
        "sequence": 3,
        "status": 1,
        "fuel": 7275,
        "fault": 0.9296,
        "weapon": 1,
        "pilot_injury": 0.6779,
        "pilot_skill": 0.1111,
        "mission_priority": 0.4656,
        "estimated_landing_time": 288.0,
        "wait_time": 0,
        "Landing_success_rate": 0.8594
    }
]