[
    {
        "model": 1,
        "sequence": 20,
        "status": 1,
        "fuel": 5772,
        "fault": 0.3708,
        "weapon": 1,
        "pilot_injury": 0.5229,
        "pilot_skill": 0.2615,
        "mission_priority": 0.7171,
        "estimated_landing_time": 1886.0,
        "wait_time": 0,
        "Landing_success_rate": 0.8628
    },
    {
        "model": 0,
        "sequence": 9,
        "status": 1,
        "fuel": 5506,
        "fault": 0.7835,
        "weapon": 1,
        "pilot_injury": 0.7791,
        "pilot_skill": 0.0553,
        "mission_priority": 0.3202,
        "estimated_landing_time": 852.0,
        "wait_time": 0,
        "Landing_success_rate": 0.8501
    },
    {
        "model": 2,
        "sequence": 3,
        "status": 1,
        "fuel": 6879,
        "fault": 0.1239,
        "weapon": 1,
        "pilot_injury": 0.6832,
        "pilot_skill": 0.3844,
        "mission_priority": 0.3972,
        "estimated_landing_time": 288.0,
        "wait_time": 0,
        "Landing_success_rate": 0.9406
    },
    {
        "model": 1,
        "sequence": 12,
        "status": 1,
        "fuel": 7167,
        "fault": 0.3222,
        "weapon": 1,
        "pilot_injury": 0.8617,
        "pilot_skill": 0.7886,
        "mission_priority": 0.9358,
        "estimated_landing_time": 1134.0,
        "wait_time": 0,
        "Landing_success_rate": 0.9347
    },
    {
        "model": 1,
        "sequence": 4,
        "status": 1,
        "fuel": 7064,
        "fault": 0.3873,
        "weapon": 0,
        "pilot_injury": 0.2593,
        "pilot_skill": 0.6669,
        "mission_priority": 0.9062,
        "estimated_landing_time": 382.0,
        "wait_time": 0,
        "Landing_success_rate": 0.9219
    },
    {
        "model": 1,
        "sequence": 15,
        "status": 1,
        "fuel": 7098,
        "fault": 0.3609,
        "weapon": 0,
        "pilot_injury": 0.1494,
        "pilot_skill": 0.8106,
        "mission_priority": 0.6141,
        "estimated_landing_time": 1416.0,
        "wait_time": 0,
        "Landing_success_rate": 0.9266
    },
    {
        "model": 0,
        "sequence": 22,
        "status": 1,
        "fuel": 6142,
        "fault": 0.767,
        "weapon": 0,
        "pilot_injury": 0.9057,
        "pilot_skill": 0.0672,
        "mission_priority": 0.2876,
        "estimated_landing_time": 2074.0,
        "wait_time": 0,
        "Landing_success_rate": 0.8612
    },
    {
        "model": 1,
        "sequence": 1,
        "status": 1,
        "fuel": 6114,
        "fault": 0.7712,
        "weapon": 1,
        "pilot_injury": 0.1717,
        "pilot_skill": 0.4802,
        "mission_priority": 0.7844,
        "estimated_landing_time": 100.0,
        "wait_time": 0,
        "Landing_success_rate": 0.8605
    },
    {
        "model": 2,
        "sequence": 19,
        "status": 1,
        "fuel": 7484,
        "fault": 0.9709,
        "weapon": 1,
        "pilot_injury": 0.1578,
        "pilot_skill": 0.0792,
        "mission_priority": 0.4941,
        "estimated_landing_time": 1792.0,
        "wait_time": 0,
        "Landing_success_rate": 0.8543
    },
    {
        "model": 1,
        "sequence": 6,
        "status": 1,
        "fuel": 6921,
        "fault": 0.1732,
        "weapon": 0,
        "pilot_injury": 0.5828,
        "pilot_skill": 0.0482,
        "mission_priority": 0.4115,
        "estimated_landing_time": 570.0,
        "wait_time": 0,
        "Landing_success_rate": 0.9381
    },
    {
        "model": 2,
        "sequence": 18,
        "status": 1,
        "fuel": 6785,
        "fault": 0.4435,
        "weapon": 0,
        "pilot_injury": 0.0048,
        "pilot_skill": 0.1996,
        "mission_priority": 0.9498,
        "estimated_landing_time": 1698.0,
        "wait_time": 0,
        "Landing_success_rate": 0.9036
    },
    {
        "model": 1,
        "sequence": 2,
        "status": 1,
        "fuel": 6403,
        "fault": 0.335,
        "weapon": 0,
        "pilot_injury": 0.3082,
        "pilot_skill": 0.5854,
        "mission_priority": 0.3565,
        "estimated_landing_time": 194.0,
        "wait_time": 0,
        "Landing_success_rate": 0.895
    },
    {
        "model": 0,
        "sequence": 24,
        "status": 1,
        "fuel": 7372,
        "fault": 0.0202,
        "weapon": 1,
        "pilot_injury": 0.4598,
        "pilot_skill": 0.3311,
        "mission_priority": 0.258,
        "estimated_landing_time": 2262.0,
        "wait_time": 0,
        "Landing_success_rate": 0.9876
    },
    {
        "model": 1,
        "sequence": 11,
        "status": 1,
        "fuel": 5806,
        "fault": 0.6522,
        "weapon": 0,
        "pilot_injury": 0.2018,
        "pilot_skill": 0.7584,
        "mission_priority": 0.7237,
        "estimated_landing_time": 1040.0,
        "wait_time": 0,
        "Landing_success_rate": 0.858
    },
    {
        "model": 2,
        "sequence": 14,
        "status": 1,
        "fuel": 6692,
        "fault": 0.6135,
        "weapon": 0,
        "pilot_injury": 0.2794,
        "pilot_skill": 0.8637,
        "mission_priority": 0.2803,
        "estimated_landing_time": 1322.0,
        "wait_time": 0,
        "Landing_success_rate": 0.8846
    },
    {
        "model": 2,
        "sequence": 8,
        "status": 1,
        "fuel": 5734,
        "fault": 0.439,
        "weapon": 1,
        "pilot_injury": 0.6292,
        "pilot_skill": 0.8409,
        "mission_priority": 0.5399,
        "estimated_landing_time": 758.0,
        "wait_time": 0,
        "Landing_success_rate": 0.8598
    },
    {
        "model": 1,
        "sequence": 5,
        "status": 1,
        "fuel": 6887,
        "fault": 0.9118,
        "weapon": 0,
        "pilot_injury": 0.0225,
        "pilot_skill": 0.3317,
        "mission_priority": 0.9186,
        "estimated_landing_time": 476.0,
        "wait_time": 0,
        "Landing_success_rate": 0.8592
    },
    {
        "model": 0,
        "sequence": 13,
        "status": 1,
        "fuel": 6318,
        "fault": 0.1215,
        "weapon": 1,
        "pilot_injury": 0.6377,
        "pilot_skill": 0.3219,
        "mission_priority": 0.0712,
        "estimated_landing_time": 1228.0,
        "wait_time": 0,
        "Landing_success_rate": 0.9039
    },
    {
        "model": 1,
        "sequence": 16,
        "status": 1,
        "fuel": 7205,
        "fault": 0.3004,
        "weapon": 0,
        "pilot_injury": 0.4799,
        "pilot_skill": 0.3939,
        "mission_priority": 0.521,
        "estimated_landing_time": 1510.0,
        "wait_time": 0,
        "Landing_success_rate": 0.9395
    },
    {
        "model": 0,
        "sequence": 17,
        "status": 1,
        "fuel": 6431,
        "fault": 0.7607,
        "weapon": 0,
        "pilot_injury": 0.3517,
        "pilot_skill": 0.4737,
        "mission_priority": 0.3417,
        "estimated_landing_time": 1604.0,
        "wait_time": 0,
        "Landing_success_rate": 0.8667
    },
    {
        "model": 2,
        "sequence": 23,
        "status": 1,
        "fuel": 6790,
        "fault": 0.8815,
        "weapon": 0,
        "pilot_injury": 0.1772,
        "pilot_skill": 0.8628,
        "mission_priority": 0.2006,
        "estimated_landing_time": 2168.0,
        "wait_time": 0,
        "Landing_success_rate": 0.8615
    },
    {
        "model": 2,
        "sequence": 10,
        "status": 1,
        "fuel": 7395,
        "fault": 0.1309,
        "weapon": 1,
        "pilot_injury": 0.6968,
        "pilot_skill": 0.502,
        "mission_priority": 0.7954,
        "estimated_landing_time": 946.0,
        "wait_time": 0,
        "Landing_success_rate": 0.9735
    },
    {
        "model": 1,
        "sequence": 21,
        "status": 1,
        "fuel": 7193,
        "fault": 0.5885,
        "weapon": 0,
        "pilot_injury": 0.102,
        "pilot_skill": 0.003,
        "mission_priority": 0.1919,
        "estimated_landing_time": 1980.0,
        "wait_time": 0,
        "Landing_success_rate": 0.9023
    },
    {
        "model": 0,
        "sequence": 7,
        "status": 1,
        "fuel": 5576,
        "fault": 0.6837,
        "weapon": 0,
        "pilot_injury": 0.5098,
        "pilot_skill": 0.5201,
        "mission_priority": 0.723,
        "estimated_landing_time": 664.0,
        "wait_time": 0,
        "Landing_success_rate": 0.8518
    }
]