[
    {
        "model": 0,
        "sequence": 16,
        "status": 1,
        "fuel": 7107,
        "fault": 0.4165,
        "weapon": 1,
        "pilot_injury": 0.2945,
        "pilot_skill": 0.759,
        "mission_priority": 0.3382,
        "estimated_landing_time": 1510.0,
        "wait_time": 0,
        "Landing_success_rate": 0.9203
    },
    {
        "model": 1,
        "sequence": 6,
        "status": 1,
        "fuel": 7123,
        "fault": 0.8588,
        "weapon": 0,
        "pilot_injury": 0.4147,
        "pilot_skill": 0.7233,
        "mission_priority": 0.8518,
        "estimated_landing_time": 570.0,
        "wait_time": 0,
        "Landing_success_rate": 0.8672
    },
    {
        "model": 0,
        "sequence": 22,
        "status": 1,
        "fuel": 6161,
        "fault": 0.672,
        "weapon": 1,
        "pilot_injury": 0.5791,
        "pilot_skill": 0.3605,
        "mission_priority": 0.7045,
        "estimated_landing_time": 2074.0,
        "wait_time": 0,
        "Landing_success_rate": 0.8663
    },
    {
        "model": 2,
        "sequence": 23,
        "status": 1,
        "fuel": 6738,
        "fault": 0.5373,
        "weapon": 1,
        "pilot_injury": 0.0128,
        "pilot_skill": 0.3402,
        "mission_priority": 0.8782,
        "estimated_landing_time": 2168.0,
        "wait_time": 0,
        "Landing_success_rate": 0.893
    },
    {
        "model": 0,
        "sequence": 15,
        "status": 1,
        "fuel": 7162,
        "fault": 0.6778,
        "weapon": 1,
        "pilot_injury": 0.7907,
        "pilot_skill": 0.0946,
        "mission_priority": 0.3119,
        "estimated_landing_time": 1416.0,
        "wait_time": 0,
        "Landing_success_rate": 0.8902
    },
    {
        "model": 2,
        "sequence": 7,
        "status": 1,
        "fuel": 7158,
        "fault": 0.5601,
        "weapon": 1,
        "pilot_injury": 0.7828,
        "pilot_skill": 0.1724,
        "mission_priority": 0.835,
        "estimated_landing_time": 664.0,
        "wait_time": 0,
        "Landing_success_rate": 0.9047
    },
    {
        "model": 0,
        "sequence": 5,
        "status": 1,
        "fuel": 6554,
        "fault": 0.5657,
        "weapon": 1,
        "pilot_injury": 0.2394,
        "pilot_skill": 0.3411,
        "mission_priority": 0.9016,
        "estimated_landing_time": 476.0,
        "wait_time": 0,
        "Landing_success_rate": 0.8843
    },
    {
        "model": 0,
        "sequence": 17,
        "status": 1,
        "fuel": 6694,
        "fault": 0.2357,
        "weapon": 0,
        "pilot_injury": 0.0836,
        "pilot_skill": 0.929,
        "mission_priority": 0.3004,
        "estimated_landing_time": 1604.0,
        "wait_time": 0,
        "Landing_success_rate": 0.9184
    },
    {
        "model": 0,
        "sequence": 14,
        "status": 1,
        "fuel": 6722,
        "fault": 0.6956,
        "weapon": 1,
        "pilot_injury": 0.282,
        "pilot_skill": 0.0806,
        "mission_priority": 0.9837,
        "estimated_landing_time": 1322.0,
        "wait_time": 0,
        "Landing_success_rate": 0.8779
    },
    {
        "model": 1,
        "sequence": 13,
        "status": 1,
        "fuel": 7467,
        "fault": 0.9065,
        "weapon": 0,
        "pilot_injury": 0.4199,
        "pilot_skill": 0.4148,
        "mission_priority": 0.4338,
        "estimated_landing_time": 1228.0,
        "wait_time": 0,
        "Landing_success_rate": 0.8638
    },
    {
        "model": 0,
        "sequence": 18,
        "status": 1,
        "fuel": 7247,
        "fault": 0.5239,
        "weapon": 1,
        "pilot_injury": 0.9416,
        "pilot_skill": 0.6659,
        "mission_priority": 0.6975,
        "estimated_landing_time": 1698.0,
        "wait_time": 0,
        "Landing_success_rate": 0.9124
    },
    {
        "model": 2,
        "sequence": 3,
        "status": 1,
        "fuel": 6976,
        "fault": 0.1014,
        "weapon": 0,
        "pilot_injury": 0.0522,
        "pilot_skill": 0.6531,
        "mission_priority": 0.3398,
        "estimated_landing_time": 288.0,
        "wait_time": 0,
        "Landing_success_rate": 0.9495
    },
    {
        "model": 2,
        "sequence": 12,
        "status": 1,
        "fuel": 6211,
        "fault": 0.7875,
        "weapon": 0,
        "pilot_injury": 0.5535,
        "pilot_skill": 0.0715,
        "mission_priority": 0.0616,
        "estimated_landing_time": 1134.0,
        "wait_time": 0,
        "Landing_success_rate": 0.8613
    },
    {
        "model": 0,
        "sequence": 19,
        "status": 1,
        "fuel": 6799,
        "fault": 0.1687,
        "weapon": 1,
        "pilot_injury": 0.3622,
        "pilot_skill": 0.2184,
        "mission_priority": 0.6989,
        "estimated_landing_time": 1792.0,
        "wait_time": 0,
        "Landing_success_rate": 0.931
    },
    {
        "model": 1,
        "sequence": 4,
        "status": 1,
        "fuel": 6537,
        "fault": 0.2767,
        "weapon": 1,
        "pilot_injury": 0.6745,
        "pilot_skill": 0.6231,
        "mission_priority": 0.7743,
        "estimated_landing_time": 382.0,
        "wait_time": 0,
        "Landing_success_rate": 0.9063
    },
    {
        "model": 0,
        "sequence": 1,
        "status": 1,
        "fuel": 5876,
        "fault": 0.8866,
        "weapon": 0,
        "pilot_injury": 0.1919,
        "pilot_skill": 0.2232,
        "mission_priority": 0.7067,
        "estimated_landing_time": 100.0,
        "wait_time": 0,
        "Landing_success_rate": 0.8532
    },
    {
        "model": 0,
        "sequence": 2,
        "status": 1,
        "fuel": 7301,
        "fault": 0.0056,
        "weapon": 1,
        "pilot_injury": 0.1079,
        "pilot_skill": 0.1223,
        "mission_priority": 0.2499,
        "estimated_landing_time": 194.0,
        "wait_time": 0,
        "Landing_success_rate": 0.9843
    },
    {
        "model": 2,
        "sequence": 9,
        "status": 1,
        "fuel": 5696,
        "fault": 0.2007,
        "weapon": 0,
        "pilot_injury": 0.5682,
        "pilot_skill": 0.7448,
        "mission_priority": 0.0327,
        "estimated_landing_time": 852.0,
        "wait_time": 0,
        "Landing_success_rate": 0.8617
    },
    {
        "model": 1,
        "sequence": 10,
        "status": 1,
        "fuel": 6894,
        "fault": 0.9823,
        "weapon": 1,
        "pilot_injury": 0.2266,
        "pilot_skill": 0.0319,
        "mission_priority": 0.3259,
        "estimated_landing_time": 946.0,
        "wait_time": 0,
        "Landing_success_rate": 0.8519
    },
    {
        "model": 2,
        "sequence": 20,
        "status": 1,
        "fuel": 5921,
        "fault": 0.8342,
        "weapon": 0,
        "pilot_injury": 0.7756,
        "pilot_skill": 0.4124,
        "mission_priority": 0.8433,
        "estimated_landing_time": 1886.0,
        "wait_time": 0,
        "Landing_success_rate": 0.8552
    },
    {
        "model": 1,
        "sequence": 24,
        "status": 1,
        "fuel": 5553,
        "fault": 0.9736,
        "weapon": 0,
        "pilot_injury": 0.476,
        "pilot_skill": 0.746,
        "mission_priority": 0.2404,
        "estimated_landing_time": 2262.0,
        "wait_time": 0,
        "Landing_success_rate": 0.8501
    },
    {
        "model": 0,
        "sequence": 11,
        "status": 1,
        "fuel": 5785,
        "fault": 0.96,
        "weapon": 1,
        "pilot_injury": 0.4838,
        "pilot_skill": 0.4581,
        "mission_priority": 0.8107,
        "estimated_landing_time": 1040.0,
        "wait_time": 0,
        "Landing_success_rate": 0.8509
    },
    {
        "model": 2,
        "sequence": 8,
        "status": 1,
        "fuel": 6681,
        "fault": 0.7026,
        "weapon": 1,
        "pilot_injury": 0.8224,
        "pilot_skill": 0.8453,
        "mission_priority": 0.1183,
        "estimated_landing_time": 758.0,
        "wait_time": 0,
        "Landing_success_rate": 0.8763
    },
    {
        "model": 0,
        "sequence": 21,
        "status": 1,
        "fuel": 7303,
        "fault": 0.5976,
        "weapon": 1,
        "pilot_injury": 0.8556,
        "pilot_skill": 0.2648,
        "mission_priority": 0.5782,
        "estimated_landing_time": 1980.0,
        "wait_time": 0,
        "Landing_success_rate": 0.9044
    }
]