[
    {
        "model": 1,
        "sequence": 22,
        "status": 1,
        "fuel": 6844,
        "fault": 0.6816,
        "weapon": 1,
        "pilot_injury": 0.2993,
        "pilot_skill": 0.4201,
        "mission_priority": 0.545,
        "estimated_landing_time": 2074.0,
        "wait_time": 0,
        "Landing_success_rate": 0.8821
    },
    {
        "model": 2,
        "sequence": 12,
        "status": 1,
        "fuel": 6847,
        "fault": 0.4765,
        "weapon": 1,
        "pilot_injury": 0.8635,
        "pilot_skill": 0.095,
        "mission_priority": 0.9806,
        "estimated_landing_time": 1134.0,
        "wait_time": 0,
        "Landing_success_rate": 0.9029
    },
    {
        "model": 1,
        "sequence": 18,
        "status": 1,
        "fuel": 6555,
        "fault": 0.7181,
        "weapon": 1,
        "pilot_injury": 0.2452,
        "pilot_skill": 0.0862,
        "mission_priority": 0.6718,
        "estimated_landing_time": 1698.0,
        "wait_time": 0,
        "Landing_success_rate": 0.8723
    },
    {
        "model": 1,
        "sequence": 5,
        "status": 1,
        "fuel": 7181,
        "fault": 0.9573,
        "weapon": 1,
        "pilot_injury": 0.8325,
        "pilot_skill": 0.989,
        "mission_priority": 0.5042,
        "estimated_landing_time": 476.0,
        "wait_time": 0,
        "Landing_success_rate": 0.8554
    },
    {
        "model": 1,
        "sequence": 3,
        "status": 1,
        "fuel": 6059,
        "fault": 0.5439,
        "weapon": 0,
        "pilot_injury": 0.8362,
        "pilot_skill": 0.3598,
        "mission_priority": 0.3648,
        "estimated_landing_time": 288.0,
        "wait_time": 0,
        "Landing_success_rate": 0.8691
    },
    {
        "model": 0,
        "sequence": 23,
        "status": 1,
        "fuel": 6820,
        "fault": 0.8283,
        "weapon": 0,
        "pilot_injury": 0.4422,
        "pilot_skill": 0.9873,
        "mission_priority": 0.3299,
        "estimated_landing_time": 2168.0,
        "wait_time": 0,
        "Landing_success_rate": 0.867
    },
    {
        "model": 2,
        "sequence": 10,
        "status": 1,
        "fuel": 6646,
        "fault": 0.3802,
        "weapon": 1,
        "pilot_injury": 0.3371,
        "pilot_skill": 0.0551,
        "mission_priority": 0.956,
        "estimated_landing_time": 946.0,
        "wait_time": 0,
        "Landing_success_rate": 0.9033
    },
    {
        "model": 0,
        "sequence": 13,
        "status": 1,
        "fuel": 6962,
        "fault": 0.932,
        "weapon": 1,
        "pilot_injury": 0.5133,
        "pilot_skill": 0.7702,
        "mission_priority": 0.5341,
        "estimated_landing_time": 1228.0,
        "wait_time": 0,
        "Landing_success_rate": 0.8575
    },
    {
        "model": 0,
        "sequence": 6,
        "status": 1,
        "fuel": 7204,
        "fault": 0.075,
        "weapon": 0,
        "pilot_injury": 0.5336,
        "pilot_skill": 0.2306,
        "mission_priority": 0.2118,
        "estimated_landing_time": 570.0,
        "wait_time": 0,
        "Landing_success_rate": 0.9682
    },
    {
        "model": 2,
        "sequence": 2,
        "status": 1,
        "fuel": 7000,
        "fault": 0.1277,
        "weapon": 0,
        "pilot_injury": 0.5592,
        "pilot_skill": 0.5025,
        "mission_priority": 0.7984,
        "estimated_landing_time": 194.0,
        "wait_time": 0,
        "Landing_success_rate": 0.9481
    },
    {
        "model": 2,
        "sequence": 21,
        "status": 1,
        "fuel": 7494,
        "fault": 0.5921,
        "weapon": 0,
        "pilot_injury": 0.6059,
        "pilot_skill": 0.7012,
        "mission_priority": 0.6212,
        "estimated_landing_time": 1980.0,
        "wait_time": 0,
        "Landing_success_rate": 0.911
    },
    {
        "model": 0,
        "sequence": 4,
        "status": 1,
        "fuel": 6239,
        "fault": 0.9624,
        "weapon": 0,
        "pilot_injury": 0.3487,
        "pilot_skill": 0.1847,
        "mission_priority": 0.7954,
        "estimated_landing_time": 382.0,
        "wait_time": 0,
        "Landing_success_rate": 0.8521
    },
    {
        "model": 0,
        "sequence": 11,
        "status": 1,
        "fuel": 6965,
        "fault": 0.5302,
        "weapon": 1,
        "pilot_injury": 0.5496,
        "pilot_skill": 0.0013,
        "mission_priority": 0.2399,
        "estimated_landing_time": 1040.0,
        "wait_time": 0,
        "Landing_success_rate": 0.9016
    },
    {
        "model": 1,
        "sequence": 16,
        "status": 1,
        "fuel": 7277,
        "fault": 0.9629,
        "weapon": 0,
        "pilot_injury": 0.4269,
        "pilot_skill": 0.6013,
        "mission_priority": 0.7308,
        "estimated_landing_time": 1510.0,
        "wait_time": 0,
        "Landing_success_rate": 0.8549
    },
    {
        "model": 2,
        "sequence": 19,
        "status": 1,
        "fuel": 5556,
        "fault": 0.0912,
        "weapon": 0,
        "pilot_injury": 0.6365,
        "pilot_skill": 0.5884,
        "mission_priority": 0.7368,
        "estimated_landing_time": 1792.0,
        "wait_time": 0,
        "Landing_success_rate": 0.8538
    },
    {
        "model": 0,
        "sequence": 17,
        "status": 1,
        "fuel": 6901,
        "fault": 0.1001,
        "weapon": 0,
        "pilot_injury": 0.4992,
        "pilot_skill": 0.8847,
        "mission_priority": 0.1861,
        "estimated_landing_time": 1604.0,
        "wait_time": 0,
        "Landing_success_rate": 0.9446
    },
    {
        "model": 1,
        "sequence": 9,
        "status": 1,
        "fuel": 5712,
        "fault": 0.0309,
        "weapon": 0,
        "pilot_injury": 0.3642,
        "pilot_skill": 0.4122,
        "mission_priority": 0.3192,
        "estimated_landing_time": 852.0,
        "wait_time": 0,
        "Landing_success_rate": 0.8654
    },
    {
        "model": 0,
        "sequence": 1,
        "status": 1,
        "fuel": 7060,
        "fault": 0.5842,
        "weapon": 0,
        "pilot_injury": 0.2088,
        "pilot_skill": 0.7496,
        "mission_priority": 0.0385,
        "estimated_landing_time": 100.0,
        "wait_time": 0,
        "Landing_success_rate": 0.8986
    },
    {
        "model": 0,
        "sequence": 20,
        "status": 1,
        "fuel": 7310,
        "fault": 0.6727,
        "weapon": 1,
        "pilot_injury": 0.6898,
        "pilot_skill": 0.7931,
        "mission_priority": 0.9313,
        "estimated_landing_time": 1886.0,
        "wait_time": 0,
        "Landing_success_rate": 0.8944
    },
    {
        "model": 2,
        "sequence": 24,
        "status": 1,
        "fuel": 6227,
        "fault": 0.5595,
        "weapon": 0,
        "pilot_injury": 0.2306,
        "pilot_skill": 0.5,
        "mission_priority": 0.0139,
        "estimated_landing_time": 2262.0,
        "wait_time": 0,
        "Landing_success_rate": 0.874
    },
    {
        "model": 0,
        "sequence": 15,
        "status": 1,
        "fuel": 7250,
        "fault": 0.8169,
        "weapon": 0,
        "pilot_injury": 0.6964,
        "pilot_skill": 0.5557,
        "mission_priority": 0.4524,
        "estimated_landing_time": 1416.0,
        "wait_time": 0,
        "Landing_success_rate": 0.874
    },
    {
        "model": 2,
        "sequence": 14,
        "status": 1,
        "fuel": 6675,
        "fault": 0.0197,
        "weapon": 1,
        "pilot_injury": 0.6124,
        "pilot_skill": 0.046,
        "mission_priority": 0.6939,
        "estimated_landing_time": 1322.0,
        "wait_time": 0,
        "Landing_success_rate": 0.9364
    },
    {
        "model": 0,
        "sequence": 8,
        "status": 1,
        "fuel": 6367,
        "fault": 0.8229,
        "weapon": 0,
        "pilot_injury": 0.3114,
        "pilot_skill": 0.777,
        "mission_priority": 0.4179,
        "estimated_landing_time": 758.0,
        "wait_time": 0,
        "Landing_success_rate": 0.8615
    },
    {
        "model": 1,
        "sequence": 7,
        "status": 1,
        "fuel": 6215,
        "fault": 0.7785,
        "weapon": 0,
        "pilot_injury": 0.4845,
        "pilot_skill": 0.2057,
        "mission_priority": 0.4535,
        "estimated_landing_time": 664.0,
        "wait_time": 0,
        "Landing_success_rate": 0.8619
    }
]