[
    {
        "model": 1,
        "sequence": 21,
        "status": 1,
        "fuel": 6879,
        "fault": 0.7485,
        "weapon": 1,
        "pilot_injury": 0.555,
        "pilot_skill": 0.4957,
        "mission_priority": 0.6933,
        "estimated_landing_time": 1980.0,
        "wait_time": 0,
        "Landing_success_rate": 0.876
    },
    {
        "model": 2,
        "sequence": 20,
        "status": 1,
        "fuel": 6680,
        "fault": 0.795,
        "weapon": 0,
        "pilot_injury": 0.0583,
        "pilot_skill": 0.6417,
        "mission_priority": 0.9614,
        "estimated_landing_time": 1886.0,
        "wait_time": 0,
        "Landing_success_rate": 0.8681
    },
    {
        "model": 2,
        "sequence": 24,
        "status": 1,
        "fuel": 6958,
        "fault": 0.0372,
        "weapon": 1,
        "pilot_injury": 0.9985,
        "pilot_skill": 0.044,
        "mission_priority": 0.0882,
        "estimated_landing_time": 2262.0,
        "wait_time": 0,
        "Landing_success_rate": 0.9553
    },
    {
        "model": 0,
        "sequence": 17,
        "status": 1,
        "fuel": 6960,
        "fault": 0.0676,
        "weapon": 1,
        "pilot_injury": 0.1244,
        "pilot_skill": 0.3753,
        "mission_priority": 0.0643,
        "estimated_landing_time": 1604.0,
        "wait_time": 0,
        "Landing_success_rate": 0.9521
    },
    {
        "model": 0,
        "sequence": 4,
        "status": 1,
        "fuel": 6194,
        "fault": 0.9654,
        "weapon": 0,
        "pilot_injury": 0.0069,
        "pilot_skill": 0.3224,
        "mission_priority": 0.2339,
        "estimated_landing_time": 382.0,
        "wait_time": 0,
        "Landing_success_rate": 0.8518
    },
    {
        "model": 0,
        "sequence": 13,
        "status": 1,
        "fuel": 5632,
        "fault": 0.9044,
        "weapon": 0,
        "pilot_injury": 0.63,
        "pilot_skill": 0.68,
        "mission_priority": 0.1274,
        "estimated_landing_time": 1228.0,
        "wait_time": 0,
        "Landing_success_rate": 0.8509
    },
    {
        "model": 0,
        "sequence": 3,
        "status": 1,
        "fuel": 6694,
        "fault": 0.2681,
        "weapon": 1,
        "pilot_injury": 0.1484,
        "pilot_skill": 0.9669,
        "mission_priority": 0.0193,
        "estimated_landing_time": 288.0,
        "wait_time": 0,
        "Landing_success_rate": 0.9155
    },
    {
        "model": 0,
        "sequence": 8,
        "status": 1,
        "fuel": 6215,
        "fault": 0.0322,
        "weapon": 1,
        "pilot_injury": 0.4698,
        "pilot_skill": 0.2992,
        "mission_priority": 0.4182,
        "estimated_landing_time": 758.0,
        "wait_time": 0,
        "Landing_success_rate": 0.9019
    },
    {
        "model": 2,
        "sequence": 2,
        "status": 1,
        "fuel": 5995,
        "fault": 0.9233,
        "weapon": 1,
        "pilot_injury": 0.8481,
        "pilot_skill": 0.0728,
        "mission_priority": 0.8119,
        "estimated_landing_time": 194.0,
        "wait_time": 0,
        "Landing_success_rate": 0.8528
    },
    {
        "model": 2,
        "sequence": 15,
        "status": 1,
        "fuel": 6589,
        "fault": 0.1798,
        "weapon": 0,
        "pilot_injury": 0.5471,
        "pilot_skill": 0.1872,
        "mission_priority": 0.0909,
        "estimated_landing_time": 1416.0,
        "wait_time": 0,
        "Landing_success_rate": 0.917
    },
    {
        "model": 1,
        "sequence": 14,
        "status": 1,
        "fuel": 7245,
        "fault": 0.5961,
        "weapon": 0,
        "pilot_injury": 0.7522,
        "pilot_skill": 0.4397,
        "mission_priority": 0.2496,
        "estimated_landing_time": 1322.0,
        "wait_time": 0,
        "Landing_success_rate": 0.9029
    },
    {
        "model": 2,
        "sequence": 11,
        "status": 1,
        "fuel": 6001,
        "fault": 0.8604,
        "weapon": 1,
        "pilot_injury": 0.2835,
        "pilot_skill": 0.2975,
        "mission_priority": 0.7145,
        "estimated_landing_time": 1040.0,
        "wait_time": 0,
        "Landing_success_rate": 0.8552
    },
    {
        "model": 0,
        "sequence": 12,
        "status": 1,
        "fuel": 6320,
        "fault": 0.2747,
        "weapon": 1,
        "pilot_injury": 0.2766,
        "pilot_skill": 0.5514,
        "mission_priority": 0.2447,
        "estimated_landing_time": 1134.0,
        "wait_time": 0,
        "Landing_success_rate": 0.8946
    },
    {
        "model": 2,
        "sequence": 18,
        "status": 1,
        "fuel": 7352,
        "fault": 0.7965,
        "weapon": 0,
        "pilot_injury": 0.4219,
        "pilot_skill": 0.5255,
        "mission_priority": 0.0366,
        "estimated_landing_time": 1698.0,
        "wait_time": 0,
        "Landing_success_rate": 0.8783
    },
    {
        "model": 1,
        "sequence": 19,
        "status": 1,
        "fuel": 6418,
        "fault": 0.6037,
        "weapon": 1,
        "pilot_injury": 0.5976,
        "pilot_skill": 0.456,
        "mission_priority": 0.453,
        "estimated_landing_time": 1792.0,
        "wait_time": 0,
        "Landing_success_rate": 0.8773
    },
    {
        "model": 0,
        "sequence": 9,
        "status": 1,
        "fuel": 5653,
        "fault": 0.9824,
        "weapon": 1,
        "pilot_injury": 0.4006,
        "pilot_skill": 0.8692,
        "mission_priority": 0.4688,
        "estimated_landing_time": 852.0,
        "wait_time": 0,
        "Landing_success_rate": 0.8502
    },
    {
        "model": 0,
        "sequence": 1,
        "status": 1,
        "fuel": 7259,
        "fault": 0.4878,
        "weapon": 0,
        "pilot_injury": 0.432,
        "pilot_skill": 0.8392,
        "mission_priority": 0.9927,
        "estimated_landing_time": 100.0,
        "wait_time": 0,
        "Landing_success_rate": 0.9176
    },
    {
        "model": 1,
        "sequence": 22,
        "status": 1,
        "fuel": 6931,
        "fault": 0.714,
        "weapon": 1,
        "pilot_injury": 0.8058,
        "pilot_skill": 0.6492,
        "mission_priority": 0.6132,
        "estimated_landing_time": 2074.0,
        "wait_time": 0,
        "Landing_success_rate": 0.8807
    },
    {
        "model": 2,
        "sequence": 7,
        "status": 1,
        "fuel": 6976,
        "fault": 0.2884,
        "weapon": 1,
        "pilot_injury": 0.6416,
        "pilot_skill": 0.2069,
        "mission_priority": 0.6882,
        "estimated_landing_time": 664.0,
        "wait_time": 0,
        "Landing_success_rate": 0.9288
    },
    {
        "model": 1,
        "sequence": 10,
        "status": 1,
        "fuel": 6123,
        "fault": 0.0408,
        "weapon": 0,
        "pilot_injury": 0.9034,
        "pilot_skill": 0.3396,
        "mission_priority": 0.0426,
        "estimated_landing_time": 946.0,
        "wait_time": 0,
        "Landing_success_rate": 0.8948
    },
    {
        "model": 0,
        "sequence": 6,
        "status": 1,
        "fuel": 5515,
        "fault": 0.4612,
        "weapon": 1,
        "pilot_injury": 0.1548,
        "pilot_skill": 0.1906,
        "mission_priority": 0.5338,
        "estimated_landing_time": 570.0,
        "wait_time": 0,
        "Landing_success_rate": 0.8506
    },
    {
        "model": 0,
        "sequence": 16,
        "status": 1,
        "fuel": 7457,
        "fault": 0.7819,
        "weapon": 1,
        "pilot_injury": 0.2367,
        "pilot_skill": 0.9695,
        "mission_priority": 0.8817,
        "estimated_landing_time": 1510.0,
        "wait_time": 0,
        "Landing_success_rate": 0.882
    },
    {
        "model": 2,
        "sequence": 5,
        "status": 1,
        "fuel": 6030,
        "fault": 0.7584,
        "weapon": 1,
        "pilot_injury": 0.6441,
        "pilot_skill": 0.2031,
        "mission_priority": 0.651,
        "estimated_landing_time": 476.0,
        "wait_time": 0,
        "Landing_success_rate": 0.8596
    },
    {
        "model": 1,
        "sequence": 23,
        "status": 1,
        "fuel": 7024,
        "fault": 0.4004,
        "weapon": 0,
        "pilot_injury": 0.4289,
        "pilot_skill": 0.9077,
        "mission_priority": 0.0253,
        "estimated_landing_time": 2168.0,
        "wait_time": 0,
        "Landing_success_rate": 0.9185
    }
]