[
    {
        "model": 2,
        "sequence": 3,
        "status": 1,
        "fuel": 6354,
        "fault": 0.0634,
        "weapon": 0,
        "pilot_injury": 0.2246,
        "pilot_skill": 0.9104,
        "mission_priority": 0.2266,
        "estimated_landing_time": 288.0,
        "wait_time": 0,
        "Landing_success_rate": 0.91
    },
    {
        "model": 0,
        "sequence": 15,
        "status": 1,
        "fuel": 5820,
        "fault": 0.1011,
        "weapon": 1,
        "pilot_injury": 0.5549,
        "pilot_skill": 0.7994,
        "mission_priority": 0.8025,
        "estimated_landing_time": 1416.0,
        "wait_time": 0,
        "Landing_success_rate": 0.8716
    },
    {
        "model": 2,
        "sequence": 12,
        "status": 1,
        "fuel": 5957,
        "fault": 0.4671,
        "weapon": 0,
        "pilot_injury": 0.6921,
        "pilot_skill": 0.0636,
        "mission_priority": 0.2007,
        "estimated_landing_time": 1134.0,
        "wait_time": 0,
        "Landing_success_rate": 0.8683
    },
    {
        "model": 1,
        "sequence": 7,
        "status": 1,
        "fuel": 7203,
        "fault": 0.4449,
        "weapon": 0,
        "pilot_injury": 0.7717,
        "pilot_skill": 0.3325,
        "mission_priority": 0.8237,
        "estimated_landing_time": 664.0,
        "wait_time": 0,
        "Landing_success_rate": 0.9209
    },
    {
        "model": 1,
        "sequence": 18,
        "status": 1,
        "fuel": 6418,
        "fault": 0.4622,
        "weapon": 1,
        "pilot_injury": 0.1868,
        "pilot_skill": 0.1975,
        "mission_priority": 0.4003,
        "estimated_landing_time": 1698.0,
        "wait_time": 0,
        "Landing_success_rate": 0.887
    },
    {
        "model": 1,
        "sequence": 23,
        "status": 1,
        "fuel": 5779,
        "fault": 0.9127,
        "weapon": 0,
        "pilot_injury": 0.7323,
        "pilot_skill": 0.5305,
        "mission_priority": 0.9701,
        "estimated_landing_time": 2168.0,
        "wait_time": 0,
        "Landing_success_rate": 0.8518
    },
    {
        "model": 2,
        "sequence": 10,
        "status": 1,
        "fuel": 7029,
        "fault": 0.9608,
        "weapon": 1,
        "pilot_injury": 0.4701,
        "pilot_skill": 0.9299,
        "mission_priority": 0.0959,
        "estimated_landing_time": 946.0,
        "wait_time": 0,
        "Landing_success_rate": 0.8545
    },
    {
        "model": 0,
        "sequence": 19,
        "status": 1,
        "fuel": 6832,
        "fault": 0.4338,
        "weapon": 0,
        "pilot_injury": 0.2941,
        "pilot_skill": 0.7652,
        "mission_priority": 0.4193,
        "estimated_landing_time": 1792.0,
        "wait_time": 0,
        "Landing_success_rate": 0.9066
    },
    {
        "model": 2,
        "sequence": 21,
        "status": 1,
        "fuel": 7046,
        "fault": 0.8292,
        "weapon": 1,
        "pilot_injury": 0.0825,
        "pilot_skill": 0.3861,
        "mission_priority": 0.3332,
        "estimated_landing_time": 1980.0,
        "wait_time": 0,
        "Landing_success_rate": 0.8698
    },
    {
        "model": 2,
        "sequence": 20,
        "status": 1,
        "fuel": 6300,
        "fault": 0.659,
        "weapon": 0,
        "pilot_injury": 0.7774,
        "pilot_skill": 0.3721,
        "mission_priority": 0.6917,
        "estimated_landing_time": 1886.0,
        "wait_time": 0,
        "Landing_success_rate": 0.8705
    },
    {
        "model": 0,
        "sequence": 16,
        "status": 1,
        "fuel": 6387,
        "fault": 0.224,
        "weapon": 1,
        "pilot_injury": 0.2875,
        "pilot_skill": 0.7737,
        "mission_priority": 0.5341,
        "estimated_landing_time": 1510.0,
        "wait_time": 0,
        "Landing_success_rate": 0.9016
    },
    {
        "model": 1,
        "sequence": 24,
        "status": 1,
        "fuel": 6364,
        "fault": 0.9033,
        "weapon": 0,
        "pilot_injury": 0.4974,
        "pilot_skill": 0.6134,
        "mission_priority": 0.9858,
        "estimated_landing_time": 2262.0,
        "wait_time": 0,
        "Landing_success_rate": 0.8563
    },
    {
        "model": 0,
        "sequence": 11,
        "status": 1,
        "fuel": 6243,
        "fault": 0.412,
        "weapon": 1,
        "pilot_injury": 0.4138,
        "pilot_skill": 0.0363,
        "mission_priority": 0.8345,
        "estimated_landing_time": 1040.0,
        "wait_time": 0,
        "Landing_success_rate": 0.8828
    },
    {
        "model": 1,
        "sequence": 5,
        "status": 1,
        "fuel": 5778,
        "fault": 0.3973,
        "weapon": 0,
        "pilot_injury": 0.4241,
        "pilot_skill": 0.9969,
        "mission_priority": 0.9034,
        "estimated_landing_time": 476.0,
        "wait_time": 0,
        "Landing_success_rate": 0.8626
    },
    {
        "model": 0,
        "sequence": 6,
        "status": 1,
        "fuel": 7494,
        "fault": 0.8359,
        "weapon": 1,
        "pilot_injury": 0.6008,
        "pilot_skill": 0.0251,
        "mission_priority": 0.4447,
        "estimated_landing_time": 570.0,
        "wait_time": 0,
        "Landing_success_rate": 0.8745
    },
    {
        "model": 2,
        "sequence": 22,
        "status": 1,
        "fuel": 7430,
        "fault": 0.6696,
        "weapon": 0,
        "pilot_injury": 0.0127,
        "pilot_skill": 0.8731,
        "mission_priority": 0.9408,
        "estimated_landing_time": 2074.0,
        "wait_time": 0,
        "Landing_success_rate": 0.8978
    },
    {
        "model": 0,
        "sequence": 13,
        "status": 1,
        "fuel": 6572,
        "fault": 0.2723,
        "weapon": 0,
        "pilot_injury": 0.5489,
        "pilot_skill": 0.9543,
        "mission_priority": 0.7981,
        "estimated_landing_time": 1228.0,
        "wait_time": 0,
        "Landing_success_rate": 0.9085
    },
    {
        "model": 0,
        "sequence": 4,
        "status": 1,
        "fuel": 7156,
        "fault": 0.379,
        "weapon": 0,
        "pilot_injury": 0.1603,
        "pilot_skill": 0.376,
        "mission_priority": 0.8429,
        "estimated_landing_time": 382.0,
        "wait_time": 0,
        "Landing_success_rate": 0.9271
    },
    {
        "model": 1,
        "sequence": 2,
        "status": 1,
        "fuel": 5815,
        "fault": 0.2556,
        "weapon": 0,
        "pilot_injury": 0.7452,
        "pilot_skill": 0.4393,
        "mission_priority": 0.3387,
        "estimated_landing_time": 194.0,
        "wait_time": 0,
        "Landing_success_rate": 0.8676
    },
    {
        "model": 0,
        "sequence": 8,
        "status": 1,
        "fuel": 5638,
        "fault": 0.0707,
        "weapon": 0,
        "pilot_injury": 0.4236,
        "pilot_skill": 0.8431,
        "mission_priority": 0.5319,
        "estimated_landing_time": 758.0,
        "wait_time": 0,
        "Landing_success_rate": 0.8596
    },
    {
        "model": 0,
        "sequence": 1,
        "status": 1,
        "fuel": 6672,
        "fault": 0.1765,
        "weapon": 0,
        "pilot_injury": 0.1569,
        "pilot_skill": 0.9901,
        "mission_priority": 0.0257,
        "estimated_landing_time": 100.0,
        "wait_time": 0,
        "Landing_success_rate": 0.9224
    },
    {
        "model": 0,
        "sequence": 14,
        "status": 1,
        "fuel": 6187,
        "fault": 0.8853,
        "weapon": 1,
        "pilot_injury": 0.5206,
        "pilot_skill": 0.3139,
        "mission_priority": 0.9927,
        "estimated_landing_time": 1322.0,
        "wait_time": 0,
        "Landing_success_rate": 0.8559
    },
    {
        "model": 0,
        "sequence": 9,
        "status": 1,
        "fuel": 7259,
        "fault": 0.8658,
        "weapon": 1,
        "pilot_injury": 0.848,
        "pilot_skill": 0.1502,
        "mission_priority": 0.4636,
        "estimated_landing_time": 852.0,
        "wait_time": 0,
        "Landing_success_rate": 0.8677
    },
    {
        "model": 2,
        "sequence": 17,
        "status": 1,
        "fuel": 6150,
        "fault": 0.6867,
        "weapon": 0,
        "pilot_injury": 0.3831,
        "pilot_skill": 0.1381,
        "mission_priority": 0.5669,
        "estimated_landing_time": 1604.0,
        "wait_time": 0,
        "Landing_success_rate": 0.8653
    }
]