[
    {
        "model": 0,
        "sequence": 21,
        "status": 1,
        "fuel": 6103,
        "fault": 0.1315,
        "weapon": 0,
        "pilot_injury": 0.8858,
        "pilot_skill": 0.6647,
        "mission_priority": 0.8625,
        "estimated_landing_time": 1980.0,
        "wait_time": 0,
        "Landing_success_rate": 0.8893
    },
    {
        "model": 1,
        "sequence": 18,
        "status": 1,
        "fuel": 6052,
        "fault": 0.3935,
        "weapon": 0,
        "pilot_injury": 0.5079,
        "pilot_skill": 0.95,
        "mission_priority": 0.8177,
        "estimated_landing_time": 1698.0,
        "wait_time": 0,
        "Landing_success_rate": 0.8751
    },
    {
        "model": 1,
        "sequence": 20,
        "status": 1,
        "fuel": 7263,
        "fault": 0.3786,
        "weapon": 0,
        "pilot_injury": 0.5397,
        "pilot_skill": 0.5294,
        "mission_priority": 0.3795,
        "estimated_landing_time": 1886.0,
        "wait_time": 0,
        "Landing_success_rate": 0.9322
    },
    {
        "model": 1,
        "sequence": 10,
        "status": 1,
        "fuel": 6347,
        "fault": 0.6767,
        "weapon": 1,
        "pilot_injury": 0.6552,
        "pilot_skill": 0.4977,
        "mission_priority": 0.7877,
        "estimated_landing_time": 946.0,
        "wait_time": 0,
        "Landing_success_rate": 0.8705
    },
    {
        "model": 2,
        "sequence": 23,
        "status": 1,
        "fuel": 6286,
        "fault": 0.9708,
        "weapon": 0,
        "pilot_injury": 0.3507,
        "pilot_skill": 0.7362,
        "mission_priority": 0.3369,
        "estimated_landing_time": 2168.0,
        "wait_time": 0,
        "Landing_success_rate": 0.8517
    },
    {
        "model": 1,
        "sequence": 16,
        "status": 1,
        "fuel": 6797,
        "fault": 0.662,
        "weapon": 1,
        "pilot_injury": 0.0799,
        "pilot_skill": 0.1903,
        "mission_priority": 0.4806,
        "estimated_landing_time": 1510.0,
        "wait_time": 0,
        "Landing_success_rate": 0.8829
    },
    {
        "model": 1,
        "sequence": 17,
        "status": 1,
        "fuel": 5890,
        "fault": 0.0262,
        "weapon": 1,
        "pilot_injury": 0.1175,
        "pilot_skill": 0.3158,
        "mission_priority": 0.6444,
        "estimated_landing_time": 1604.0,
        "wait_time": 0,
        "Landing_success_rate": 0.8785
    },
    {
        "model": 1,
        "sequence": 2,
        "status": 1,
        "fuel": 5857,
        "fault": 0.5513,
        "weapon": 0,
        "pilot_injury": 0.7613,
        "pilot_skill": 0.4923,
        "mission_priority": 0.2926,
        "estimated_landing_time": 194.0,
        "wait_time": 0,
        "Landing_success_rate": 0.862
    },
    {
        "model": 1,
        "sequence": 15,
        "status": 1,
        "fuel": 7207,
        "fault": 0.6886,
        "weapon": 1,
        "pilot_injury": 0.6888,
        "pilot_skill": 0.4724,
        "mission_priority": 0.2421,
        "estimated_landing_time": 1416.0,
        "wait_time": 0,
        "Landing_success_rate": 0.8899
    },
    {
        "model": 0,
        "sequence": 8,
        "status": 1,
        "fuel": 5610,
        "fault": 0.7391,
        "weapon": 1,
        "pilot_injury": 0.3833,
        "pilot_skill": 0.6687,
        "mission_priority": 0.0424,
        "estimated_landing_time": 758.0,
        "wait_time": 0,
        "Landing_success_rate": 0.8522
    },
    {
        "model": 2,
        "sequence": 7,
        "status": 1,
        "fuel": 6838,
        "fault": 0.815,
        "weapon": 1,
        "pilot_injury": 0.3863,
        "pilot_skill": 0.4984,
        "mission_priority": 0.1606,
        "estimated_landing_time": 664.0,
        "wait_time": 0,
        "Landing_success_rate": 0.8686
    },
    {
        "model": 0,
        "sequence": 4,
        "status": 1,
        "fuel": 6195,
        "fault": 0.527,
        "weapon": 0,
        "pilot_injury": 0.627,
        "pilot_skill": 0.3416,
        "mission_priority": 0.374,
        "estimated_landing_time": 382.0,
        "wait_time": 0,
        "Landing_success_rate": 0.8747
    },
    {
        "model": 1,
        "sequence": 19,
        "status": 1,
        "fuel": 5869,
        "fault": 0.0831,
        "weapon": 1,
        "pilot_injury": 0.1497,
        "pilot_skill": 0.5515,
        "mission_priority": 0.0582,
        "estimated_landing_time": 1792.0,
        "wait_time": 0,
        "Landing_success_rate": 0.8754
    },
    {
        "model": 2,
        "sequence": 22,
        "status": 1,
        "fuel": 7002,
        "fault": 0.5498,
        "weapon": 1,
        "pilot_injury": 0.1642,
        "pilot_skill": 0.164,
        "mission_priority": 0.4501,
        "estimated_landing_time": 2074.0,
        "wait_time": 0,
        "Landing_success_rate": 0.9007
    },
    {
        "model": 1,
        "sequence": 12,
        "status": 1,
        "fuel": 7066,
        "fault": 0.5992,
        "weapon": 0,
        "pilot_injury": 0.0712,
        "pilot_skill": 0.2973,
        "mission_priority": 0.5337,
        "estimated_landing_time": 1134.0,
        "wait_time": 0,
        "Landing_success_rate": 0.8971
    },
    {
        "model": 0,
        "sequence": 24,
        "status": 1,
        "fuel": 6677,
        "fault": 0.19,
        "weapon": 0,
        "pilot_injury": 0.3378,
        "pilot_skill": 0.9388,
        "mission_priority": 0.2406,
        "estimated_landing_time": 2262.0,
        "wait_time": 0,
        "Landing_success_rate": 0.9215
    },
    {
        "model": 1,
        "sequence": 13,
        "status": 1,
        "fuel": 7301,
        "fault": 0.0292,
        "weapon": 1,
        "pilot_injury": 0.5398,
        "pilot_skill": 0.3514,
        "mission_priority": 0.8981,
        "estimated_landing_time": 1228.0,
        "wait_time": 0,
        "Landing_success_rate": 0.9811
    },
    {
        "model": 0,
        "sequence": 1,
        "status": 1,
        "fuel": 7118,
        "fault": 0.0661,
        "weapon": 1,
        "pilot_injury": 0.2923,
        "pilot_skill": 0.8735,
        "mission_priority": 0.6498,
        "estimated_landing_time": 100.0,
        "wait_time": 0,
        "Landing_success_rate": 0.9633
    },
    {
        "model": 0,
        "sequence": 6,
        "status": 1,
        "fuel": 6381,
        "fault": 0.5048,
        "weapon": 1,
        "pilot_injury": 0.245,
        "pilot_skill": 0.4082,
        "mission_priority": 0.5752,
        "estimated_landing_time": 570.0,
        "wait_time": 0,
        "Landing_success_rate": 0.8827
    },
    {
        "model": 2,
        "sequence": 5,
        "status": 1,
        "fuel": 7110,
        "fault": 0.1938,
        "weapon": 1,
        "pilot_injury": 0.6989,
        "pilot_skill": 0.7083,
        "mission_priority": 0.6661,
        "estimated_landing_time": 476.0,
        "wait_time": 0,
        "Landing_success_rate": 0.9473
    },
    {
        "model": 1,
        "sequence": 14,
        "status": 1,
        "fuel": 6906,
        "fault": 0.6919,
        "weapon": 1,
        "pilot_injury": 0.7657,
        "pilot_skill": 0.887,
        "mission_priority": 0.5012,
        "estimated_landing_time": 1322.0,
        "wait_time": 0,
        "Landing_success_rate": 0.8825
    },
    {
        "model": 1,
        "sequence": 3,
        "status": 1,
        "fuel": 5855,
        "fault": 0.0961,
        "weapon": 0,
        "pilot_injury": 0.2244,
        "pilot_skill": 0.4608,
        "mission_priority": 0.5087,
        "estimated_landing_time": 288.0,
        "wait_time": 0,
        "Landing_success_rate": 0.8741
    },
    {
        "model": 1,
        "sequence": 11,
        "status": 1,
        "fuel": 5536,
        "fault": 0.5385,
        "weapon": 1,
        "pilot_injury": 0.4873,
        "pilot_skill": 0.3202,
        "mission_priority": 0.1309,
        "estimated_landing_time": 1040.0,
        "wait_time": 0,
        "Landing_success_rate": 0.8512
    },
    {
        "model": 2,
        "sequence": 9,
        "status": 1,
        "fuel": 5918,
        "fault": 0.1868,
        "weapon": 1,
        "pilot_injury": 0.8149,
        "pilot_skill": 0.365,
        "mission_priority": 0.4039,
        "estimated_landing_time": 852.0,
        "wait_time": 0,
        "Landing_success_rate": 0.8755
    }
]