[
    {
        "model": 0,
        "sequence": 2,
        "status": 1,
        "fuel": 6533,
        "fault": 0.6597,
        "weapon": 1,
        "pilot_injury": 0.7857,
        "pilot_skill": 0.9365,
        "mission_priority": 0.5382,
        "estimated_landing_time": 194.0,
        "wait_time": 0,
        "Landing_success_rate": 0.8764
    },
    {
        "model": 0,
        "sequence": 10,
        "status": 1,
        "fuel": 7390,
        "fault": 0.2977,
        "weapon": 0,
        "pilot_injury": 0.4943,
        "pilot_skill": 0.6865,
        "mission_priority": 0.1891,
        "estimated_landing_time": 946.0,
        "wait_time": 0,
        "Landing_success_rate": 0.9496
    },
    {
        "model": 1,
        "sequence": 23,
        "status": 1,
        "fuel": 6458,
        "fault": 0.7321,
        "weapon": 0,
        "pilot_injury": 0.1149,
        "pilot_skill": 0.9131,
        "mission_priority": 0.2737,
        "estimated_landing_time": 2168.0,
        "wait_time": 0,
        "Landing_success_rate": 0.8692
    },
    {
        "model": 0,
        "sequence": 18,
        "status": 1,
        "fuel": 7477,
        "fault": 0.9715,
        "weapon": 1,
        "pilot_injury": 0.1881,
        "pilot_skill": 0.6886,
        "mission_priority": 0.5239,
        "estimated_landing_time": 1698.0,
        "wait_time": 0,
        "Landing_success_rate": 0.8542
    },
    {
        "model": 1,
        "sequence": 22,
        "status": 1,
        "fuel": 6686,
        "fault": 0.9202,
        "weapon": 1,
        "pilot_injury": 0.7697,
        "pilot_skill": 0.1848,
        "mission_priority": 0.2138,
        "estimated_landing_time": 2074.0,
        "wait_time": 0,
        "Landing_success_rate": 0.8571
    },
    {
        "model": 2,
        "sequence": 20,
        "status": 1,
        "fuel": 5879,
        "fault": 0.2531,
        "weapon": 1,
        "pilot_injury": 0.6479,
        "pilot_skill": 0.1756,
        "mission_priority": 0.4583,
        "estimated_landing_time": 1886.0,
        "wait_time": 0,
        "Landing_success_rate": 0.8712
    },
    {
        "model": 2,
        "sequence": 4,
        "status": 1,
        "fuel": 5777,
        "fault": 0.164,
        "weapon": 1,
        "pilot_injury": 0.9343,
        "pilot_skill": 0.8088,
        "mission_priority": 0.7251,
        "estimated_landing_time": 382.0,
        "wait_time": 0,
        "Landing_success_rate": 0.8674
    },
    {
        "model": 1,
        "sequence": 11,
        "status": 1,
        "fuel": 7496,
        "fault": 0.505,
        "weapon": 0,
        "pilot_injury": 0.5674,
        "pilot_skill": 0.7359,
        "mission_priority": 0.2295,
        "estimated_landing_time": 1040.0,
        "wait_time": 0,
        "Landing_success_rate": 0.9241
    },
    {
        "model": 0,
        "sequence": 9,
        "status": 1,
        "fuel": 6715,
        "fault": 0.4707,
        "weapon": 0,
        "pilot_injury": 0.8086,
        "pilot_skill": 0.9263,
        "mission_priority": 0.9674,
        "estimated_landing_time": 852.0,
        "wait_time": 0,
        "Landing_success_rate": 0.8982
    },
    {
        "model": 2,
        "sequence": 21,
        "status": 1,
        "fuel": 5984,
        "fault": 0.1902,
        "weapon": 0,
        "pilot_injury": 0.7411,
        "pilot_skill": 0.0073,
        "mission_priority": 0.0891,
        "estimated_landing_time": 1980.0,
        "wait_time": 0,
        "Landing_success_rate": 0.8794
    },
    {
        "model": 0,
        "sequence": 17,
        "status": 1,
        "fuel": 6389,
        "fault": 0.6596,
        "weapon": 1,
        "pilot_injury": 0.6834,
        "pilot_skill": 0.8166,
        "mission_priority": 0.7538,
        "estimated_landing_time": 1604.0,
        "wait_time": 0,
        "Landing_success_rate": 0.8727
    },
    {
        "model": 2,
        "sequence": 5,
        "status": 1,
        "fuel": 7247,
        "fault": 0.7346,
        "weapon": 0,
        "pilot_injury": 0.8285,
        "pilot_skill": 0.0965,
        "mission_priority": 0.4924,
        "estimated_landing_time": 476.0,
        "wait_time": 0,
        "Landing_success_rate": 0.8848
    },
    {
        "model": 1,
        "sequence": 7,
        "status": 1,
        "fuel": 5627,
        "fault": 0.3134,
        "weapon": 1,
        "pilot_injury": 0.8893,
        "pilot_skill": 0.5291,
        "mission_priority": 0.1221,
        "estimated_landing_time": 664.0,
        "wait_time": 0,
        "Landing_success_rate": 0.8565
    },
    {
        "model": 0,
        "sequence": 15,
        "status": 1,
        "fuel": 5692,
        "fault": 0.4648,
        "weapon": 1,
        "pilot_injury": 0.9536,
        "pilot_skill": 0.422,
        "mission_priority": 0.893,
        "estimated_landing_time": 1416.0,
        "wait_time": 0,
        "Landing_success_rate": 0.8577
    },
    {
        "model": 1,
        "sequence": 3,
        "status": 1,
        "fuel": 5822,
        "fault": 0.6917,
        "weapon": 0,
        "pilot_injury": 0.6753,
        "pilot_skill": 0.8855,
        "mission_priority": 0.7741,
        "estimated_landing_time": 288.0,
        "wait_time": 0,
        "Landing_success_rate": 0.8574
    },
    {
        "model": 0,
        "sequence": 6,
        "status": 1,
        "fuel": 5818,
        "fault": 0.2741,
        "weapon": 0,
        "pilot_injury": 0.0682,
        "pilot_skill": 0.6215,
        "mission_priority": 0.4403,
        "estimated_landing_time": 570.0,
        "wait_time": 0,
        "Landing_success_rate": 0.8673
    },
    {
        "model": 2,
        "sequence": 14,
        "status": 1,
        "fuel": 7157,
        "fault": 0.0082,
        "weapon": 1,
        "pilot_injury": 0.8786,
        "pilot_skill": 0.0466,
        "mission_priority": 0.9444,
        "estimated_landing_time": 1322.0,
        "wait_time": 0,
        "Landing_success_rate": 0.9733
    },
    {
        "model": 1,
        "sequence": 24,
        "status": 1,
        "fuel": 6419,
        "fault": 0.4018,
        "weapon": 1,
        "pilot_injury": 0.2973,
        "pilot_skill": 0.1564,
        "mission_priority": 0.1712,
        "estimated_landing_time": 2262.0,
        "wait_time": 0,
        "Landing_success_rate": 0.8912
    },
    {
        "model": 2,
        "sequence": 12,
        "status": 1,
        "fuel": 6273,
        "fault": 0.235,
        "weapon": 1,
        "pilot_injury": 0.0647,
        "pilot_skill": 0.7143,
        "mission_priority": 0.6262,
        "estimated_landing_time": 1134.0,
        "wait_time": 0,
        "Landing_success_rate": 0.8944
    },
    {
        "model": 0,
        "sequence": 13,
        "status": 1,
        "fuel": 6141,
        "fault": 0.7077,
        "weapon": 0,
        "pilot_injury": 0.6077,
        "pilot_skill": 0.0976,
        "mission_priority": 0.972,
        "estimated_landing_time": 1228.0,
        "wait_time": 0,
        "Landing_success_rate": 0.8641
    },
    {
        "model": 0,
        "sequence": 1,
        "status": 1,
        "fuel": 7078,
        "fault": 0.2176,
        "weapon": 0,
        "pilot_injury": 0.5189,
        "pilot_skill": 0.5077,
        "mission_priority": 0.3342,
        "estimated_landing_time": 100.0,
        "wait_time": 0,
        "Landing_success_rate": 0.9426
    },
    {
        "model": 1,
        "sequence": 19,
        "status": 1,
        "fuel": 5817,
        "fault": 0.6583,
        "weapon": 1,
        "pilot_injury": 0.8156,
        "pilot_skill": 0.3974,
        "mission_priority": 0.2627,
        "estimated_landing_time": 1792.0,
        "wait_time": 0,
        "Landing_success_rate": 0.8581
    },
    {
        "model": 2,
        "sequence": 16,
        "status": 1,
        "fuel": 5725,
        "fault": 0.7892,
        "weapon": 0,
        "pilot_injury": 0.7592,
        "pilot_skill": 0.7998,
        "mission_priority": 0.7062,
        "estimated_landing_time": 1510.0,
        "wait_time": 0,
        "Landing_success_rate": 0.8536
    },
    {
        "model": 1,
        "sequence": 8,
        "status": 1,
        "fuel": 5858,
        "fault": 0.5853,
        "weapon": 0,
        "pilot_injury": 0.9774,
        "pilot_skill": 0.2642,
        "mission_priority": 0.2824,
        "estimated_landing_time": 758.0,
        "wait_time": 0,
        "Landing_success_rate": 0.8611
    }
]