[
    {
        "model": 0,
        "sequence": 19,
        "status": 1,
        "fuel": 6181,
        "fault": 0.8186,
        "weapon": 1,
        "pilot_injury": 0.958,
        "pilot_skill": 0.5203,
        "mission_priority": 0.5772,
        "estimated_landing_time": 1792.0,
        "wait_time": 0,
        "Landing_success_rate": 0.8593
    },
    {
        "model": 2,
        "sequence": 10,
        "status": 1,
        "fuel": 6406,
        "fault": 0.3337,
        "weapon": 1,
        "pilot_injury": 0.825,
        "pilot_skill": 0.3374,
        "mission_priority": 0.6124,
        "estimated_landing_time": 946.0,
        "wait_time": 0,
        "Landing_success_rate": 0.8953
    },
    {
        "model": 1,
        "sequence": 23,
        "status": 1,
        "fuel": 6523,
        "fault": 0.7719,
        "weapon": 1,
        "pilot_injury": 0.8536,
        "pilot_skill": 0.4154,
        "mission_priority": 0.8406,
        "estimated_landing_time": 2168.0,
        "wait_time": 0,
        "Landing_success_rate": 0.8675
    },
    {
        "model": 2,
        "sequence": 3,
        "status": 1,
        "fuel": 6693,
        "fault": 0.5306,
        "weapon": 0,
        "pilot_injury": 0.8775,
        "pilot_skill": 0.304,
        "mission_priority": 0.0029,
        "estimated_landing_time": 288.0,
        "wait_time": 0,
        "Landing_success_rate": 0.892
    },
    {
        "model": 0,
        "sequence": 24,
        "status": 1,
        "fuel": 6182,
        "fault": 0.7777,
        "weapon": 0,
        "pilot_injury": 0.1002,
        "pilot_skill": 0.9392,
        "mission_priority": 0.8666,
        "estimated_landing_time": 2262.0,
        "wait_time": 0,
        "Landing_success_rate": 0.8614
    },
    {
        "model": 0,
        "sequence": 18,
        "status": 1,
        "fuel": 7240,
        "fault": 0.9577,
        "weapon": 1,
        "pilot_injury": 0.6943,
        "pilot_skill": 0.7315,
        "mission_priority": 0.4912,
        "estimated_landing_time": 1698.0,
        "wait_time": 0,
        "Landing_success_rate": 0.8555
    },
    {
        "model": 0,
        "sequence": 22,
        "status": 1,
        "fuel": 6964,
        "fault": 0.8777,
        "weapon": 1,
        "pilot_injury": 0.0466,
        "pilot_skill": 0.3561,
        "mission_priority": 0.6665,
        "estimated_landing_time": 2074.0,
        "wait_time": 0,
        "Landing_success_rate": 0.8634
    },
    {
        "model": 1,
        "sequence": 9,
        "status": 1,
        "fuel": 6200,
        "fault": 0.4851,
        "weapon": 1,
        "pilot_injury": 0.659,
        "pilot_skill": 0.4871,
        "mission_priority": 0.6865,
        "estimated_landing_time": 852.0,
        "wait_time": 0,
        "Landing_success_rate": 0.877
    },
    {
        "model": 0,
        "sequence": 4,
        "status": 1,
        "fuel": 7486,
        "fault": 0.0016,
        "weapon": 1,
        "pilot_injury": 0.1803,
        "pilot_skill": 0.7754,
        "mission_priority": 0.7493,
        "estimated_landing_time": 382.0,
        "wait_time": 0,
        "Landing_success_rate": 0.9987
    },
    {
        "model": 1,
        "sequence": 12,
        "status": 1,
        "fuel": 6613,
        "fault": 0.8064,
        "weapon": 1,
        "pilot_injury": 0.722,
        "pilot_skill": 0.3227,
        "mission_priority": 0.2819,
        "estimated_landing_time": 1134.0,
        "wait_time": 0,
        "Landing_success_rate": 0.8662
    },
    {
        "model": 0,
        "sequence": 21,
        "status": 1,
        "fuel": 5568,
        "fault": 0.6701,
        "weapon": 0,
        "pilot_injury": 0.2482,
        "pilot_skill": 0.7684,
        "mission_priority": 0.6995,
        "estimated_landing_time": 1980.0,
        "wait_time": 0,
        "Landing_success_rate": 0.8517
    },
    {
        "model": 0,
        "sequence": 13,
        "status": 1,
        "fuel": 6276,
        "fault": 0.9236,
        "weapon": 0,
        "pilot_injury": 0.331,
        "pilot_skill": 0.971,
        "mission_priority": 0.425,
        "estimated_landing_time": 1228.0,
        "wait_time": 0,
        "Landing_success_rate": 0.8544
    },
    {
        "model": 1,
        "sequence": 14,
        "status": 1,
        "fuel": 5820,
        "fault": 0.6867,
        "weapon": 0,
        "pilot_injury": 0.3127,
        "pilot_skill": 0.0056,
        "mission_priority": 0.4878,
        "estimated_landing_time": 1322.0,
        "wait_time": 0,
        "Landing_success_rate": 0.8575
    },
    {
        "model": 1,
        "sequence": 1,
        "status": 1,
        "fuel": 5861,
        "fault": 0.1366,
        "weapon": 1,
        "pilot_injury": 0.6847,
        "pilot_skill": 0.3435,
        "mission_priority": 0.232,
        "estimated_landing_time": 100.0,
        "wait_time": 0,
        "Landing_success_rate": 0.8734
    },
    {
        "model": 1,
        "sequence": 2,
        "status": 1,
        "fuel": 7388,
        "fault": 0.3029,
        "weapon": 0,
        "pilot_injury": 0.0995,
        "pilot_skill": 0.5745,
        "mission_priority": 0.814,
        "estimated_landing_time": 194.0,
        "wait_time": 0,
        "Landing_success_rate": 0.9487
    },
    {
        "model": 2,
        "sequence": 7,
        "status": 1,
        "fuel": 6724,
        "fault": 0.1058,
        "weapon": 1,
        "pilot_injury": 0.1228,
        "pilot_skill": 0.3105,
        "mission_priority": 0.8303,
        "estimated_landing_time": 664.0,
        "wait_time": 0,
        "Landing_success_rate": 0.9321
    },
    {
        "model": 0,
        "sequence": 11,
        "status": 1,
        "fuel": 7402,
        "fault": 0.6472,
        "weapon": 0,
        "pilot_injury": 0.8592,
        "pilot_skill": 0.8824,
        "mission_priority": 0.275,
        "estimated_landing_time": 1040.0,
        "wait_time": 0,
        "Landing_success_rate": 0.9003
    },
    {
        "model": 2,
        "sequence": 17,
        "status": 1,
        "fuel": 6836,
        "fault": 0.6374,
        "weapon": 0,
        "pilot_injury": 0.4001,
        "pilot_skill": 0.4293,
        "mission_priority": 0.8682,
        "estimated_landing_time": 1604.0,
        "wait_time": 0,
        "Landing_success_rate": 0.8863
    },
    {
        "model": 0,
        "sequence": 16,
        "status": 1,
        "fuel": 5729,
        "fault": 0.9995,
        "weapon": 1,
        "pilot_injury": 0.7882,
        "pilot_skill": 0.2692,
        "mission_priority": 0.2671,
        "estimated_landing_time": 1510.0,
        "wait_time": 0,
        "Landing_success_rate": 0.85
    },
    {
        "model": 0,
        "sequence": 20,
        "status": 1,
        "fuel": 6085,
        "fault": 0.9923,
        "weapon": 1,
        "pilot_injury": 0.9598,
        "pilot_skill": 0.8499,
        "mission_priority": 0.8221,
        "estimated_landing_time": 1886.0,
        "wait_time": 0,
        "Landing_success_rate": 0.8503
    },
    {
        "model": 0,
        "sequence": 15,
        "status": 1,
        "fuel": 5841,
        "fault": 0.1667,
        "weapon": 0,
        "pilot_injury": 0.8092,
        "pilot_skill": 0.9353,
        "mission_priority": 0.3907,
        "estimated_landing_time": 1416.0,
        "wait_time": 0,
        "Landing_success_rate": 0.8713
    },
    {
        "model": 0,
        "sequence": 5,
        "status": 1,
        "fuel": 7149,
        "fault": 0.4146,
        "weapon": 0,
        "pilot_injury": 0.9565,
        "pilot_skill": 0.0508,
        "mission_priority": 0.7089,
        "estimated_landing_time": 476.0,
        "wait_time": 0,
        "Landing_success_rate": 0.9224
    },
    {
        "model": 2,
        "sequence": 8,
        "status": 1,
        "fuel": 6140,
        "fault": 0.7566,
        "weapon": 0,
        "pilot_injury": 0.5668,
        "pilot_skill": 0.9206,
        "mission_priority": 0.1345,
        "estimated_landing_time": 758.0,
        "wait_time": 0,
        "Landing_success_rate": 0.8617
    },
    {
        "model": 0,
        "sequence": 6,
        "status": 1,
        "fuel": 5628,
        "fault": 0.1128,
        "weapon": 1,
        "pilot_injury": 0.0087,
        "pilot_skill": 0.3707,
        "mission_priority": 0.1607,
        "estimated_landing_time": 570.0,
        "wait_time": 0,
        "Landing_success_rate": 0.8585
    }
]