[
    {
        "model": 1,
        "sequence": 17,
        "status": 1,
        "fuel": 6906,
        "fault": 0.2141,
        "weapon": 1,
        "pilot_injury": 0.0682,
        "pilot_skill": 0.3229,
        "mission_priority": 0.7921,
        "estimated_landing_time": 1604.0,
        "wait_time": 0,
        "Landing_success_rate": 0.9329
    },
    {
        "model": 2,
        "sequence": 9,
        "status": 1,
        "fuel": 7421,
        "fault": 0.4648,
        "weapon": 1,
        "pilot_injury": 0.5023,
        "pilot_skill": 0.9782,
        "mission_priority": 0.9362,
        "estimated_landing_time": 852.0,
        "wait_time": 0,
        "Landing_success_rate": 0.9271
    },
    {
        "model": 1,
        "sequence": 14,
        "status": 1,
        "fuel": 6132,
        "fault": 0.6067,
        "weapon": 0,
        "pilot_injury": 0.4313,
        "pilot_skill": 0.1042,
        "mission_priority": 0.4041,
        "estimated_landing_time": 1322.0,
        "wait_time": 0,
        "Landing_success_rate": 0.8686
    },
    {
        "model": 0,
        "sequence": 5,
        "status": 1,
        "fuel": 6873,
        "fault": 0.1054,
        "weapon": 1,
        "pilot_injury": 0.8861,
        "pilot_skill": 0.0146,
        "mission_priority": 0.7888,
        "estimated_landing_time": 476.0,
        "wait_time": 0,
        "Landing_success_rate": 0.9421
    },
    {
        "model": 0,
        "sequence": 4,
        "status": 1,
        "fuel": 6829,
        "fault": 0.8415,
        "weapon": 1,
        "pilot_injury": 0.4987,
        "pilot_skill": 0.8443,
        "mission_priority": 0.4342,
        "estimated_landing_time": 382.0,
        "wait_time": 0,
        "Landing_success_rate": 0.8658
    },
    {
        "model": 1,
        "sequence": 20,
        "status": 1,
        "fuel": 6380,
        "fault": 0.9104,
        "weapon": 1,
        "pilot_injury": 0.4898,
        "pilot_skill": 0.2949,
        "mission_priority": 0.0111,
        "estimated_landing_time": 1886.0,
        "wait_time": 0,
        "Landing_success_rate": 0.8559
    },
    {
        "model": 1,
        "sequence": 3,
        "status": 1,
        "fuel": 6960,
        "fault": 0.269,
        "weapon": 0,
        "pilot_injury": 0.5168,
        "pilot_skill": 0.5377,
        "mission_priority": 0.8435,
        "estimated_landing_time": 288.0,
        "wait_time": 0,
        "Landing_success_rate": 0.93
    },
    {
        "model": 2,
        "sequence": 12,
        "status": 1,
        "fuel": 6300,
        "fault": 0.3567,
        "weapon": 1,
        "pilot_injury": 0.6799,
        "pilot_skill": 0.2098,
        "mission_priority": 0.9248,
        "estimated_landing_time": 1134.0,
        "wait_time": 0,
        "Landing_success_rate": 0.8886
    },
    {
        "model": 0,
        "sequence": 22,
        "status": 1,
        "fuel": 7493,
        "fault": 0.5328,
        "weapon": 0,
        "pilot_injury": 0.8651,
        "pilot_skill": 0.9299,
        "mission_priority": 0.7937,
        "estimated_landing_time": 2074.0,
        "wait_time": 0,
        "Landing_success_rate": 0.9198
    },
    {
        "model": 0,
        "sequence": 21,
        "status": 1,
        "fuel": 7096,
        "fault": 0.657,
        "weapon": 0,
        "pilot_injury": 0.1244,
        "pilot_skill": 0.5366,
        "mission_priority": 0.1704,
        "estimated_landing_time": 1980.0,
        "wait_time": 0,
        "Landing_success_rate": 0.8911
    },
    {
        "model": 0,
        "sequence": 6,
        "status": 1,
        "fuel": 5949,
        "fault": 0.1175,
        "weapon": 1,
        "pilot_injury": 0.7943,
        "pilot_skill": 0.7821,
        "mission_priority": 0.3539,
        "estimated_landing_time": 570.0,
        "wait_time": 0,
        "Landing_success_rate": 0.8797
    },
    {
        "model": 1,
        "sequence": 24,
        "status": 1,
        "fuel": 6660,
        "fault": 0.5546,
        "weapon": 0,
        "pilot_injury": 0.04,
        "pilot_skill": 0.6378,
        "mission_priority": 0.3626,
        "estimated_landing_time": 2262.0,
        "wait_time": 0,
        "Landing_success_rate": 0.8887
    },
    {
        "model": 0,
        "sequence": 11,
        "status": 1,
        "fuel": 6435,
        "fault": 0.236,
        "weapon": 0,
        "pilot_injury": 0.6372,
        "pilot_skill": 0.9405,
        "mission_priority": 0.583,
        "estimated_landing_time": 1040.0,
        "wait_time": 0,
        "Landing_success_rate": 0.9036
    },
    {
        "model": 1,
        "sequence": 18,
        "status": 1,
        "fuel": 7163,
        "fault": 0.2967,
        "weapon": 0,
        "pilot_injury": 0.9006,
        "pilot_skill": 0.0387,
        "mission_priority": 0.6152,
        "estimated_landing_time": 1698.0,
        "wait_time": 0,
        "Landing_success_rate": 0.9377
    },
    {
        "model": 2,
        "sequence": 1,
        "status": 1,
        "fuel": 6624,
        "fault": 0.8739,
        "weapon": 1,
        "pilot_injury": 0.2847,
        "pilot_skill": 0.0372,
        "mission_priority": 0.7308,
        "estimated_landing_time": 100.0,
        "wait_time": 0,
        "Landing_success_rate": 0.8606
    },
    {
        "model": 1,
        "sequence": 23,
        "status": 1,
        "fuel": 5648,
        "fault": 0.6632,
        "weapon": 0,
        "pilot_injury": 0.7739,
        "pilot_skill": 0.7028,
        "mission_priority": 0.3486,
        "estimated_landing_time": 2168.0,
        "wait_time": 0,
        "Landing_success_rate": 0.8537
    },
    {
        "model": 2,
        "sequence": 8,
        "status": 1,
        "fuel": 5865,
        "fault": 0.1392,
        "weapon": 0,
        "pilot_injury": 0.61,
        "pilot_skill": 0.7035,
        "mission_priority": 0.8659,
        "estimated_landing_time": 758.0,
        "wait_time": 0,
        "Landing_success_rate": 0.8736
    },
    {
        "model": 2,
        "sequence": 16,
        "status": 1,
        "fuel": 6744,
        "fault": 0.7655,
        "weapon": 0,
        "pilot_injury": 0.9917,
        "pilot_skill": 0.0286,
        "mission_priority": 0.9867,
        "estimated_landing_time": 1510.0,
        "wait_time": 0,
        "Landing_success_rate": 0.8719
    },
    {
        "model": 1,
        "sequence": 13,
        "status": 1,
        "fuel": 6271,
        "fault": 0.3377,
        "weapon": 0,
        "pilot_injury": 0.8837,
        "pilot_skill": 0.2443,
        "mission_priority": 0.2248,
        "estimated_landing_time": 1228.0,
        "wait_time": 0,
        "Landing_success_rate": 0.8883
    },
    {
        "model": 2,
        "sequence": 2,
        "status": 1,
        "fuel": 7173,
        "fault": 0.9178,
        "weapon": 1,
        "pilot_injury": 0.0075,
        "pilot_skill": 0.4504,
        "mission_priority": 0.4891,
        "estimated_landing_time": 194.0,
        "wait_time": 0,
        "Landing_success_rate": 0.8603
    },
    {
        "model": 1,
        "sequence": 7,
        "status": 1,
        "fuel": 6972,
        "fault": 0.8971,
        "weapon": 0,
        "pilot_injury": 0.1546,
        "pilot_skill": 0.3236,
        "mission_priority": 0.7132,
        "estimated_landing_time": 664.0,
        "wait_time": 0,
        "Landing_success_rate": 0.8614
    },
    {
        "model": 0,
        "sequence": 10,
        "status": 1,
        "fuel": 5865,
        "fault": 0.8698,
        "weapon": 1,
        "pilot_injury": 0.0748,
        "pilot_skill": 0.6787,
        "mission_priority": 0.8976,
        "estimated_landing_time": 946.0,
        "wait_time": 0,
        "Landing_success_rate": 0.8536
    },
    {
        "model": 1,
        "sequence": 15,
        "status": 1,
        "fuel": 5934,
        "fault": 0.0495,
        "weapon": 1,
        "pilot_injury": 0.9914,
        "pilot_skill": 0.6363,
        "mission_priority": 0.806,
        "estimated_landing_time": 1416.0,
        "wait_time": 0,
        "Landing_success_rate": 0.8809
    },
    {
        "model": 2,
        "sequence": 19,
        "status": 1,
        "fuel": 5719,
        "fault": 0.7606,
        "weapon": 1,
        "pilot_injury": 0.2841,
        "pilot_skill": 0.6657,
        "mission_priority": 0.4561,
        "estimated_landing_time": 1792.0,
        "wait_time": 0,
        "Landing_success_rate": 0.8539
    }
]