[
    {
        "model": 0,
        "sequence": 3,
        "status": 1,
        "fuel": 6953,
        "fault": 0.0618,
        "weapon": 1,
        "pilot_injury": 0.5679,
        "pilot_skill": 0.4839,
        "mission_priority": 0.4651,
        "estimated_landing_time": 288.0,
        "wait_time": 0,
        "Landing_success_rate": 0.9522
    },
    {
        "model": 1,
        "sequence": 12,
        "status": 1,
        "fuel": 6226,
        "fault": 0.1893,
        "weapon": 0,
        "pilot_injury": 0.1448,
        "pilot_skill": 0.437,
        "mission_priority": 0.2884,
        "estimated_landing_time": 1134.0,
        "wait_time": 0,
        "Landing_success_rate": 0.8941
    },
    {
        "model": 1,
        "sequence": 23,
        "status": 1,
        "fuel": 6686,
        "fault": 0.075,
        "weapon": 1,
        "pilot_injury": 0.0679,
        "pilot_skill": 0.4112,
        "mission_priority": 0.3214,
        "estimated_landing_time": 2168.0,
        "wait_time": 0,
        "Landing_success_rate": 0.9323
    },
    {
        "model": 1,
        "sequence": 16,
        "status": 1,
        "fuel": 7437,
        "fault": 0.6391,
        "weapon": 1,
        "pilot_injury": 0.036,
        "pilot_skill": 0.0959,
        "mission_priority": 0.2831,
        "estimated_landing_time": 1510.0,
        "wait_time": 0,
        "Landing_success_rate": 0.9024
    },
    {
        "model": 1,
        "sequence": 7,
        "status": 1,
        "fuel": 6529,
        "fault": 0.2154,
        "weapon": 0,
        "pilot_injury": 0.2701,
        "pilot_skill": 0.0315,
        "mission_priority": 0.7807,
        "estimated_landing_time": 664.0,
        "wait_time": 0,
        "Landing_success_rate": 0.9106
    },
    {
        "model": 0,
        "sequence": 24,
        "status": 1,
        "fuel": 5979,
        "fault": 0.0766,
        "weapon": 0,
        "pilot_injury": 0.2849,
        "pilot_skill": 0.7721,
        "mission_priority": 0.0089,
        "estimated_landing_time": 2262.0,
        "wait_time": 0,
        "Landing_success_rate": 0.8832
    },
    {
        "model": 0,
        "sequence": 13,
        "status": 1,
        "fuel": 6816,
        "fault": 0.5187,
        "weapon": 1,
        "pilot_injury": 0.5448,
        "pilot_skill": 0.2776,
        "mission_priority": 0.0328,
        "estimated_landing_time": 1228.0,
        "wait_time": 0,
        "Landing_success_rate": 0.8975
    },
    {
        "model": 1,
        "sequence": 8,
        "status": 1,
        "fuel": 6288,
        "fault": 0.1519,
        "weapon": 0,
        "pilot_injury": 0.3387,
        "pilot_skill": 0.0193,
        "mission_priority": 0.6393,
        "estimated_landing_time": 758.0,
        "wait_time": 0,
        "Landing_success_rate": 0.9001
    },
    {
        "model": 2,
        "sequence": 5,
        "status": 1,
        "fuel": 6954,
        "fault": 0.4061,
        "weapon": 0,
        "pilot_injury": 0.0837,
        "pilot_skill": 0.4023,
        "mission_priority": 0.1092,
        "estimated_landing_time": 476.0,
        "wait_time": 0,
        "Landing_success_rate": 0.9148
    },
    {
        "model": 0,
        "sequence": 1,
        "status": 1,
        "fuel": 6143,
        "fault": 0.5387,
        "weapon": 1,
        "pilot_injury": 0.7334,
        "pilot_skill": 0.0847,
        "mission_priority": 0.1284,
        "estimated_landing_time": 100.0,
        "wait_time": 0,
        "Landing_success_rate": 0.8722
    },
    {
        "model": 2,
        "sequence": 21,
        "status": 1,
        "fuel": 7378,
        "fault": 0.2045,
        "weapon": 0,
        "pilot_injury": 0.2014,
        "pilot_skill": 0.4183,
        "mission_priority": 0.6194,
        "estimated_landing_time": 1980.0,
        "wait_time": 0,
        "Landing_success_rate": 0.962
    },
    {
        "model": 1,
        "sequence": 2,
        "status": 1,
        "fuel": 6562,
        "fault": 0.1157,
        "weapon": 0,
        "pilot_injury": 0.0954,
        "pilot_skill": 0.5428,
        "mission_priority": 0.8846,
        "estimated_landing_time": 194.0,
        "wait_time": 0,
        "Landing_success_rate": 0.9204
    },
    {
        "model": 1,
        "sequence": 20,
        "status": 1,
        "fuel": 6876,
        "fault": 0.6859,
        "weapon": 1,
        "pilot_injury": 0.9957,
        "pilot_skill": 0.1051,
        "mission_priority": 0.4786,
        "estimated_landing_time": 1886.0,
        "wait_time": 0,
        "Landing_success_rate": 0.8824
    },
    {
        "model": 0,
        "sequence": 18,
        "status": 1,
        "fuel": 5675,
        "fault": 0.793,
        "weapon": 1,
        "pilot_injury": 0.9727,
        "pilot_skill": 0.354,
        "mission_priority": 0.3501,
        "estimated_landing_time": 1698.0,
        "wait_time": 0,
        "Landing_success_rate": 0.8527
    },
    {
        "model": 2,
        "sequence": 6,
        "status": 1,
        "fuel": 7242,
        "fault": 0.7217,
        "weapon": 0,
        "pilot_injury": 0.5776,
        "pilot_skill": 0.4294,
        "mission_priority": 0.1934,
        "estimated_landing_time": 570.0,
        "wait_time": 0,
        "Landing_success_rate": 0.8864
    },
    {
        "model": 0,
        "sequence": 19,
        "status": 1,
        "fuel": 6407,
        "fault": 0.4233,
        "weapon": 0,
        "pilot_injury": 0.8347,
        "pilot_skill": 0.2749,
        "mission_priority": 0.4959,
        "estimated_landing_time": 1792.0,
        "wait_time": 0,
        "Landing_success_rate": 0.8892
    },
    {
        "model": 0,
        "sequence": 9,
        "status": 1,
        "fuel": 6029,
        "fault": 0.5907,
        "weapon": 0,
        "pilot_injury": 0.796,
        "pilot_skill": 0.9893,
        "mission_priority": 0.3061,
        "estimated_landing_time": 852.0,
        "wait_time": 0,
        "Landing_success_rate": 0.8662
    },
    {
        "model": 0,
        "sequence": 11,
        "status": 1,
        "fuel": 5562,
        "fault": 0.9838,
        "weapon": 0,
        "pilot_injury": 0.9989,
        "pilot_skill": 0.8089,
        "mission_priority": 0.3971,
        "estimated_landing_time": 1040.0,
        "wait_time": 0,
        "Landing_success_rate": 0.8501
    },
    {
        "model": 1,
        "sequence": 15,
        "status": 1,
        "fuel": 7283,
        "fault": 0.3744,
        "weapon": 1,
        "pilot_injury": 0.7552,
        "pilot_skill": 0.8452,
        "mission_priority": 0.965,
        "estimated_landing_time": 1416.0,
        "wait_time": 0,
        "Landing_success_rate": 0.9337
    },
    {
        "model": 2,
        "sequence": 4,
        "status": 1,
        "fuel": 5911,
        "fault": 0.9676,
        "weapon": 1,
        "pilot_injury": 0.4461,
        "pilot_skill": 0.6091,
        "mission_priority": 0.3487,
        "estimated_landing_time": 382.0,
        "wait_time": 0,
        "Landing_success_rate": 0.851
    },
    {
        "model": 1,
        "sequence": 17,
        "status": 1,
        "fuel": 5922,
        "fault": 0.1897,
        "weapon": 0,
        "pilot_injury": 0.0285,
        "pilot_skill": 0.7161,
        "mission_priority": 0.9307,
        "estimated_landing_time": 1604.0,
        "wait_time": 0,
        "Landing_success_rate": 0.8756
    },
    {
        "model": 1,
        "sequence": 14,
        "status": 1,
        "fuel": 5745,
        "fault": 0.5105,
        "weapon": 1,
        "pilot_injury": 0.8239,
        "pilot_skill": 0.3617,
        "mission_priority": 0.1081,
        "estimated_landing_time": 1322.0,
        "wait_time": 0,
        "Landing_success_rate": 0.859
    },
    {
        "model": 1,
        "sequence": 22,
        "status": 1,
        "fuel": 6235,
        "fault": 0.809,
        "weapon": 1,
        "pilot_injury": 0.4418,
        "pilot_skill": 0.2172,
        "mission_priority": 0.8924,
        "estimated_landing_time": 2074.0,
        "wait_time": 0,
        "Landing_success_rate": 0.8605
    },
    {
        "model": 0,
        "sequence": 10,
        "status": 1,
        "fuel": 6440,
        "fault": 0.7373,
        "weapon": 0,
        "pilot_injury": 0.1077,
        "pilot_skill": 0.9832,
        "mission_priority": 0.0381,
        "estimated_landing_time": 946.0,
        "wait_time": 0,
        "Landing_success_rate": 0.8685
    }
]