[
    {
        "model": 1,
        "sequence": 14,
        "status": 1,
        "fuel": 6271,
        "fault": 0.5233,
        "weapon": 1,
        "pilot_injury": 0.7831,
        "pilot_skill": 0.3514,
        "mission_priority": 0.0848,
        "estimated_landing_time": 1322.0,
        "wait_time": 0,
        "Landing_success_rate": 0.8776
    },
    {
        "model": 2,
        "sequence": 20,
        "status": 1,
        "fuel": 7005,
        "fault": 0.5314,
        "weapon": 0,
        "pilot_injury": 0.7089,
        "pilot_skill": 0.7567,
        "mission_priority": 0.613,
        "estimated_landing_time": 1886.0,
        "wait_time": 0,
        "Landing_success_rate": 0.9029
    },
    {
        "model": 0,
        "sequence": 3,
        "status": 1,
        "fuel": 7453,
        "fault": 0.3476,
        "weapon": 0,
        "pilot_injury": 0.7277,
        "pilot_skill": 0.8458,
        "mission_priority": 0.4397,
        "estimated_landing_time": 288.0,
        "wait_time": 0,
        "Landing_success_rate": 0.9456
    },
    {
        "model": 0,
        "sequence": 5,
        "status": 1,
        "fuel": 7422,
        "fault": 0.2735,
        "weapon": 1,
        "pilot_injury": 0.7461,
        "pilot_skill": 0.0869,
        "mission_priority": 0.6175,
        "estimated_landing_time": 476.0,
        "wait_time": 0,
        "Landing_success_rate": 0.9547
    },
    {
        "model": 1,
        "sequence": 10,
        "status": 1,
        "fuel": 6411,
        "fault": 0.5422,
        "weapon": 0,
        "pilot_injury": 0.5682,
        "pilot_skill": 0.1112,
        "mission_priority": 0.53,
        "estimated_landing_time": 946.0,
        "wait_time": 0,
        "Landing_success_rate": 0.8813
    },
    {
        "model": 1,
        "sequence": 1,
        "status": 1,
        "fuel": 6611,
        "fault": 0.5449,
        "weapon": 1,
        "pilot_injury": 0.5026,
        "pilot_skill": 0.4812,
        "mission_priority": 0.7195,
        "estimated_landing_time": 100.0,
        "wait_time": 0,
        "Landing_success_rate": 0.8879
    },
    {
        "model": 0,
        "sequence": 15,
        "status": 1,
        "fuel": 6372,
        "fault": 0.5846,
        "weapon": 1,
        "pilot_injury": 0.352,
        "pilot_skill": 0.6884,
        "mission_priority": 0.1673,
        "estimated_landing_time": 1416.0,
        "wait_time": 0,
        "Landing_success_rate": 0.8772
    },
    {
        "model": 1,
        "sequence": 13,
        "status": 1,
        "fuel": 5901,
        "fault": 0.874,
        "weapon": 1,
        "pilot_injury": 0.7258,
        "pilot_skill": 0.1191,
        "mission_priority": 0.9875,
        "estimated_landing_time": 1228.0,
        "wait_time": 0,
        "Landing_success_rate": 0.8538
    },
    {
        "model": 2,
        "sequence": 7,
        "status": 1,
        "fuel": 6954,
        "fault": 0.5824,
        "weapon": 0,
        "pilot_injury": 0.5773,
        "pilot_skill": 0.8889,
        "mission_priority": 0.4946,
        "estimated_landing_time": 664.0,
        "wait_time": 0,
        "Landing_success_rate": 0.8955
    },
    {
        "model": 0,
        "sequence": 24,
        "status": 1,
        "fuel": 6721,
        "fault": 0.1882,
        "weapon": 0,
        "pilot_injury": 0.6493,
        "pilot_skill": 0.5755,
        "mission_priority": 0.4059,
        "estimated_landing_time": 2262.0,
        "wait_time": 0,
        "Landing_success_rate": 0.9243
    },
    {
        "model": 0,
        "sequence": 17,
        "status": 1,
        "fuel": 5961,
        "fault": 0.6504,
        "weapon": 0,
        "pilot_injury": 0.8641,
        "pilot_skill": 0.7725,
        "mission_priority": 0.4141,
        "estimated_landing_time": 1604.0,
        "wait_time": 0,
        "Landing_success_rate": 0.8621
    },
    {
        "model": 2,
        "sequence": 4,
        "status": 1,
        "fuel": 7376,
        "fault": 0.1828,
        "weapon": 0,
        "pilot_injury": 0.6641,
        "pilot_skill": 0.5674,
        "mission_priority": 0.3,
        "estimated_landing_time": 382.0,
        "wait_time": 0,
        "Landing_success_rate": 0.965
    },
    {
        "model": 1,
        "sequence": 6,
        "status": 1,
        "fuel": 6692,
        "fault": 0.5949,
        "weapon": 1,
        "pilot_injury": 0.9128,
        "pilot_skill": 0.2053,
        "mission_priority": 0.4562,
        "estimated_landing_time": 570.0,
        "wait_time": 0,
        "Landing_success_rate": 0.8862
    },
    {
        "model": 2,
        "sequence": 11,
        "status": 1,
        "fuel": 5622,
        "fault": 0.0908,
        "weapon": 1,
        "pilot_injury": 0.9766,
        "pilot_skill": 0.5187,
        "mission_priority": 0.8301,
        "estimated_landing_time": 1040.0,
        "wait_time": 0,
        "Landing_success_rate": 0.8583
    },
    {
        "model": 2,
        "sequence": 2,
        "status": 1,
        "fuel": 7478,
        "fault": 0.6047,
        "weapon": 1,
        "pilot_injury": 0.6957,
        "pilot_skill": 0.6471,
        "mission_priority": 0.7585,
        "estimated_landing_time": 194.0,
        "wait_time": 0,
        "Landing_success_rate": 0.9086
    },
    {
        "model": 0,
        "sequence": 22,
        "status": 1,
        "fuel": 7280,
        "fault": 0.4241,
        "weapon": 1,
        "pilot_injury": 0.7693,
        "pilot_skill": 0.3706,
        "mission_priority": 0.9108,
        "estimated_landing_time": 2074.0,
        "wait_time": 0,
        "Landing_success_rate": 0.9269
    },
    {
        "model": 2,
        "sequence": 18,
        "status": 1,
        "fuel": 6598,
        "fault": 0.1445,
        "weapon": 1,
        "pilot_injury": 0.6988,
        "pilot_skill": 0.5135,
        "mission_priority": 0.3171,
        "estimated_landing_time": 1698.0,
        "wait_time": 0,
        "Landing_success_rate": 0.9205
    },
    {
        "model": 1,
        "sequence": 12,
        "status": 1,
        "fuel": 6015,
        "fault": 0.0984,
        "weapon": 0,
        "pilot_injury": 0.1616,
        "pilot_skill": 0.5829,
        "mission_priority": 0.7696,
        "estimated_landing_time": 1134.0,
        "wait_time": 0,
        "Landing_success_rate": 0.8848
    },
    {
        "model": 0,
        "sequence": 9,
        "status": 1,
        "fuel": 6140,
        "fault": 0.239,
        "weapon": 0,
        "pilot_injury": 0.8998,
        "pilot_skill": 0.6216,
        "mission_priority": 0.7756,
        "estimated_landing_time": 852.0,
        "wait_time": 0,
        "Landing_success_rate": 0.8865
    },
    {
        "model": 1,
        "sequence": 23,
        "status": 1,
        "fuel": 6546,
        "fault": 0.6569,
        "weapon": 1,
        "pilot_injury": 0.3654,
        "pilot_skill": 0.709,
        "mission_priority": 0.6861,
        "estimated_landing_time": 2168.0,
        "wait_time": 0,
        "Landing_success_rate": 0.8769
    },
    {
        "model": 2,
        "sequence": 21,
        "status": 1,
        "fuel": 6203,
        "fault": 0.8064,
        "weapon": 1,
        "pilot_injury": 0.4113,
        "pilot_skill": 0.7971,
        "mission_priority": 0.1531,
        "estimated_landing_time": 1980.0,
        "wait_time": 0,
        "Landing_success_rate": 0.8602
    },
    {
        "model": 2,
        "sequence": 16,
        "status": 1,
        "fuel": 6375,
        "fault": 0.0664,
        "weapon": 0,
        "pilot_injury": 0.154,
        "pilot_skill": 0.1621,
        "mission_priority": 0.9836,
        "estimated_landing_time": 1510.0,
        "wait_time": 0,
        "Landing_success_rate": 0.9113
    },
    {
        "model": 1,
        "sequence": 8,
        "status": 1,
        "fuel": 7288,
        "fault": 0.2261,
        "weapon": 1,
        "pilot_injury": 0.2686,
        "pilot_skill": 0.3721,
        "mission_priority": 0.0559,
        "estimated_landing_time": 758.0,
        "wait_time": 0,
        "Landing_success_rate": 0.9538
    },
    {
        "model": 0,
        "sequence": 19,
        "status": 1,
        "fuel": 6007,
        "fault": 0.1365,
        "weapon": 0,
        "pilot_injury": 0.7869,
        "pilot_skill": 0.9882,
        "mission_priority": 0.0676,
        "estimated_landing_time": 1792.0,
        "wait_time": 0,
        "Landing_success_rate": 0.8828
    }
]