[
    {
        "model": 1,
        "sequence": 13,
        "status": 1,
        "fuel": 6261,
        "fault": 0.526,
        "weapon": 1,
        "pilot_injury": 0.5312,
        "pilot_skill": 0.6552,
        "mission_priority": 0.5663,
        "estimated_landing_time": 1228.0,
        "wait_time": 0,
        "Landing_success_rate": 0.8771
    },
    {
        "model": 0,
        "sequence": 15,
        "status": 1,
        "fuel": 6552,
        "fault": 0.9454,
        "weapon": 0,
        "pilot_injury": 0.2018,
        "pilot_skill": 0.0721,
        "mission_priority": 0.1404,
        "estimated_landing_time": 1416.0,
        "wait_time": 0,
        "Landing_success_rate": 0.8543
    },
    {
        "model": 0,
        "sequence": 7,
        "status": 1,
        "fuel": 5794,
        "fault": 0.555,
        "weapon": 1,
        "pilot_injury": 0.1152,
        "pilot_skill": 0.3627,
        "mission_priority": 0.2507,
        "estimated_landing_time": 664.0,
        "wait_time": 0,
        "Landing_success_rate": 0.8598
    },
    {
        "model": 1,
        "sequence": 18,
        "status": 1,
        "fuel": 6643,
        "fault": 0.9436,
        "weapon": 0,
        "pilot_injury": 0.5353,
        "pilot_skill": 0.9648,
        "mission_priority": 0.8367,
        "estimated_landing_time": 1698.0,
        "wait_time": 0,
        "Landing_success_rate": 0.8548
    },
    {
        "model": 0,
        "sequence": 3,
        "status": 1,
        "fuel": 5778,
        "fault": 0.8578,
        "weapon": 0,
        "pilot_injury": 0.0228,
        "pilot_skill": 0.1255,
        "mission_priority": 0.7403,
        "estimated_landing_time": 288.0,
        "wait_time": 0,
        "Landing_success_rate": 0.853
    },
    {
        "model": 0,
        "sequence": 10,
        "status": 1,
        "fuel": 6815,
        "fault": 0.6645,
        "weapon": 1,
        "pilot_injury": 0.739,
        "pilot_skill": 0.1946,
        "mission_priority": 0.589,
        "estimated_landing_time": 946.0,
        "wait_time": 0,
        "Landing_success_rate": 0.8831
    },
    {
        "model": 1,
        "sequence": 14,
        "status": 1,
        "fuel": 5521,
        "fault": 0.6206,
        "weapon": 1,
        "pilot_injury": 0.9936,
        "pilot_skill": 0.4342,
        "mission_priority": 0.3118,
        "estimated_landing_time": 1322.0,
        "wait_time": 0,
        "Landing_success_rate": 0.8506
    },
    {
        "model": 2,
        "sequence": 8,
        "status": 1,
        "fuel": 5538,
        "fault": 0.2842,
        "weapon": 1,
        "pilot_injury": 0.8525,
        "pilot_skill": 0.9469,
        "mission_priority": 0.9721,
        "estimated_landing_time": 758.0,
        "wait_time": 0,
        "Landing_success_rate": 0.852
    },
    {
        "model": 2,
        "sequence": 5,
        "status": 1,
        "fuel": 5808,
        "fault": 0.2987,
        "weapon": 1,
        "pilot_injury": 0.5815,
        "pilot_skill": 0.466,
        "mission_priority": 0.1522,
        "estimated_landing_time": 476.0,
        "wait_time": 0,
        "Landing_success_rate": 0.8662
    },
    {
        "model": 2,
        "sequence": 11,
        "status": 1,
        "fuel": 7166,
        "fault": 0.2155,
        "weapon": 1,
        "pilot_injury": 0.1862,
        "pilot_skill": 0.8867,
        "mission_priority": 0.7617,
        "estimated_landing_time": 1040.0,
        "wait_time": 0,
        "Landing_success_rate": 0.948
    },
    {
        "model": 0,
        "sequence": 9,
        "status": 1,
        "fuel": 7240,
        "fault": 0.7878,
        "weapon": 0,
        "pilot_injury": 0.6222,
        "pilot_skill": 0.6211,
        "mission_priority": 0.4392,
        "estimated_landing_time": 852.0,
        "wait_time": 0,
        "Landing_success_rate": 0.8777
    },
    {
        "model": 0,
        "sequence": 1,
        "status": 1,
        "fuel": 5528,
        "fault": 0.0214,
        "weapon": 1,
        "pilot_injury": 0.758,
        "pilot_skill": 0.4734,
        "mission_priority": 0.2623,
        "estimated_landing_time": 100.0,
        "wait_time": 0,
        "Landing_success_rate": 0.8521
    },
    {
        "model": 2,
        "sequence": 4,
        "status": 1,
        "fuel": 6399,
        "fault": 0.2851,
        "weapon": 0,
        "pilot_injury": 0.82,
        "pilot_skill": 0.027,
        "mission_priority": 0.783,
        "estimated_landing_time": 382.0,
        "wait_time": 0,
        "Landing_success_rate": 0.8982
    },
    {
        "model": 1,
        "sequence": 6,
        "status": 1,
        "fuel": 6107,
        "fault": 0.6536,
        "weapon": 1,
        "pilot_injury": 0.8065,
        "pilot_skill": 0.5613,
        "mission_priority": 0.4039,
        "estimated_landing_time": 570.0,
        "wait_time": 0,
        "Landing_success_rate": 0.8658
    },
    {
        "model": 2,
        "sequence": 12,
        "status": 1,
        "fuel": 5635,
        "fault": 0.2885,
        "weapon": 0,
        "pilot_injury": 0.8374,
        "pilot_skill": 0.8251,
        "mission_priority": 0.8234,
        "estimated_landing_time": 1134.0,
        "wait_time": 0,
        "Landing_success_rate": 0.8572
    },
    {
        "model": 1,
        "sequence": 21,
        "status": 1,
        "fuel": 6956,
        "fault": 0.6817,
        "weapon": 1,
        "pilot_injury": 0.0366,
        "pilot_skill": 0.2065,
        "mission_priority": 0.5145,
        "estimated_landing_time": 1980.0,
        "wait_time": 0,
        "Landing_success_rate": 0.8848
    },
    {
        "model": 0,
        "sequence": 23,
        "status": 1,
        "fuel": 6582,
        "fault": 0.8167,
        "weapon": 1,
        "pilot_injury": 0.0417,
        "pilot_skill": 0.6112,
        "mission_priority": 0.3135,
        "estimated_landing_time": 2168.0,
        "wait_time": 0,
        "Landing_success_rate": 0.8649
    },
    {
        "model": 0,
        "sequence": 24,
        "status": 1,
        "fuel": 5860,
        "fault": 0.1707,
        "weapon": 0,
        "pilot_injury": 0.3068,
        "pilot_skill": 0.5766,
        "mission_priority": 0.9298,
        "estimated_landing_time": 2262.0,
        "wait_time": 0,
        "Landing_success_rate": 0.8724
    },
    {
        "model": 2,
        "sequence": 19,
        "status": 1,
        "fuel": 6555,
        "fault": 0.1572,
        "weapon": 1,
        "pilot_injury": 0.086,
        "pilot_skill": 0.0883,
        "mission_priority": 0.713,
        "estimated_landing_time": 1792.0,
        "wait_time": 0,
        "Landing_success_rate": 0.9167
    },
    {
        "model": 1,
        "sequence": 2,
        "status": 1,
        "fuel": 6913,
        "fault": 0.674,
        "weapon": 0,
        "pilot_injury": 0.286,
        "pilot_skill": 0.794,
        "mission_priority": 0.9562,
        "estimated_landing_time": 194.0,
        "wait_time": 0,
        "Landing_success_rate": 0.8845
    },
    {
        "model": 1,
        "sequence": 17,
        "status": 1,
        "fuel": 7005,
        "fault": 0.0618,
        "weapon": 0,
        "pilot_injury": 0.7401,
        "pilot_skill": 0.8222,
        "mission_priority": 0.7989,
        "estimated_landing_time": 1604.0,
        "wait_time": 0,
        "Landing_success_rate": 0.9559
    },
    {
        "model": 2,
        "sequence": 20,
        "status": 1,
        "fuel": 6832,
        "fault": 0.8967,
        "weapon": 0,
        "pilot_injury": 0.6626,
        "pilot_skill": 0.3762,
        "mission_priority": 0.598,
        "estimated_landing_time": 1886.0,
        "wait_time": 0,
        "Landing_success_rate": 0.8603
    },
    {
        "model": 1,
        "sequence": 16,
        "status": 1,
        "fuel": 6703,
        "fault": 0.2682,
        "weapon": 0,
        "pilot_injury": 0.0307,
        "pilot_skill": 0.3272,
        "mission_priority": 0.9602,
        "estimated_landing_time": 1510.0,
        "wait_time": 0,
        "Landing_success_rate": 0.916
    },
    {
        "model": 0,
        "sequence": 22,
        "status": 1,
        "fuel": 6322,
        "fault": 0.2892,
        "weapon": 1,
        "pilot_injury": 0.012,
        "pilot_skill": 0.6691,
        "mission_priority": 0.579,
        "estimated_landing_time": 2074.0,
        "wait_time": 0,
        "Landing_success_rate": 0.8938
    }
]