[
    {
        "model": 0,
        "sequence": 22,
        "status": 1,
        "fuel": 7119,
        "fault": 0.3002,
        "weapon": 1,
        "pilot_injury": 0.6453,
        "pilot_skill": 0.6248,
        "mission_priority": 0.7698,
        "estimated_landing_time": 2074.0,
        "wait_time": 0,
        "Landing_success_rate": 0.935
    },
    {
        "model": 0,
        "sequence": 23,
        "status": 1,
        "fuel": 7068,
        "fault": 0.9955,
        "weapon": 1,
        "pilot_injury": 0.5194,
        "pilot_skill": 0.4385,
        "mission_priority": 0.0795,
        "estimated_landing_time": 2168.0,
        "wait_time": 0,
        "Landing_success_rate": 0.8505
    },
    {
        "model": 0,
        "sequence": 18,
        "status": 1,
        "fuel": 5892,
        "fault": 0.4697,
        "weapon": 0,
        "pilot_injury": 0.7243,
        "pilot_skill": 0.9207,
        "mission_priority": 0.2308,
        "estimated_landing_time": 1698.0,
        "wait_time": 0,
        "Landing_success_rate": 0.8656
    },
    {
        "model": 0,
        "sequence": 4,
        "status": 1,
        "fuel": 7031,
        "fault": 0.5324,
        "weapon": 1,
        "pilot_injury": 0.6912,
        "pilot_skill": 0.8865,
        "mission_priority": 0.1439,
        "estimated_landing_time": 382.0,
        "wait_time": 0,
        "Landing_success_rate": 0.9037
    },
    {
        "model": 2,
        "sequence": 11,
        "status": 1,
        "fuel": 6128,
        "fault": 0.1338,
        "weapon": 0,
        "pilot_injury": 0.1515,
        "pilot_skill": 0.1614,
        "mission_priority": 0.2955,
        "estimated_landing_time": 1040.0,
        "wait_time": 0,
        "Landing_success_rate": 0.8908
    },
    {
        "model": 2,
        "sequence": 19,
        "status": 1,
        "fuel": 5958,
        "fault": 0.6806,
        "weapon": 0,
        "pilot_injury": 0.3629,
        "pilot_skill": 0.7613,
        "mission_priority": 0.8051,
        "estimated_landing_time": 1792.0,
        "wait_time": 0,
        "Landing_success_rate": 0.861
    },
    {
        "model": 2,
        "sequence": 24,
        "status": 1,
        "fuel": 6950,
        "fault": 0.0162,
        "weapon": 1,
        "pilot_injury": 0.1078,
        "pilot_skill": 0.397,
        "mission_priority": 0.9673,
        "estimated_landing_time": 2262.0,
        "wait_time": 0,
        "Landing_success_rate": 0.957
    },
    {
        "model": 1,
        "sequence": 12,
        "status": 1,
        "fuel": 6313,
        "fault": 0.4666,
        "weapon": 0,
        "pilot_injury": 0.7905,
        "pilot_skill": 0.6654,
        "mission_priority": 0.6315,
        "estimated_landing_time": 1134.0,
        "wait_time": 0,
        "Landing_success_rate": 0.8825
    },
    {
        "model": 0,
        "sequence": 8,
        "status": 1,
        "fuel": 6685,
        "fault": 0.592,
        "weapon": 0,
        "pilot_injury": 0.7712,
        "pilot_skill": 0.8825,
        "mission_priority": 0.0162,
        "estimated_landing_time": 758.0,
        "wait_time": 0,
        "Landing_success_rate": 0.8863
    },
    {
        "model": 0,
        "sequence": 3,
        "status": 1,
        "fuel": 6074,
        "fault": 0.3338,
        "weapon": 1,
        "pilot_injury": 0.0508,
        "pilot_skill": 0.4177,
        "mission_priority": 0.644,
        "estimated_landing_time": 288.0,
        "wait_time": 0,
        "Landing_success_rate": 0.8787
    },
    {
        "model": 2,
        "sequence": 6,
        "status": 1,
        "fuel": 6049,
        "fault": 0.633,
        "weapon": 0,
        "pilot_injury": 0.8567,
        "pilot_skill": 0.1216,
        "mission_priority": 0.2105,
        "estimated_landing_time": 570.0,
        "wait_time": 0,
        "Landing_success_rate": 0.8651
    },
    {
        "model": 2,
        "sequence": 13,
        "status": 1,
        "fuel": 6768,
        "fault": 0.7295,
        "weapon": 1,
        "pilot_injury": 0.2352,
        "pilot_skill": 0.621,
        "mission_priority": 0.3626,
        "estimated_landing_time": 1228.0,
        "wait_time": 0,
        "Landing_success_rate": 0.8757
    },
    {
        "model": 0,
        "sequence": 10,
        "status": 1,
        "fuel": 6109,
        "fault": 0.1858,
        "weapon": 0,
        "pilot_injury": 0.7357,
        "pilot_skill": 0.2384,
        "mission_priority": 0.316,
        "estimated_landing_time": 946.0,
        "wait_time": 0,
        "Landing_success_rate": 0.8872
    },
    {
        "model": 2,
        "sequence": 7,
        "status": 1,
        "fuel": 7273,
        "fault": 0.6947,
        "weapon": 0,
        "pilot_injury": 0.4901,
        "pilot_skill": 0.9507,
        "mission_priority": 0.8167,
        "estimated_landing_time": 664.0,
        "wait_time": 0,
        "Landing_success_rate": 0.8906
    },
    {
        "model": 1,
        "sequence": 21,
        "status": 1,
        "fuel": 7191,
        "fault": 0.6756,
        "weapon": 1,
        "pilot_injury": 0.5061,
        "pilot_skill": 0.2537,
        "mission_priority": 0.3633,
        "estimated_landing_time": 1980.0,
        "wait_time": 0,
        "Landing_success_rate": 0.8911
    },
    {
        "model": 1,
        "sequence": 5,
        "status": 1,
        "fuel": 5948,
        "fault": 0.7188,
        "weapon": 1,
        "pilot_injury": 0.7196,
        "pilot_skill": 0.4771,
        "mission_priority": 0.3716,
        "estimated_landing_time": 476.0,
        "wait_time": 0,
        "Landing_success_rate": 0.8594
    },
    {
        "model": 1,
        "sequence": 17,
        "status": 1,
        "fuel": 7221,
        "fault": 0.3845,
        "weapon": 0,
        "pilot_injury": 0.0719,
        "pilot_skill": 0.279,
        "mission_priority": 0.5079,
        "estimated_landing_time": 1604.0,
        "wait_time": 0,
        "Landing_success_rate": 0.9294
    },
    {
        "model": 0,
        "sequence": 9,
        "status": 1,
        "fuel": 7321,
        "fault": 0.5791,
        "weapon": 1,
        "pilot_injury": 0.1147,
        "pilot_skill": 0.7978,
        "mission_priority": 0.6179,
        "estimated_landing_time": 852.0,
        "wait_time": 0,
        "Landing_success_rate": 0.9075
    },
    {
        "model": 2,
        "sequence": 1,
        "status": 1,
        "fuel": 5666,
        "fault": 0.7386,
        "weapon": 0,
        "pilot_injury": 0.1829,
        "pilot_skill": 0.2526,
        "mission_priority": 0.7173,
        "estimated_landing_time": 100.0,
        "wait_time": 0,
        "Landing_success_rate": 0.8533
    },
    {
        "model": 1,
        "sequence": 20,
        "status": 1,
        "fuel": 5852,
        "fault": 0.3347,
        "weapon": 0,
        "pilot_injury": 0.5141,
        "pilot_skill": 0.1453,
        "mission_priority": 0.4991,
        "estimated_landing_time": 1886.0,
        "wait_time": 0,
        "Landing_success_rate": 0.8676
    },
    {
        "model": 1,
        "sequence": 14,
        "status": 1,
        "fuel": 6042,
        "fault": 0.0095,
        "weapon": 0,
        "pilot_injury": 0.6481,
        "pilot_skill": 0.199,
        "mission_priority": 0.1357,
        "estimated_landing_time": 1322.0,
        "wait_time": 0,
        "Landing_success_rate": 0.8903
    },
    {
        "model": 1,
        "sequence": 2,
        "status": 1,
        "fuel": 7440,
        "fault": 0.8186,
        "weapon": 0,
        "pilot_injury": 0.761,
        "pilot_skill": 0.4601,
        "mission_priority": 0.0812,
        "estimated_landing_time": 194.0,
        "wait_time": 0,
        "Landing_success_rate": 0.8764
    },
    {
        "model": 1,
        "sequence": 16,
        "status": 1,
        "fuel": 6153,
        "fault": 0.2224,
        "weapon": 0,
        "pilot_injury": 0.3316,
        "pilot_skill": 0.8022,
        "mission_priority": 0.1544,
        "estimated_landing_time": 1510.0,
        "wait_time": 0,
        "Landing_success_rate": 0.8881
    },
    {
        "model": 1,
        "sequence": 15,
        "status": 1,
        "fuel": 5686,
        "fault": 0.9903,
        "weapon": 0,
        "pilot_injury": 0.4609,
        "pilot_skill": 0.9292,
        "mission_priority": 0.7612,
        "estimated_landing_time": 1416.0,
        "wait_time": 0,
        "Landing_success_rate": 0.8501
    }
]