[
    {
        "model": 1,
        "sequence": 1,
        "status": 1,
        "fuel": 7293,
        "fault": 0.5426,
        "weapon": 1,
        "pilot_injury": 0.1108,
        "pilot_skill": 0.9334,
        "mission_priority": 0.1534,
        "estimated_landing_time": 100.0,
        "wait_time": 0,
        "Landing_success_rate": 0.9115
    },
    {
        "model": 0,
        "sequence": 8,
        "status": 1,
        "fuel": 7424,
        "fault": 0.2401,
        "weapon": 1,
        "pilot_injury": 0.1401,
        "pilot_skill": 0.7767,
        "mission_priority": 0.9045,
        "estimated_landing_time": 758.0,
        "wait_time": 0,
        "Landing_success_rate": 0.9597
    },
    {
        "model": 1,
        "sequence": 14,
        "status": 1,
        "fuel": 7192,
        "fault": 0.7907,
        "weapon": 0,
        "pilot_injury": 0.8498,
        "pilot_skill": 0.501,
        "mission_priority": 0.6745,
        "estimated_landing_time": 1322.0,
        "wait_time": 0,
        "Landing_success_rate": 0.8766
    },
    {
        "model": 1,
        "sequence": 18,
        "status": 1,
        "fuel": 6256,
        "fault": 0.8214,
        "weapon": 1,
        "pilot_injury": 0.2997,
        "pilot_skill": 0.5629,
        "mission_priority": 0.1598,
        "estimated_landing_time": 1698.0,
        "wait_time": 0,
        "Landing_success_rate": 0.8601
    },
    {
        "model": 1,
        "sequence": 10,
        "status": 1,
        "fuel": 7451,
        "fault": 0.3647,
        "weapon": 1,
        "pilot_injury": 0.8475,
        "pilot_skill": 0.921,
        "mission_priority": 0.9006,
        "estimated_landing_time": 946.0,
        "wait_time": 0,
        "Landing_success_rate": 0.943
    },
    {
        "model": 1,
        "sequence": 13,
        "status": 1,
        "fuel": 6768,
        "fault": 0.3629,
        "weapon": 0,
        "pilot_injury": 0.3572,
        "pilot_skill": 0.6525,
        "mission_priority": 0.712,
        "estimated_landing_time": 1228.0,
        "wait_time": 0,
        "Landing_success_rate": 0.9106
    },
    {
        "model": 0,
        "sequence": 22,
        "status": 1,
        "fuel": 6101,
        "fault": 0.0736,
        "weapon": 1,
        "pilot_injury": 0.1075,
        "pilot_skill": 0.6071,
        "mission_priority": 0.531,
        "estimated_landing_time": 2074.0,
        "wait_time": 0,
        "Landing_success_rate": 0.8918
    },
    {
        "model": 2,
        "sequence": 20,
        "status": 1,
        "fuel": 5595,
        "fault": 0.5084,
        "weapon": 1,
        "pilot_injury": 0.0579,
        "pilot_skill": 0.9959,
        "mission_priority": 0.9813,
        "estimated_landing_time": 1886.0,
        "wait_time": 0,
        "Landing_success_rate": 0.8535
    },
    {
        "model": 0,
        "sequence": 15,
        "status": 1,
        "fuel": 7000,
        "fault": 0.9362,
        "weapon": 1,
        "pilot_injury": 0.1829,
        "pilot_skill": 0.057,
        "mission_priority": 0.6119,
        "estimated_landing_time": 1416.0,
        "wait_time": 0,
        "Landing_success_rate": 0.8572
    },
    {
        "model": 1,
        "sequence": 21,
        "status": 1,
        "fuel": 7019,
        "fault": 0.2202,
        "weapon": 0,
        "pilot_injury": 0.5252,
        "pilot_skill": 0.8729,
        "mission_priority": 0.0707,
        "estimated_landing_time": 1980.0,
        "wait_time": 0,
        "Landing_success_rate": 0.9388
    },
    {
        "model": 2,
        "sequence": 19,
        "status": 1,
        "fuel": 7342,
        "fault": 0.3153,
        "weapon": 1,
        "pilot_injury": 0.9707,
        "pilot_skill": 0.7397,
        "mission_priority": 0.5481,
        "estimated_landing_time": 1792.0,
        "wait_time": 0,
        "Landing_success_rate": 0.9446
    },
    {
        "model": 1,
        "sequence": 7,
        "status": 1,
        "fuel": 6632,
        "fault": 0.7509,
        "weapon": 1,
        "pilot_injury": 0.8887,
        "pilot_skill": 0.0891,
        "mission_priority": 0.5748,
        "estimated_landing_time": 664.0,
        "wait_time": 0,
        "Landing_success_rate": 0.8711
    },
    {
        "model": 1,
        "sequence": 6,
        "status": 1,
        "fuel": 7245,
        "fault": 0.3102,
        "weapon": 1,
        "pilot_injury": 0.417,
        "pilot_skill": 0.3224,
        "mission_priority": 0.627,
        "estimated_landing_time": 570.0,
        "wait_time": 0,
        "Landing_success_rate": 0.9403
    },
    {
        "model": 1,
        "sequence": 3,
        "status": 1,
        "fuel": 7350,
        "fault": 0.4773,
        "weapon": 1,
        "pilot_injury": 0.8367,
        "pilot_skill": 0.3157,
        "mission_priority": 0.6449,
        "estimated_landing_time": 288.0,
        "wait_time": 0,
        "Landing_success_rate": 0.9225
    },
    {
        "model": 1,
        "sequence": 5,
        "status": 1,
        "fuel": 6884,
        "fault": 0.6093,
        "weapon": 0,
        "pilot_injury": 0.4928,
        "pilot_skill": 0.0353,
        "mission_priority": 0.6816,
        "estimated_landing_time": 476.0,
        "wait_time": 0,
        "Landing_success_rate": 0.8906
    },
    {
        "model": 2,
        "sequence": 12,
        "status": 1,
        "fuel": 6961,
        "fault": 0.0028,
        "weapon": 1,
        "pilot_injury": 0.6345,
        "pilot_skill": 0.4691,
        "mission_priority": 0.2243,
        "estimated_landing_time": 1134.0,
        "wait_time": 0,
        "Landing_success_rate": 0.9593
    },
    {
        "model": 0,
        "sequence": 24,
        "status": 1,
        "fuel": 5915,
        "fault": 0.1938,
        "weapon": 1,
        "pilot_injury": 0.887,
        "pilot_skill": 0.354,
        "mission_priority": 0.3998,
        "estimated_landing_time": 2262.0,
        "wait_time": 0,
        "Landing_success_rate": 0.8751
    },
    {
        "model": 0,
        "sequence": 17,
        "status": 1,
        "fuel": 5722,
        "fault": 0.0315,
        "weapon": 1,
        "pilot_injury": 0.6805,
        "pilot_skill": 0.3028,
        "mission_priority": 0.7018,
        "estimated_landing_time": 1604.0,
        "wait_time": 0,
        "Landing_success_rate": 0.8661
    },
    {
        "model": 0,
        "sequence": 4,
        "status": 1,
        "fuel": 5949,
        "fault": 0.8028,
        "weapon": 0,
        "pilot_injury": 0.3128,
        "pilot_skill": 0.8613,
        "mission_priority": 0.0119,
        "estimated_landing_time": 382.0,
        "wait_time": 0,
        "Landing_success_rate": 0.8566
    },
    {
        "model": 2,
        "sequence": 16,
        "status": 1,
        "fuel": 5709,
        "fault": 0.1206,
        "weapon": 1,
        "pilot_injury": 0.7177,
        "pilot_skill": 0.5075,
        "mission_priority": 0.0839,
        "estimated_landing_time": 1510.0,
        "wait_time": 0,
        "Landing_success_rate": 0.8638
    },
    {
        "model": 2,
        "sequence": 23,
        "status": 1,
        "fuel": 5625,
        "fault": 0.1152,
        "weapon": 0,
        "pilot_injury": 0.1584,
        "pilot_skill": 0.4203,
        "mission_priority": 0.9446,
        "estimated_landing_time": 2168.0,
        "wait_time": 0,
        "Landing_success_rate": 0.8583
    },
    {
        "model": 0,
        "sequence": 11,
        "status": 1,
        "fuel": 5532,
        "fault": 0.7329,
        "weapon": 1,
        "pilot_injury": 0.5214,
        "pilot_skill": 0.3301,
        "mission_priority": 0.6963,
        "estimated_landing_time": 1040.0,
        "wait_time": 0,
        "Landing_success_rate": 0.8506
    },
    {
        "model": 2,
        "sequence": 2,
        "status": 1,
        "fuel": 6976,
        "fault": 0.7049,
        "weapon": 1,
        "pilot_injury": 0.2102,
        "pilot_skill": 0.9265,
        "mission_priority": 0.1106,
        "estimated_landing_time": 194.0,
        "wait_time": 0,
        "Landing_success_rate": 0.8827
    },
    {
        "model": 1,
        "sequence": 9,
        "status": 1,
        "fuel": 6506,
        "fault": 0.7489,
        "weapon": 1,
        "pilot_injury": 0.084,
        "pilot_skill": 0.0288,
        "mission_priority": 0.3332,
        "estimated_landing_time": 852.0,
        "wait_time": 0,
        "Landing_success_rate": 0.8689
    }
]