[
    {
        "model": 2,
        "sequence": 22,
        "status": 1,
        "fuel": 6070,
        "fault": 0.9217,
        "weapon": 1,
        "pilot_injury": 0.7285,
        "pilot_skill": 0.4283,
        "mission_priority": 0.4346,
        "estimated_landing_time": 2074.0,
        "wait_time": 0,
        "Landing_success_rate": 0.8533
    },
    {
        "model": 0,
        "sequence": 10,
        "status": 1,
        "fuel": 6880,
        "fault": 0.7401,
        "weapon": 1,
        "pilot_injury": 0.8469,
        "pilot_skill": 0.7514,
        "mission_priority": 0.6703,
        "estimated_landing_time": 946.0,
        "wait_time": 0,
        "Landing_success_rate": 0.8769
    },
    {
        "model": 1,
        "sequence": 9,
        "status": 1,
        "fuel": 6836,
        "fault": 0.1535,
        "weapon": 1,
        "pilot_injury": 0.2611,
        "pilot_skill": 0.8433,
        "mission_priority": 0.7173,
        "estimated_landing_time": 852.0,
        "wait_time": 0,
        "Landing_success_rate": 0.9348
    },
    {
        "model": 1,
        "sequence": 8,
        "status": 1,
        "fuel": 7241,
        "fault": 0.1039,
        "weapon": 1,
        "pilot_injury": 0.9698,
        "pilot_skill": 0.0813,
        "mission_priority": 0.8383,
        "estimated_landing_time": 758.0,
        "wait_time": 0,
        "Landing_success_rate": 0.967
    },
    {
        "model": 2,
        "sequence": 13,
        "status": 1,
        "fuel": 5757,
        "fault": 0.9377,
        "weapon": 1,
        "pilot_injury": 0.4279,
        "pilot_skill": 0.6627,
        "mission_priority": 0.5467,
        "estimated_landing_time": 1228.0,
        "wait_time": 0,
        "Landing_success_rate": 0.8512
    },
    {
        "model": 1,
        "sequence": 23,
        "status": 1,
        "fuel": 6323,
        "fault": 0.509,
        "weapon": 1,
        "pilot_injury": 0.7172,
        "pilot_skill": 0.5049,
        "mission_priority": 0.3618,
        "estimated_landing_time": 2168.0,
        "wait_time": 0,
        "Landing_success_rate": 0.8803
    },
    {
        "model": 0,
        "sequence": 16,
        "status": 1,
        "fuel": 5819,
        "fault": 0.3669,
        "weapon": 1,
        "pilot_injury": 0.7955,
        "pilot_skill": 0.8261,
        "mission_priority": 0.2191,
        "estimated_landing_time": 1510.0,
        "wait_time": 0,
        "Landing_success_rate": 0.8651
    },
    {
        "model": 0,
        "sequence": 12,
        "status": 1,
        "fuel": 6421,
        "fault": 0.2893,
        "weapon": 0,
        "pilot_injury": 0.5992,
        "pilot_skill": 0.0472,
        "mission_priority": 0.7023,
        "estimated_landing_time": 1134.0,
        "wait_time": 0,
        "Landing_success_rate": 0.8991
    },
    {
        "model": 0,
        "sequence": 18,
        "status": 1,
        "fuel": 7385,
        "fault": 0.811,
        "weapon": 1,
        "pilot_injury": 0.1882,
        "pilot_skill": 0.6058,
        "mission_priority": 0.5392,
        "estimated_landing_time": 1698.0,
        "wait_time": 0,
        "Landing_success_rate": 0.8767
    },
    {
        "model": 2,
        "sequence": 7,
        "status": 1,
        "fuel": 6922,
        "fault": 0.9374,
        "weapon": 1,
        "pilot_injury": 0.5442,
        "pilot_skill": 0.3218,
        "mission_priority": 0.309,
        "estimated_landing_time": 664.0,
        "wait_time": 0,
        "Landing_success_rate": 0.8567
    },
    {
        "model": 1,
        "sequence": 15,
        "status": 1,
        "fuel": 7058,
        "fault": 0.2918,
        "weapon": 1,
        "pilot_injury": 0.422,
        "pilot_skill": 0.3535,
        "mission_priority": 0.6201,
        "estimated_landing_time": 1416.0,
        "wait_time": 0,
        "Landing_success_rate": 0.9328
    },
    {
        "model": 0,
        "sequence": 3,
        "status": 1,
        "fuel": 6452,
        "fault": 0.4914,
        "weapon": 0,
        "pilot_injury": 0.5965,
        "pilot_skill": 0.5919,
        "mission_priority": 0.1363,
        "estimated_landing_time": 288.0,
        "wait_time": 0,
        "Landing_success_rate": 0.8863
    },
    {
        "model": 0,
        "sequence": 2,
        "status": 1,
        "fuel": 6289,
        "fault": 0.248,
        "weapon": 0,
        "pilot_injury": 0.4518,
        "pilot_skill": 0.5382,
        "mission_priority": 0.478,
        "estimated_landing_time": 194.0,
        "wait_time": 0,
        "Landing_success_rate": 0.8945
    },
    {
        "model": 1,
        "sequence": 19,
        "status": 1,
        "fuel": 6897,
        "fault": 0.2371,
        "weapon": 1,
        "pilot_injury": 0.1673,
        "pilot_skill": 0.157,
        "mission_priority": 0.8168,
        "estimated_landing_time": 1792.0,
        "wait_time": 0,
        "Landing_success_rate": 0.9299
    },
    {
        "model": 1,
        "sequence": 14,
        "status": 1,
        "fuel": 6080,
        "fault": 0.6416,
        "weapon": 1,
        "pilot_injury": 0.9692,
        "pilot_skill": 0.9918,
        "mission_priority": 0.9797,
        "estimated_landing_time": 1322.0,
        "wait_time": 0,
        "Landing_success_rate": 0.8656
    },
    {
        "model": 0,
        "sequence": 20,
        "status": 1,
        "fuel": 5535,
        "fault": 0.3825,
        "weapon": 0,
        "pilot_injury": 0.3997,
        "pilot_skill": 0.7318,
        "mission_priority": 0.4059,
        "estimated_landing_time": 1886.0,
        "wait_time": 0,
        "Landing_success_rate": 0.8516
    },
    {
        "model": 0,
        "sequence": 24,
        "status": 1,
        "fuel": 6816,
        "fault": 0.4041,
        "weapon": 0,
        "pilot_injury": 0.4945,
        "pilot_skill": 0.7398,
        "mission_priority": 0.6499,
        "estimated_landing_time": 2262.0,
        "wait_time": 0,
        "Landing_success_rate": 0.9088
    },
    {
        "model": 1,
        "sequence": 21,
        "status": 1,
        "fuel": 6806,
        "fault": 0.5087,
        "weapon": 0,
        "pilot_injury": 0.2524,
        "pilot_skill": 0.8854,
        "mission_priority": 0.0246,
        "estimated_landing_time": 1980.0,
        "wait_time": 0,
        "Landing_success_rate": 0.8981
    },
    {
        "model": 2,
        "sequence": 17,
        "status": 1,
        "fuel": 5989,
        "fault": 0.3848,
        "weapon": 1,
        "pilot_injury": 0.9494,
        "pilot_skill": 0.005,
        "mission_priority": 0.008,
        "estimated_landing_time": 1604.0,
        "wait_time": 0,
        "Landing_success_rate": 0.8726
    },
    {
        "model": 1,
        "sequence": 6,
        "status": 1,
        "fuel": 6657,
        "fault": 0.9849,
        "weapon": 1,
        "pilot_injury": 0.5598,
        "pilot_skill": 0.9612,
        "mission_priority": 0.465,
        "estimated_landing_time": 570.0,
        "wait_time": 0,
        "Landing_success_rate": 0.8513
    },
    {
        "model": 2,
        "sequence": 4,
        "status": 1,
        "fuel": 6564,
        "fault": 0.3866,
        "weapon": 0,
        "pilot_injury": 0.3858,
        "pilot_skill": 0.1417,
        "mission_priority": 0.7946,
        "estimated_landing_time": 382.0,
        "wait_time": 0,
        "Landing_success_rate": 0.8989
    },
    {
        "model": 0,
        "sequence": 11,
        "status": 1,
        "fuel": 6193,
        "fault": 0.7516,
        "weapon": 1,
        "pilot_injury": 0.6351,
        "pilot_skill": 0.1025,
        "mission_priority": 0.2558,
        "estimated_landing_time": 1040.0,
        "wait_time": 0,
        "Landing_success_rate": 0.8629
    },
    {
        "model": 2,
        "sequence": 1,
        "status": 1,
        "fuel": 5503,
        "fault": 0.8114,
        "weapon": 0,
        "pilot_injury": 0.9728,
        "pilot_skill": 0.6755,
        "mission_priority": 0.037,
        "estimated_landing_time": 100.0,
        "wait_time": 0,
        "Landing_success_rate": 0.85
    },
    {
        "model": 2,
        "sequence": 5,
        "status": 1,
        "fuel": 5719,
        "fault": 0.5825,
        "weapon": 1,
        "pilot_injury": 0.7134,
        "pilot_skill": 0.3806,
        "mission_priority": 0.8566,
        "estimated_landing_time": 476.0,
        "wait_time": 0,
        "Landing_success_rate": 0.8569
    }
]