[
    {
        "model": 1,
        "sequence": 11,
        "status": 1,
        "fuel": 7199,
        "fault": 0.0093,
        "weapon": 0,
        "pilot_injury": 0.4179,
        "pilot_skill": 0.9769,
        "mission_priority": 0.1207,
        "estimated_landing_time": 1040.0,
        "wait_time": 0,
        "Landing_success_rate": 0.9762
    },
    {
        "model": 2,
        "sequence": 14,
        "status": 1,
        "fuel": 6892,
        "fault": 0.2879,
        "weapon": 1,
        "pilot_injury": 0.134,
        "pilot_skill": 0.8389,
        "mission_priority": 0.6971,
        "estimated_landing_time": 1322.0,
        "wait_time": 0,
        "Landing_success_rate": 0.9243
    },
    {
        "model": 1,
        "sequence": 6,
        "status": 1,
        "fuel": 6548,
        "fault": 0.2577,
        "weapon": 0,
        "pilot_injury": 0.8277,
        "pilot_skill": 0.0908,
        "mission_priority": 0.1468,
        "estimated_landing_time": 570.0,
        "wait_time": 0,
        "Landing_success_rate": 0.9083
    },
    {
        "model": 2,
        "sequence": 18,
        "status": 1,
        "fuel": 5843,
        "fault": 0.4047,
        "weapon": 0,
        "pilot_injury": 0.7749,
        "pilot_skill": 0.624,
        "mission_priority": 0.2925,
        "estimated_landing_time": 1698.0,
        "wait_time": 0,
        "Landing_success_rate": 0.8653
    },
    {
        "model": 1,
        "sequence": 2,
        "status": 1,
        "fuel": 6739,
        "fault": 0.3229,
        "weapon": 0,
        "pilot_injury": 0.2806,
        "pilot_skill": 0.3656,
        "mission_priority": 0.0168,
        "estimated_landing_time": 194.0,
        "wait_time": 0,
        "Landing_success_rate": 0.9129
    },
    {
        "model": 0,
        "sequence": 23,
        "status": 1,
        "fuel": 6195,
        "fault": 0.5572,
        "weapon": 1,
        "pilot_injury": 0.1356,
        "pilot_skill": 0.0321,
        "mission_priority": 0.2269,
        "estimated_landing_time": 2168.0,
        "wait_time": 0,
        "Landing_success_rate": 0.8731
    },
    {
        "model": 1,
        "sequence": 9,
        "status": 1,
        "fuel": 6496,
        "fault": 0.1449,
        "weapon": 0,
        "pilot_injury": 0.1373,
        "pilot_skill": 0.2024,
        "mission_priority": 0.416,
        "estimated_landing_time": 852.0,
        "wait_time": 0,
        "Landing_success_rate": 0.9139
    },
    {
        "model": 0,
        "sequence": 21,
        "status": 1,
        "fuel": 6664,
        "fault": 0.8506,
        "weapon": 1,
        "pilot_injury": 0.1413,
        "pilot_skill": 0.9403,
        "mission_priority": 0.5149,
        "estimated_landing_time": 1980.0,
        "wait_time": 0,
        "Landing_success_rate": 0.863
    },
    {
        "model": 1,
        "sequence": 13,
        "status": 1,
        "fuel": 7177,
        "fault": 0.7023,
        "weapon": 0,
        "pilot_injury": 0.2849,
        "pilot_skill": 0.5599,
        "mission_priority": 0.6022,
        "estimated_landing_time": 1228.0,
        "wait_time": 0,
        "Landing_success_rate": 0.8874
    },
    {
        "model": 0,
        "sequence": 17,
        "status": 1,
        "fuel": 6005,
        "fault": 0.9833,
        "weapon": 1,
        "pilot_injury": 0.7907,
        "pilot_skill": 0.3642,
        "mission_priority": 0.0149,
        "estimated_landing_time": 1604.0,
        "wait_time": 0,
        "Landing_success_rate": 0.8506
    },
    {
        "model": 0,
        "sequence": 19,
        "status": 1,
        "fuel": 6625,
        "fault": 0.8576,
        "weapon": 0,
        "pilot_injury": 0.1556,
        "pilot_skill": 0.3659,
        "mission_priority": 0.2076,
        "estimated_landing_time": 1792.0,
        "wait_time": 0,
        "Landing_success_rate": 0.862
    },
    {
        "model": 0,
        "sequence": 7,
        "status": 1,
        "fuel": 6001,
        "fault": 0.2559,
        "weapon": 1,
        "pilot_injury": 0.5184,
        "pilot_skill": 0.0097,
        "mission_priority": 0.1036,
        "estimated_landing_time": 664.0,
        "wait_time": 0,
        "Landing_success_rate": 0.878
    },
    {
        "model": 0,
        "sequence": 8,
        "status": 1,
        "fuel": 7346,
        "fault": 0.1643,
        "weapon": 0,
        "pilot_injury": 0.0455,
        "pilot_skill": 0.8256,
        "mission_priority": 0.3026,
        "estimated_landing_time": 758.0,
        "wait_time": 0,
        "Landing_success_rate": 0.9657
    },
    {
        "model": 0,
        "sequence": 3,
        "status": 1,
        "fuel": 6801,
        "fault": 0.7177,
        "weapon": 1,
        "pilot_injury": 0.0155,
        "pilot_skill": 0.7213,
        "mission_priority": 0.9489,
        "estimated_landing_time": 288.0,
        "wait_time": 0,
        "Landing_success_rate": 0.8775
    },
    {
        "model": 1,
        "sequence": 10,
        "status": 1,
        "fuel": 6035,
        "fault": 0.0544,
        "weapon": 1,
        "pilot_injury": 0.4162,
        "pilot_skill": 0.878,
        "mission_priority": 0.3083,
        "estimated_landing_time": 946.0,
        "wait_time": 0,
        "Landing_success_rate": 0.8879
    },
    {
        "model": 1,
        "sequence": 24,
        "status": 1,
        "fuel": 5682,
        "fault": 0.7358,
        "weapon": 0,
        "pilot_injury": 0.6271,
        "pilot_skill": 0.8059,
        "mission_priority": 0.4366,
        "estimated_landing_time": 2262.0,
        "wait_time": 0,
        "Landing_success_rate": 0.8536
    },
    {
        "model": 1,
        "sequence": 1,
        "status": 1,
        "fuel": 6614,
        "fault": 0.3242,
        "weapon": 1,
        "pilot_injury": 0.3306,
        "pilot_skill": 0.6174,
        "mission_priority": 0.8384,
        "estimated_landing_time": 100.0,
        "wait_time": 0,
        "Landing_success_rate": 0.9065
    },
    {
        "model": 2,
        "sequence": 5,
        "status": 1,
        "fuel": 7014,
        "fault": 0.8016,
        "weapon": 0,
        "pilot_injury": 0.7938,
        "pilot_skill": 0.2897,
        "mission_priority": 0.689,
        "estimated_landing_time": 476.0,
        "wait_time": 0,
        "Landing_success_rate": 0.8725
    },
    {
        "model": 0,
        "sequence": 15,
        "status": 1,
        "fuel": 6783,
        "fault": 0.3364,
        "weapon": 0,
        "pilot_injury": 0.6441,
        "pilot_skill": 0.0828,
        "mission_priority": 0.1551,
        "estimated_landing_time": 1416.0,
        "wait_time": 0,
        "Landing_success_rate": 0.9139
    },
    {
        "model": 2,
        "sequence": 22,
        "status": 1,
        "fuel": 7169,
        "fault": 0.2856,
        "weapon": 0,
        "pilot_injury": 0.5613,
        "pilot_skill": 0.9769,
        "mission_priority": 0.632,
        "estimated_landing_time": 2074.0,
        "wait_time": 0,
        "Landing_success_rate": 0.9394
    },
    {
        "model": 0,
        "sequence": 20,
        "status": 1,
        "fuel": 7447,
        "fault": 0.5336,
        "weapon": 1,
        "pilot_injury": 0.6309,
        "pilot_skill": 0.013,
        "mission_priority": 0.5573,
        "estimated_landing_time": 1886.0,
        "wait_time": 0,
        "Landing_success_rate": 0.9181
    },
    {
        "model": 0,
        "sequence": 12,
        "status": 1,
        "fuel": 5984,
        "fault": 0.1929,
        "weapon": 0,
        "pilot_injury": 0.5631,
        "pilot_skill": 0.668,
        "mission_priority": 0.3848,
        "estimated_landing_time": 1134.0,
        "wait_time": 0,
        "Landing_success_rate": 0.8793
    },
    {
        "model": 1,
        "sequence": 16,
        "status": 1,
        "fuel": 6660,
        "fault": 0.4017,
        "weapon": 0,
        "pilot_injury": 0.7591,
        "pilot_skill": 0.0176,
        "mission_priority": 0.4471,
        "estimated_landing_time": 1510.0,
        "wait_time": 0,
        "Landing_success_rate": 0.9021
    },
    {
        "model": 2,
        "sequence": 4,
        "status": 1,
        "fuel": 7354,
        "fault": 0.8814,
        "weapon": 1,
        "pilot_injury": 0.5198,
        "pilot_skill": 0.0799,
        "mission_priority": 0.4852,
        "estimated_landing_time": 382.0,
        "wait_time": 0,
        "Landing_success_rate": 0.8665
    }
]