[
    {
        "model": 0,
        "sequence": 9,
        "status": 1,
        "fuel": 5543,
        "fault": 0.4763,
        "weapon": 1,
        "pilot_injury": 0.488,
        "pilot_skill": 0.4092,
        "mission_priority": 0.2754,
        "estimated_landing_time": 852.0,
        "wait_time": 0,
        "Landing_success_rate": 0.8517
    },
    {
        "model": 0,
        "sequence": 16,
        "status": 1,
        "fuel": 5672,
        "fault": 0.2602,
        "weapon": 1,
        "pilot_injury": 0.7888,
        "pilot_skill": 0.2105,
        "mission_priority": 0.247,
        "estimated_landing_time": 1510.0,
        "wait_time": 0,
        "Landing_success_rate": 0.8595
    },
    {
        "model": 2,
        "sequence": 21,
        "status": 1,
        "fuel": 5689,
        "fault": 0.9184,
        "weapon": 0,
        "pilot_injury": 0.0174,
        "pilot_skill": 0.1422,
        "mission_priority": 0.2231,
        "estimated_landing_time": 1980.0,
        "wait_time": 0,
        "Landing_success_rate": 0.8512
    },
    {
        "model": 1,
        "sequence": 18,
        "status": 1,
        "fuel": 6865,
        "fault": 0.7365,
        "weapon": 1,
        "pilot_injury": 0.3119,
        "pilot_skill": 0.2391,
        "mission_priority": 0.8228,
        "estimated_landing_time": 1698.0,
        "wait_time": 0,
        "Landing_success_rate": 0.877
    },
    {
        "model": 2,
        "sequence": 4,
        "status": 1,
        "fuel": 5684,
        "fault": 0.0545,
        "weapon": 1,
        "pilot_injury": 0.9313,
        "pilot_skill": 0.2322,
        "mission_priority": 0.087,
        "estimated_landing_time": 382.0,
        "wait_time": 0,
        "Landing_success_rate": 0.863
    },
    {
        "model": 0,
        "sequence": 8,
        "status": 1,
        "fuel": 6153,
        "fault": 0.7426,
        "weapon": 0,
        "pilot_injury": 0.2757,
        "pilot_skill": 0.4838,
        "mission_priority": 0.2311,
        "estimated_landing_time": 758.0,
        "wait_time": 0,
        "Landing_success_rate": 0.8626
    },
    {
        "model": 0,
        "sequence": 5,
        "status": 1,
        "fuel": 5981,
        "fault": 0.7403,
        "weapon": 1,
        "pilot_injury": 0.4515,
        "pilot_skill": 0.5483,
        "mission_priority": 0.467,
        "estimated_landing_time": 476.0,
        "wait_time": 0,
        "Landing_success_rate": 0.8594
    },
    {
        "model": 0,
        "sequence": 11,
        "status": 1,
        "fuel": 7127,
        "fault": 0.7895,
        "weapon": 1,
        "pilot_injury": 0.8769,
        "pilot_skill": 0.3084,
        "mission_priority": 0.5515,
        "estimated_landing_time": 1040.0,
        "wait_time": 0,
        "Landing_success_rate": 0.8757
    },
    {
        "model": 0,
        "sequence": 22,
        "status": 1,
        "fuel": 5989,
        "fault": 0.395,
        "weapon": 0,
        "pilot_injury": 0.1639,
        "pilot_skill": 0.7114,
        "mission_priority": 0.2211,
        "estimated_landing_time": 2074.0,
        "wait_time": 0,
        "Landing_success_rate": 0.8722
    },
    {
        "model": 2,
        "sequence": 1,
        "status": 1,
        "fuel": 5517,
        "fault": 0.0497,
        "weapon": 0,
        "pilot_injury": 0.9258,
        "pilot_skill": 0.4454,
        "mission_priority": 0.8395,
        "estimated_landing_time": 100.0,
        "wait_time": 0,
        "Landing_success_rate": 0.8512
    },
    {
        "model": 1,
        "sequence": 10,
        "status": 1,
        "fuel": 6715,
        "fault": 0.7347,
        "weapon": 0,
        "pilot_injury": 0.7427,
        "pilot_skill": 0.7277,
        "mission_priority": 0.2649,
        "estimated_landing_time": 946.0,
        "wait_time": 0,
        "Landing_success_rate": 0.8742
    },
    {
        "model": 1,
        "sequence": 13,
        "status": 1,
        "fuel": 6808,
        "fault": 0.7342,
        "weapon": 1,
        "pilot_injury": 0.0193,
        "pilot_skill": 0.7106,
        "mission_priority": 0.2358,
        "estimated_landing_time": 1228.0,
        "wait_time": 0,
        "Landing_success_rate": 0.8761
    },
    {
        "model": 2,
        "sequence": 7,
        "status": 1,
        "fuel": 7317,
        "fault": 0.6324,
        "weapon": 0,
        "pilot_injury": 0.1996,
        "pilot_skill": 0.0671,
        "mission_priority": 0.3379,
        "estimated_landing_time": 664.0,
        "wait_time": 0,
        "Landing_success_rate": 0.9001
    },
    {
        "model": 1,
        "sequence": 17,
        "status": 1,
        "fuel": 6585,
        "fault": 0.9105,
        "weapon": 0,
        "pilot_injury": 0.0196,
        "pilot_skill": 0.94,
        "mission_priority": 0.9665,
        "estimated_landing_time": 1604.0,
        "wait_time": 0,
        "Landing_success_rate": 0.8573
    },
    {
        "model": 1,
        "sequence": 2,
        "status": 1,
        "fuel": 6374,
        "fault": 0.3448,
        "weapon": 1,
        "pilot_injury": 0.1044,
        "pilot_skill": 0.9049,
        "mission_priority": 0.5869,
        "estimated_landing_time": 194.0,
        "wait_time": 0,
        "Landing_success_rate": 0.8929
    },
    {
        "model": 1,
        "sequence": 3,
        "status": 1,
        "fuel": 6909,
        "fault": 0.961,
        "weapon": 0,
        "pilot_injury": 0.9108,
        "pilot_skill": 0.8283,
        "mission_priority": 0.7734,
        "estimated_landing_time": 288.0,
        "wait_time": 0,
        "Landing_success_rate": 0.8541
    },
    {
        "model": 1,
        "sequence": 6,
        "status": 1,
        "fuel": 5867,
        "fault": 0.765,
        "weapon": 0,
        "pilot_injury": 0.3686,
        "pilot_skill": 0.9734,
        "mission_priority": 0.7091,
        "estimated_landing_time": 570.0,
        "wait_time": 0,
        "Landing_success_rate": 0.8565
    },
    {
        "model": 0,
        "sequence": 23,
        "status": 1,
        "fuel": 6435,
        "fault": 0.1173,
        "weapon": 0,
        "pilot_injury": 0.6871,
        "pilot_skill": 0.3611,
        "mission_priority": 0.8266,
        "estimated_landing_time": 2168.0,
        "wait_time": 0,
        "Landing_success_rate": 0.9119
    },
    {
        "model": 1,
        "sequence": 12,
        "status": 1,
        "fuel": 7367,
        "fault": 0.8358,
        "weapon": 1,
        "pilot_injury": 0.3012,
        "pilot_skill": 0.1527,
        "mission_priority": 0.858,
        "estimated_landing_time": 1134.0,
        "wait_time": 0,
        "Landing_success_rate": 0.873
    },
    {
        "model": 2,
        "sequence": 14,
        "status": 1,
        "fuel": 7133,
        "fault": 0.8695,
        "weapon": 1,
        "pilot_injury": 0.2963,
        "pilot_skill": 0.9339,
        "mission_priority": 0.2191,
        "estimated_landing_time": 1322.0,
        "wait_time": 0,
        "Landing_success_rate": 0.866
    },
    {
        "model": 0,
        "sequence": 19,
        "status": 1,
        "fuel": 6764,
        "fault": 0.5569,
        "weapon": 1,
        "pilot_injury": 0.1656,
        "pilot_skill": 0.9441,
        "mission_priority": 0.824,
        "estimated_landing_time": 1792.0,
        "wait_time": 0,
        "Landing_success_rate": 0.892
    },
    {
        "model": 0,
        "sequence": 24,
        "status": 1,
        "fuel": 6020,
        "fault": 0.4451,
        "weapon": 0,
        "pilot_injury": 0.3509,
        "pilot_skill": 0.4271,
        "mission_priority": 0.5464,
        "estimated_landing_time": 2262.0,
        "wait_time": 0,
        "Landing_success_rate": 0.8716
    },
    {
        "model": 2,
        "sequence": 15,
        "status": 1,
        "fuel": 7335,
        "fault": 0.9759,
        "weapon": 1,
        "pilot_injury": 0.2287,
        "pilot_skill": 0.6576,
        "mission_priority": 0.8766,
        "estimated_landing_time": 1416.0,
        "wait_time": 0,
        "Landing_success_rate": 0.8533
    },
    {
        "model": 1,
        "sequence": 20,
        "status": 1,
        "fuel": 6244,
        "fault": 0.7107,
        "weapon": 1,
        "pilot_injury": 0.9514,
        "pilot_skill": 0.0919,
        "mission_priority": 0.2001,
        "estimated_landing_time": 1886.0,
        "wait_time": 0,
        "Landing_success_rate": 0.8661
    }
]