[
    {
        "model": 2,
        "sequence": 7,
        "status": 1,
        "fuel": 6634,
        "fault": 0.7342,
        "weapon": 1,
        "pilot_injury": 0.0684,
        "pilot_skill": 0.7812,
        "mission_priority": 0.4013,
        "estimated_landing_time": 664.0,
        "wait_time": 0,
        "Landing_success_rate": 0.8726
    },
    {
        "model": 1,
        "sequence": 5,
        "status": 1,
        "fuel": 7074,
        "fault": 0.9007,
        "weapon": 1,
        "pilot_injury": 0.5899,
        "pilot_skill": 0.6602,
        "mission_priority": 0.0195,
        "estimated_landing_time": 476.0,
        "wait_time": 0,
        "Landing_success_rate": 0.8617
    },
    {
        "model": 1,
        "sequence": 2,
        "status": 1,
        "fuel": 6780,
        "fault": 0.3148,
        "weapon": 0,
        "pilot_injury": 0.4602,
        "pilot_skill": 0.8081,
        "mission_priority": 0.5238,
        "estimated_landing_time": 194.0,
        "wait_time": 0,
        "Landing_success_rate": 0.9158
    },
    {
        "model": 0,
        "sequence": 14,
        "status": 1,
        "fuel": 5672,
        "fault": 0.8875,
        "weapon": 0,
        "pilot_injury": 0.7286,
        "pilot_skill": 0.5887,
        "mission_priority": 0.4124,
        "estimated_landing_time": 1322.0,
        "wait_time": 0,
        "Landing_success_rate": 0.8515
    },
    {
        "model": 0,
        "sequence": 13,
        "status": 1,
        "fuel": 6148,
        "fault": 0.496,
        "weapon": 1,
        "pilot_injury": 0.0468,
        "pilot_skill": 0.9588,
        "mission_priority": 0.3232,
        "estimated_landing_time": 1228.0,
        "wait_time": 0,
        "Landing_success_rate": 0.8745
    },
    {
        "model": 2,
        "sequence": 24,
        "status": 1,
        "fuel": 6661,
        "fault": 0.9341,
        "weapon": 1,
        "pilot_injury": 0.5717,
        "pilot_skill": 0.5792,
        "mission_priority": 0.3023,
        "estimated_landing_time": 2262.0,
        "wait_time": 0,
        "Landing_success_rate": 0.8557
    },
    {
        "model": 1,
        "sequence": 4,
        "status": 1,
        "fuel": 6546,
        "fault": 0.0548,
        "weapon": 1,
        "pilot_injury": 0.6445,
        "pilot_skill": 0.8639,
        "mission_priority": 0.06,
        "estimated_landing_time": 382.0,
        "wait_time": 0,
        "Landing_success_rate": 0.9242
    },
    {
        "model": 1,
        "sequence": 15,
        "status": 1,
        "fuel": 6950,
        "fault": 0.5876,
        "weapon": 1,
        "pilot_injury": 0.8465,
        "pilot_skill": 0.3154,
        "mission_priority": 0.5481,
        "estimated_landing_time": 1416.0,
        "wait_time": 0,
        "Landing_success_rate": 0.8948
    },
    {
        "model": 2,
        "sequence": 3,
        "status": 1,
        "fuel": 7005,
        "fault": 0.9055,
        "weapon": 0,
        "pilot_injury": 0.767,
        "pilot_skill": 0.3614,
        "mission_priority": 0.983,
        "estimated_landing_time": 288.0,
        "wait_time": 0,
        "Landing_success_rate": 0.8607
    },
    {
        "model": 0,
        "sequence": 12,
        "status": 1,
        "fuel": 6588,
        "fault": 0.7272,
        "weapon": 0,
        "pilot_injury": 0.0589,
        "pilot_skill": 0.335,
        "mission_priority": 0.2194,
        "estimated_landing_time": 1134.0,
        "wait_time": 0,
        "Landing_success_rate": 0.8723
    },
    {
        "model": 2,
        "sequence": 22,
        "status": 1,
        "fuel": 6038,
        "fault": 0.3104,
        "weapon": 1,
        "pilot_injury": 0.4272,
        "pilot_skill": 0.3249,
        "mission_priority": 0.6408,
        "estimated_landing_time": 2074.0,
        "wait_time": 0,
        "Landing_success_rate": 0.8778
    },
    {
        "model": 2,
        "sequence": 1,
        "status": 1,
        "fuel": 5659,
        "fault": 0.2102,
        "weapon": 0,
        "pilot_injury": 0.5461,
        "pilot_skill": 0.7526,
        "mission_priority": 0.3822,
        "estimated_landing_time": 100.0,
        "wait_time": 0,
        "Landing_success_rate": 0.8594
    },
    {
        "model": 2,
        "sequence": 18,
        "status": 1,
        "fuel": 6441,
        "fault": 0.1927,
        "weapon": 1,
        "pilot_injury": 0.4188,
        "pilot_skill": 0.4206,
        "mission_priority": 0.6954,
        "estimated_landing_time": 1698.0,
        "wait_time": 0,
        "Landing_success_rate": 0.907
    },
    {
        "model": 0,
        "sequence": 9,
        "status": 1,
        "fuel": 6990,
        "fault": 0.7182,
        "weapon": 0,
        "pilot_injury": 0.9827,
        "pilot_skill": 0.5234,
        "mission_priority": 0.5584,
        "estimated_landing_time": 852.0,
        "wait_time": 0,
        "Landing_success_rate": 0.8815
    },
    {
        "model": 0,
        "sequence": 19,
        "status": 1,
        "fuel": 6443,
        "fault": 0.4883,
        "weapon": 0,
        "pilot_injury": 0.9853,
        "pilot_skill": 0.0407,
        "mission_priority": 0.4101,
        "estimated_landing_time": 1792.0,
        "wait_time": 0,
        "Landing_success_rate": 0.8862
    },
    {
        "model": 1,
        "sequence": 16,
        "status": 1,
        "fuel": 7121,
        "fault": 0.9223,
        "weapon": 1,
        "pilot_injury": 0.1944,
        "pilot_skill": 0.8846,
        "mission_priority": 0.3745,
        "estimated_landing_time": 1510.0,
        "wait_time": 0,
        "Landing_success_rate": 0.8594
    },
    {
        "model": 1,
        "sequence": 21,
        "status": 1,
        "fuel": 6115,
        "fault": 0.1675,
        "weapon": 0,
        "pilot_injury": 0.7712,
        "pilot_skill": 0.6232,
        "mission_priority": 0.1499,
        "estimated_landing_time": 1980.0,
        "wait_time": 0,
        "Landing_success_rate": 0.8884
    },
    {
        "model": 2,
        "sequence": 6,
        "status": 1,
        "fuel": 6224,
        "fault": 0.4,
        "weapon": 1,
        "pilot_injury": 0.288,
        "pilot_skill": 0.4685,
        "mission_priority": 0.0677,
        "estimated_landing_time": 570.0,
        "wait_time": 0,
        "Landing_success_rate": 0.8826
    },
    {
        "model": 1,
        "sequence": 23,
        "status": 1,
        "fuel": 7252,
        "fault": 0.025,
        "weapon": 1,
        "pilot_injury": 0.6515,
        "pilot_skill": 0.6716,
        "mission_priority": 0.3246,
        "estimated_landing_time": 2168.0,
        "wait_time": 0,
        "Landing_success_rate": 0.9781
    },
    {
        "model": 0,
        "sequence": 20,
        "status": 1,
        "fuel": 7209,
        "fault": 0.4253,
        "weapon": 1,
        "pilot_injury": 0.4967,
        "pilot_skill": 0.9186,
        "mission_priority": 0.8558,
        "estimated_landing_time": 1886.0,
        "wait_time": 0,
        "Landing_success_rate": 0.9237
    },
    {
        "model": 1,
        "sequence": 11,
        "status": 1,
        "fuel": 7202,
        "fault": 0.5413,
        "weapon": 0,
        "pilot_injury": 0.4971,
        "pilot_skill": 0.8644,
        "mission_priority": 0.6089,
        "estimated_landing_time": 1040.0,
        "wait_time": 0,
        "Landing_success_rate": 0.9086
    },
    {
        "model": 1,
        "sequence": 8,
        "status": 1,
        "fuel": 6335,
        "fault": 0.7172,
        "weapon": 1,
        "pilot_injury": 0.0165,
        "pilot_skill": 0.012,
        "mission_priority": 0.8928,
        "estimated_landing_time": 758.0,
        "wait_time": 0,
        "Landing_success_rate": 0.8677
    },
    {
        "model": 0,
        "sequence": 10,
        "status": 1,
        "fuel": 6319,
        "fault": 0.4441,
        "weapon": 1,
        "pilot_injury": 0.924,
        "pilot_skill": 0.6912,
        "mission_priority": 0.6482,
        "estimated_landing_time": 946.0,
        "wait_time": 0,
        "Landing_success_rate": 0.8841
    },
    {
        "model": 1,
        "sequence": 17,
        "status": 1,
        "fuel": 6198,
        "fault": 0.16,
        "weapon": 0,
        "pilot_injury": 0.5305,
        "pilot_skill": 0.63,
        "mission_priority": 0.3057,
        "estimated_landing_time": 1604.0,
        "wait_time": 0,
        "Landing_success_rate": 0.894
    }
]