[
    {
        "model": 0,
        "sequence": 11,
        "status": 1,
        "fuel": 6793,
        "fault": 0.2742,
        "weapon": 1,
        "pilot_injury": 0.6958,
        "pilot_skill": 0.4663,
        "mission_priority": 0.857,
        "estimated_landing_time": 1040.0,
        "wait_time": 0,
        "Landing_success_rate": 0.9204
    },
    {
        "model": 0,
        "sequence": 21,
        "status": 1,
        "fuel": 6020,
        "fault": 0.9089,
        "weapon": 1,
        "pilot_injury": 0.4743,
        "pilot_skill": 0.0813,
        "mission_priority": 0.141,
        "estimated_landing_time": 1980.0,
        "wait_time": 0,
        "Landing_success_rate": 0.8536
    },
    {
        "model": 2,
        "sequence": 10,
        "status": 1,
        "fuel": 5829,
        "fault": 0.4318,
        "weapon": 0,
        "pilot_injury": 0.3951,
        "pilot_skill": 0.6715,
        "mission_priority": 0.5602,
        "estimated_landing_time": 946.0,
        "wait_time": 0,
        "Landing_success_rate": 0.864
    },
    {
        "model": 1,
        "sequence": 16,
        "status": 1,
        "fuel": 7442,
        "fault": 0.81,
        "weapon": 1,
        "pilot_injury": 0.5902,
        "pilot_skill": 0.1883,
        "mission_priority": 0.1392,
        "estimated_landing_time": 1510.0,
        "wait_time": 0,
        "Landing_success_rate": 0.8777
    },
    {
        "model": 2,
        "sequence": 23,
        "status": 1,
        "fuel": 5731,
        "fault": 0.2578,
        "weapon": 0,
        "pilot_injury": 0.0368,
        "pilot_skill": 0.8333,
        "mission_priority": 0.621,
        "estimated_landing_time": 2168.0,
        "wait_time": 0,
        "Landing_success_rate": 0.8629
    },
    {
        "model": 0,
        "sequence": 24,
        "status": 1,
        "fuel": 7135,
        "fault": 0.7924,
        "weapon": 1,
        "pilot_injury": 0.426,
        "pilot_skill": 0.8411,
        "mission_priority": 0.9072,
        "estimated_landing_time": 2262.0,
        "wait_time": 0,
        "Landing_success_rate": 0.8755
    },
    {
        "model": 0,
        "sequence": 5,
        "status": 1,
        "fuel": 6943,
        "fault": 0.1835,
        "weapon": 0,
        "pilot_injury": 0.3098,
        "pilot_skill": 0.2956,
        "mission_priority": 0.1926,
        "estimated_landing_time": 476.0,
        "wait_time": 0,
        "Landing_success_rate": 0.9384
    },
    {
        "model": 2,
        "sequence": 17,
        "status": 1,
        "fuel": 6762,
        "fault": 0.849,
        "weapon": 1,
        "pilot_injury": 0.4649,
        "pilot_skill": 0.8121,
        "mission_priority": 0.7919,
        "estimated_landing_time": 1604.0,
        "wait_time": 0,
        "Landing_success_rate": 0.8643
    },
    {
        "model": 0,
        "sequence": 2,
        "status": 1,
        "fuel": 5858,
        "fault": 0.454,
        "weapon": 1,
        "pilot_injury": 0.5869,
        "pilot_skill": 0.9148,
        "mission_priority": 0.0421,
        "estimated_landing_time": 194.0,
        "wait_time": 0,
        "Landing_success_rate": 0.8647
    },
    {
        "model": 1,
        "sequence": 1,
        "status": 1,
        "fuel": 6339,
        "fault": 0.307,
        "weapon": 1,
        "pilot_injury": 0.6697,
        "pilot_skill": 0.7174,
        "mission_priority": 0.9256,
        "estimated_landing_time": 100.0,
        "wait_time": 0,
        "Landing_success_rate": 0.8936
    },
    {
        "model": 1,
        "sequence": 19,
        "status": 1,
        "fuel": 6998,
        "fault": 0.4853,
        "weapon": 1,
        "pilot_injury": 0.0453,
        "pilot_skill": 0.4205,
        "mission_priority": 0.4395,
        "estimated_landing_time": 1792.0,
        "wait_time": 0,
        "Landing_success_rate": 0.9078
    },
    {
        "model": 0,
        "sequence": 13,
        "status": 1,
        "fuel": 7101,
        "fault": 0.059,
        "weapon": 1,
        "pilot_injury": 0.968,
        "pilot_skill": 0.0785,
        "mission_priority": 0.265,
        "estimated_landing_time": 1228.0,
        "wait_time": 0,
        "Landing_success_rate": 0.963
    },
    {
        "model": 1,
        "sequence": 4,
        "status": 1,
        "fuel": 7123,
        "fault": 0.3216,
        "weapon": 1,
        "pilot_injury": 0.5712,
        "pilot_skill": 0.081,
        "mission_priority": 0.2841,
        "estimated_landing_time": 382.0,
        "wait_time": 0,
        "Landing_success_rate": 0.9326
    },
    {
        "model": 2,
        "sequence": 9,
        "status": 1,
        "fuel": 6806,
        "fault": 0.9057,
        "weapon": 0,
        "pilot_injury": 0.6333,
        "pilot_skill": 0.7636,
        "mission_priority": 0.8701,
        "estimated_landing_time": 852.0,
        "wait_time": 0,
        "Landing_success_rate": 0.8592
    },
    {
        "model": 0,
        "sequence": 6,
        "status": 1,
        "fuel": 5563,
        "fault": 0.8298,
        "weapon": 1,
        "pilot_injury": 0.5694,
        "pilot_skill": 0.0837,
        "mission_priority": 0.8067,
        "estimated_landing_time": 570.0,
        "wait_time": 0,
        "Landing_success_rate": 0.8508
    },
    {
        "model": 2,
        "sequence": 7,
        "status": 1,
        "fuel": 7375,
        "fault": 0.0803,
        "weapon": 0,
        "pilot_injury": 0.1173,
        "pilot_skill": 0.1333,
        "mission_priority": 0.3486,
        "estimated_landing_time": 664.0,
        "wait_time": 0,
        "Landing_success_rate": 0.9793
    },
    {
        "model": 0,
        "sequence": 22,
        "status": 1,
        "fuel": 7061,
        "fault": 0.6369,
        "weapon": 1,
        "pilot_injury": 0.9468,
        "pilot_skill": 0.0899,
        "mission_priority": 0.2422,
        "estimated_landing_time": 2074.0,
        "wait_time": 0,
        "Landing_success_rate": 0.8925
    },
    {
        "model": 1,
        "sequence": 8,
        "status": 1,
        "fuel": 6661,
        "fault": 0.9243,
        "weapon": 0,
        "pilot_injury": 0.452,
        "pilot_skill": 0.7269,
        "mission_priority": 0.7326,
        "estimated_landing_time": 758.0,
        "wait_time": 0,
        "Landing_success_rate": 0.8566
    },
    {
        "model": 1,
        "sequence": 15,
        "status": 1,
        "fuel": 5835,
        "fault": 0.7869,
        "weapon": 0,
        "pilot_injury": 0.8423,
        "pilot_skill": 0.3969,
        "mission_priority": 0.0123,
        "estimated_landing_time": 1416.0,
        "wait_time": 0,
        "Landing_success_rate": 0.8554
    },
    {
        "model": 1,
        "sequence": 12,
        "status": 1,
        "fuel": 7344,
        "fault": 0.3516,
        "weapon": 1,
        "pilot_injury": 0.3935,
        "pilot_skill": 0.3578,
        "mission_priority": 0.0986,
        "estimated_landing_time": 1134.0,
        "wait_time": 0,
        "Landing_success_rate": 0.9397
    },
    {
        "model": 1,
        "sequence": 3,
        "status": 1,
        "fuel": 6374,
        "fault": 0.3881,
        "weapon": 1,
        "pilot_injury": 0.2257,
        "pilot_skill": 0.7591,
        "mission_priority": 0.6679,
        "estimated_landing_time": 288.0,
        "wait_time": 0,
        "Landing_success_rate": 0.8901
    },
    {
        "model": 2,
        "sequence": 14,
        "status": 1,
        "fuel": 5782,
        "fault": 0.3596,
        "weapon": 1,
        "pilot_injury": 0.1774,
        "pilot_skill": 0.7717,
        "mission_priority": 0.9683,
        "estimated_landing_time": 1322.0,
        "wait_time": 0,
        "Landing_success_rate": 0.8635
    },
    {
        "model": 2,
        "sequence": 20,
        "status": 1,
        "fuel": 6215,
        "fault": 0.2871,
        "weapon": 0,
        "pilot_injury": 0.9033,
        "pilot_skill": 0.2691,
        "mission_priority": 0.2772,
        "estimated_landing_time": 1886.0,
        "wait_time": 0,
        "Landing_success_rate": 0.8882
    },
    {
        "model": 0,
        "sequence": 18,
        "status": 1,
        "fuel": 7131,
        "fault": 0.6555,
        "weapon": 0,
        "pilot_injury": 0.6174,
        "pilot_skill": 0.977,
        "mission_priority": 0.2229,
        "estimated_landing_time": 1698.0,
        "wait_time": 0,
        "Landing_success_rate": 0.8921
    }
]