[
    {
        "model": 2,
        "sequence": 23,
        "status": 1,
        "fuel": 6138,
        "fault": 0.2716,
        "weapon": 1,
        "pilot_injury": 0.9856,
        "pilot_skill": 0.0852,
        "mission_priority": 0.2691,
        "estimated_landing_time": 2168.0,
        "wait_time": 0,
        "Landing_success_rate": 0.8849
    },
    {
        "model": 2,
        "sequence": 3,
        "status": 1,
        "fuel": 6191,
        "fault": 0.8395,
        "weapon": 1,
        "pilot_injury": 0.5842,
        "pilot_skill": 0.0484,
        "mission_priority": 0.9203,
        "estimated_landing_time": 288.0,
        "wait_time": 0,
        "Landing_success_rate": 0.8583
    },
    {
        "model": 1,
        "sequence": 18,
        "status": 1,
        "fuel": 6275,
        "fault": 0.0917,
        "weapon": 0,
        "pilot_injury": 0.1568,
        "pilot_skill": 0.4975,
        "mission_priority": 0.8169,
        "estimated_landing_time": 1698.0,
        "wait_time": 0,
        "Landing_success_rate": 0.9028
    },
    {
        "model": 0,
        "sequence": 2,
        "status": 1,
        "fuel": 6983,
        "fault": 0.5859,
        "weapon": 0,
        "pilot_injury": 0.4099,
        "pilot_skill": 0.9817,
        "mission_priority": 0.0111,
        "estimated_landing_time": 194.0,
        "wait_time": 0,
        "Landing_success_rate": 0.8961
    },
    {
        "model": 2,
        "sequence": 16,
        "status": 1,
        "fuel": 6161,
        "fault": 0.1519,
        "weapon": 1,
        "pilot_injury": 0.8067,
        "pilot_skill": 0.7462,
        "mission_priority": 0.0744,
        "estimated_landing_time": 1510.0,
        "wait_time": 0,
        "Landing_success_rate": 0.892
    },
    {
        "model": 2,
        "sequence": 5,
        "status": 1,
        "fuel": 6587,
        "fault": 0.7657,
        "weapon": 1,
        "pilot_injury": 0.6199,
        "pilot_skill": 0.077,
        "mission_priority": 0.0484,
        "estimated_landing_time": 476.0,
        "wait_time": 0,
        "Landing_success_rate": 0.8691
    },
    {
        "model": 1,
        "sequence": 8,
        "status": 1,
        "fuel": 6601,
        "fault": 0.2493,
        "weapon": 0,
        "pilot_injury": 0.71,
        "pilot_skill": 0.004,
        "mission_priority": 0.2847,
        "estimated_landing_time": 758.0,
        "wait_time": 0,
        "Landing_success_rate": 0.912
    },
    {
        "model": 0,
        "sequence": 4,
        "status": 1,
        "fuel": 7014,
        "fault": 0.7744,
        "weapon": 0,
        "pilot_injury": 0.6855,
        "pilot_skill": 0.7598,
        "mission_priority": 0.8041,
        "estimated_landing_time": 382.0,
        "wait_time": 0,
        "Landing_success_rate": 0.8756
    },
    {
        "model": 2,
        "sequence": 20,
        "status": 1,
        "fuel": 6628,
        "fault": 0.2919,
        "weapon": 0,
        "pilot_injury": 0.8626,
        "pilot_skill": 0.7277,
        "mission_priority": 0.5378,
        "estimated_landing_time": 1886.0,
        "wait_time": 0,
        "Landing_success_rate": 0.9099
    },
    {
        "model": 0,
        "sequence": 22,
        "status": 1,
        "fuel": 7153,
        "fault": 0.7128,
        "weapon": 0,
        "pilot_injury": 0.8976,
        "pilot_skill": 0.2022,
        "mission_priority": 0.2079,
        "estimated_landing_time": 2074.0,
        "wait_time": 0,
        "Landing_success_rate": 0.8856
    },
    {
        "model": 0,
        "sequence": 7,
        "status": 1,
        "fuel": 5816,
        "fault": 0.1017,
        "weapon": 1,
        "pilot_injury": 0.7974,
        "pilot_skill": 0.6869,
        "mission_priority": 0.7624,
        "estimated_landing_time": 664.0,
        "wait_time": 0,
        "Landing_success_rate": 0.8713
    },
    {
        "model": 0,
        "sequence": 11,
        "status": 1,
        "fuel": 5958,
        "fault": 0.1445,
        "weapon": 1,
        "pilot_injury": 0.8571,
        "pilot_skill": 0.4899,
        "mission_priority": 0.6901,
        "estimated_landing_time": 1040.0,
        "wait_time": 0,
        "Landing_success_rate": 0.8794
    },
    {
        "model": 0,
        "sequence": 6,
        "status": 1,
        "fuel": 5568,
        "fault": 0.8905,
        "weapon": 1,
        "pilot_injury": 0.1557,
        "pilot_skill": 0.7246,
        "mission_priority": 0.0546,
        "estimated_landing_time": 570.0,
        "wait_time": 0,
        "Landing_success_rate": 0.8506
    },
    {
        "model": 0,
        "sequence": 12,
        "status": 1,
        "fuel": 6420,
        "fault": 0.8856,
        "weapon": 1,
        "pilot_injury": 0.5744,
        "pilot_skill": 0.9105,
        "mission_priority": 0.3094,
        "estimated_landing_time": 1134.0,
        "wait_time": 0,
        "Landing_success_rate": 0.8579
    },
    {
        "model": 1,
        "sequence": 19,
        "status": 1,
        "fuel": 6212,
        "fault": 0.2192,
        "weapon": 0,
        "pilot_injury": 0.1111,
        "pilot_skill": 0.9907,
        "mission_priority": 0.1762,
        "estimated_landing_time": 1792.0,
        "wait_time": 0,
        "Landing_success_rate": 0.8917
    },
    {
        "model": 1,
        "sequence": 10,
        "status": 1,
        "fuel": 6670,
        "fault": 0.2798,
        "weapon": 1,
        "pilot_injury": 0.8022,
        "pilot_skill": 0.9778,
        "mission_priority": 0.0717,
        "estimated_landing_time": 946.0,
        "wait_time": 0,
        "Landing_success_rate": 0.9132
    },
    {
        "model": 2,
        "sequence": 13,
        "status": 1,
        "fuel": 6906,
        "fault": 0.1975,
        "weapon": 1,
        "pilot_injury": 0.5917,
        "pilot_skill": 0.038,
        "mission_priority": 0.1584,
        "estimated_landing_time": 1228.0,
        "wait_time": 0,
        "Landing_success_rate": 0.9346
    },
    {
        "model": 0,
        "sequence": 1,
        "status": 1,
        "fuel": 6248,
        "fault": 0.8288,
        "weapon": 1,
        "pilot_injury": 0.0897,
        "pilot_skill": 0.9317,
        "mission_priority": 0.2548,
        "estimated_landing_time": 100.0,
        "wait_time": 0,
        "Landing_success_rate": 0.8596
    },
    {
        "model": 0,
        "sequence": 15,
        "status": 1,
        "fuel": 6566,
        "fault": 0.5821,
        "weapon": 1,
        "pilot_injury": 0.4901,
        "pilot_skill": 0.412,
        "mission_priority": 0.2781,
        "estimated_landing_time": 1416.0,
        "wait_time": 0,
        "Landing_success_rate": 0.8834
    },
    {
        "model": 2,
        "sequence": 24,
        "status": 1,
        "fuel": 7082,
        "fault": 0.5028,
        "weapon": 0,
        "pilot_injury": 0.6221,
        "pilot_skill": 0.5671,
        "mission_priority": 0.2489,
        "estimated_landing_time": 2262.0,
        "wait_time": 0,
        "Landing_success_rate": 0.909
    },
    {
        "model": 0,
        "sequence": 14,
        "status": 1,
        "fuel": 6193,
        "fault": 0.7583,
        "weapon": 0,
        "pilot_injury": 0.0205,
        "pilot_skill": 0.4223,
        "mission_priority": 0.359,
        "estimated_landing_time": 1322.0,
        "wait_time": 0,
        "Landing_success_rate": 0.8626
    },
    {
        "model": 2,
        "sequence": 21,
        "status": 1,
        "fuel": 5918,
        "fault": 0.0509,
        "weapon": 1,
        "pilot_injury": 0.9985,
        "pilot_skill": 0.2001,
        "mission_priority": 0.2439,
        "estimated_landing_time": 1980.0,
        "wait_time": 0,
        "Landing_success_rate": 0.8798
    },
    {
        "model": 1,
        "sequence": 17,
        "status": 1,
        "fuel": 6358,
        "fault": 0.0246,
        "weapon": 1,
        "pilot_injury": 0.8888,
        "pilot_skill": 0.1099,
        "mission_priority": 0.9833,
        "estimated_landing_time": 1604.0,
        "wait_time": 0,
        "Landing_success_rate": 0.9128
    },
    {
        "model": 0,
        "sequence": 9,
        "status": 1,
        "fuel": 6714,
        "fault": 0.5422,
        "weapon": 0,
        "pilot_injury": 0.4072,
        "pilot_skill": 0.5136,
        "mission_priority": 0.4564,
        "estimated_landing_time": 852.0,
        "wait_time": 0,
        "Landing_success_rate": 0.8917
    }
]