[
    {
        "model": 2,
        "sequence": 14,
        "status": 1,
        "fuel": 6377,
        "fault": 0.8677,
        "weapon": 1,
        "pilot_injury": 0.4388,
        "pilot_skill": 0.6338,
        "mission_priority": 0.3126,
        "estimated_landing_time": 1322.0,
        "wait_time": 0,
        "Landing_success_rate": 0.8587
    },
    {
        "model": 1,
        "sequence": 2,
        "status": 1,
        "fuel": 7111,
        "fault": 0.0406,
        "weapon": 0,
        "pilot_injury": 0.205,
        "pilot_skill": 0.4341,
        "mission_priority": 0.9326,
        "estimated_landing_time": 194.0,
        "wait_time": 0,
        "Landing_success_rate": 0.9659
    },
    {
        "model": 1,
        "sequence": 21,
        "status": 1,
        "fuel": 6708,
        "fault": 0.285,
        "weapon": 0,
        "pilot_injury": 0.7633,
        "pilot_skill": 0.5694,
        "mission_priority": 0.9514,
        "estimated_landing_time": 1980.0,
        "wait_time": 0,
        "Landing_success_rate": 0.9148
    },
    {
        "model": 2,
        "sequence": 19,
        "status": 1,
        "fuel": 6578,
        "fault": 0.7678,
        "weapon": 1,
        "pilot_injury": 0.7426,
        "pilot_skill": 0.9981,
        "mission_priority": 0.871,
        "estimated_landing_time": 1792.0,
        "wait_time": 0,
        "Landing_success_rate": 0.8688
    },
    {
        "model": 2,
        "sequence": 18,
        "status": 1,
        "fuel": 7158,
        "fault": 0.1255,
        "weapon": 1,
        "pilot_injury": 0.8979,
        "pilot_skill": 0.3278,
        "mission_priority": 0.9775,
        "estimated_landing_time": 1698.0,
        "wait_time": 0,
        "Landing_success_rate": 0.9587
    },
    {
        "model": 0,
        "sequence": 1,
        "status": 1,
        "fuel": 7094,
        "fault": 0.1034,
        "weapon": 0,
        "pilot_injury": 0.1609,
        "pilot_skill": 0.0966,
        "mission_priority": 0.5366,
        "estimated_landing_time": 100.0,
        "wait_time": 0,
        "Landing_success_rate": 0.9572
    },
    {
        "model": 1,
        "sequence": 7,
        "status": 1,
        "fuel": 7296,
        "fault": 0.7741,
        "weapon": 1,
        "pilot_injury": 0.6066,
        "pilot_skill": 0.3947,
        "mission_priority": 0.8682,
        "estimated_landing_time": 664.0,
        "wait_time": 0,
        "Landing_success_rate": 0.8804
    },
    {
        "model": 1,
        "sequence": 24,
        "status": 1,
        "fuel": 5727,
        "fault": 0.3593,
        "weapon": 0,
        "pilot_injury": 0.8423,
        "pilot_skill": 0.8537,
        "mission_priority": 0.7138,
        "estimated_landing_time": 2262.0,
        "wait_time": 0,
        "Landing_success_rate": 0.8609
    },
    {
        "model": 1,
        "sequence": 12,
        "status": 1,
        "fuel": 5797,
        "fault": 0.3383,
        "weapon": 1,
        "pilot_injury": 0.9195,
        "pilot_skill": 0.2651,
        "mission_priority": 0.2463,
        "estimated_landing_time": 1134.0,
        "wait_time": 0,
        "Landing_success_rate": 0.8647
    },
    {
        "model": 1,
        "sequence": 13,
        "status": 1,
        "fuel": 5933,
        "fault": 0.758,
        "weapon": 0,
        "pilot_injury": 0.677,
        "pilot_skill": 0.6762,
        "mission_priority": 0.2611,
        "estimated_landing_time": 1228.0,
        "wait_time": 0,
        "Landing_success_rate": 0.8579
    },
    {
        "model": 0,
        "sequence": 8,
        "status": 1,
        "fuel": 6359,
        "fault": 0.9151,
        "weapon": 0,
        "pilot_injury": 0.5034,
        "pilot_skill": 0.6124,
        "mission_priority": 0.2706,
        "estimated_landing_time": 758.0,
        "wait_time": 0,
        "Landing_success_rate": 0.8555
    },
    {
        "model": 2,
        "sequence": 20,
        "status": 1,
        "fuel": 5543,
        "fault": 0.8474,
        "weapon": 1,
        "pilot_injury": 0.8579,
        "pilot_skill": 0.28,
        "mission_priority": 0.5601,
        "estimated_landing_time": 1886.0,
        "wait_time": 0,
        "Landing_success_rate": 0.8505
    },
    {
        "model": 2,
        "sequence": 11,
        "status": 1,
        "fuel": 7446,
        "fault": 0.4634,
        "weapon": 1,
        "pilot_injury": 0.9406,
        "pilot_skill": 0.0098,
        "mission_priority": 0.1876,
        "estimated_landing_time": 1040.0,
        "wait_time": 0,
        "Landing_success_rate": 0.9283
    },
    {
        "model": 2,
        "sequence": 23,
        "status": 1,
        "fuel": 5846,
        "fault": 0.6641,
        "weapon": 1,
        "pilot_injury": 0.7887,
        "pilot_skill": 0.5799,
        "mission_priority": 0.695,
        "estimated_landing_time": 2168.0,
        "wait_time": 0,
        "Landing_success_rate": 0.8587
    },
    {
        "model": 0,
        "sequence": 9,
        "status": 1,
        "fuel": 6424,
        "fault": 0.059,
        "weapon": 0,
        "pilot_injury": 0.0268,
        "pilot_skill": 0.1009,
        "mission_priority": 0.9256,
        "estimated_landing_time": 852.0,
        "wait_time": 0,
        "Landing_success_rate": 0.9152
    },
    {
        "model": 0,
        "sequence": 17,
        "status": 1,
        "fuel": 7385,
        "fault": 0.1268,
        "weapon": 1,
        "pilot_injury": 0.5765,
        "pilot_skill": 0.9025,
        "mission_priority": 0.8534,
        "estimated_landing_time": 1604.0,
        "wait_time": 0,
        "Landing_success_rate": 0.9734
    },
    {
        "model": 2,
        "sequence": 3,
        "status": 1,
        "fuel": 5695,
        "fault": 0.9594,
        "weapon": 1,
        "pilot_injury": 0.8305,
        "pilot_skill": 0.0693,
        "mission_priority": 0.487,
        "estimated_landing_time": 288.0,
        "wait_time": 0,
        "Landing_success_rate": 0.8506
    },
    {
        "model": 0,
        "sequence": 15,
        "status": 1,
        "fuel": 6389,
        "fault": 0.9544,
        "weapon": 0,
        "pilot_injury": 0.6172,
        "pilot_skill": 0.0762,
        "mission_priority": 0.1202,
        "estimated_landing_time": 1416.0,
        "wait_time": 0,
        "Landing_success_rate": 0.853
    },
    {
        "model": 0,
        "sequence": 4,
        "status": 1,
        "fuel": 7323,
        "fault": 0.383,
        "weapon": 1,
        "pilot_injury": 0.0392,
        "pilot_skill": 0.2698,
        "mission_priority": 0.652,
        "estimated_landing_time": 382.0,
        "wait_time": 0,
        "Landing_success_rate": 0.9344
    },
    {
        "model": 0,
        "sequence": 22,
        "status": 1,
        "fuel": 7063,
        "fault": 0.1539,
        "weapon": 0,
        "pilot_injury": 0.9765,
        "pilot_skill": 0.3377,
        "mission_priority": 0.472,
        "estimated_landing_time": 2074.0,
        "wait_time": 0,
        "Landing_success_rate": 0.9492
    },
    {
        "model": 0,
        "sequence": 6,
        "status": 1,
        "fuel": 7437,
        "fault": 0.7323,
        "weapon": 0,
        "pilot_injury": 0.2141,
        "pilot_skill": 0.4987,
        "mission_priority": 0.976,
        "estimated_landing_time": 570.0,
        "wait_time": 0,
        "Landing_success_rate": 0.8889
    },
    {
        "model": 2,
        "sequence": 16,
        "status": 1,
        "fuel": 7076,
        "fault": 0.8493,
        "weapon": 1,
        "pilot_injury": 0.1798,
        "pilot_skill": 0.8284,
        "mission_priority": 0.1989,
        "estimated_landing_time": 1510.0,
        "wait_time": 0,
        "Landing_success_rate": 0.8678
    },
    {
        "model": 0,
        "sequence": 5,
        "status": 1,
        "fuel": 5852,
        "fault": 0.6093,
        "weapon": 0,
        "pilot_injury": 0.0147,
        "pilot_skill": 0.8754,
        "mission_priority": 0.779,
        "estimated_landing_time": 476.0,
        "wait_time": 0,
        "Landing_success_rate": 0.8603
    },
    {
        "model": 2,
        "sequence": 10,
        "status": 1,
        "fuel": 6438,
        "fault": 0.8023,
        "weapon": 1,
        "pilot_injury": 0.8064,
        "pilot_skill": 0.3594,
        "mission_priority": 0.6619,
        "estimated_landing_time": 946.0,
        "wait_time": 0,
        "Landing_success_rate": 0.8639
    }
]