[
    {
        "model": 2,
        "sequence": 18,
        "status": 1,
        "fuel": 6985,
        "fault": 0.9368,
        "weapon": 0,
        "pilot_injury": 0.7661,
        "pilot_skill": 0.3513,
        "mission_priority": 0.6302,
        "estimated_landing_time": 1698.0,
        "wait_time": 0,
        "Landing_success_rate": 0.857
    },
    {
        "model": 0,
        "sequence": 8,
        "status": 1,
        "fuel": 6948,
        "fault": 0.9475,
        "weapon": 1,
        "pilot_injury": 0.5466,
        "pilot_skill": 0.8887,
        "mission_priority": 0.8958,
        "estimated_landing_time": 758.0,
        "wait_time": 0,
        "Landing_success_rate": 0.8557
    },
    {
        "model": 2,
        "sequence": 6,
        "status": 1,
        "fuel": 7248,
        "fault": 0.7232,
        "weapon": 0,
        "pilot_injury": 0.8446,
        "pilot_skill": 0.0006,
        "mission_priority": 0.4783,
        "estimated_landing_time": 570.0,
        "wait_time": 0,
        "Landing_success_rate": 0.8863
    },
    {
        "model": 0,
        "sequence": 21,
        "status": 1,
        "fuel": 7478,
        "fault": 0.9943,
        "weapon": 0,
        "pilot_injury": 0.6368,
        "pilot_skill": 0.3712,
        "mission_priority": 0.9269,
        "estimated_landing_time": 1980.0,
        "wait_time": 0,
        "Landing_success_rate": 0.8508
    },
    {
        "model": 2,
        "sequence": 19,
        "status": 1,
        "fuel": 7031,
        "fault": 0.066,
        "weapon": 0,
        "pilot_injury": 0.3744,
        "pilot_skill": 0.0385,
        "mission_priority": 0.7382,
        "estimated_landing_time": 1792.0,
        "wait_time": 0,
        "Landing_success_rate": 0.9572
    },
    {
        "model": 0,
        "sequence": 9,
        "status": 1,
        "fuel": 5643,
        "fault": 0.4257,
        "weapon": 1,
        "pilot_injury": 0.4163,
        "pilot_skill": 0.5383,
        "mission_priority": 0.7468,
        "estimated_landing_time": 852.0,
        "wait_time": 0,
        "Landing_success_rate": 0.8562
    },
    {
        "model": 0,
        "sequence": 16,
        "status": 1,
        "fuel": 6331,
        "fault": 0.0718,
        "weapon": 1,
        "pilot_injury": 0.9038,
        "pilot_skill": 0.6099,
        "mission_priority": 0.0145,
        "estimated_landing_time": 1510.0,
        "wait_time": 0,
        "Landing_success_rate": 0.9079
    },
    {
        "model": 1,
        "sequence": 7,
        "status": 1,
        "fuel": 7147,
        "fault": 0.7779,
        "weapon": 1,
        "pilot_injury": 0.0696,
        "pilot_skill": 0.4277,
        "mission_priority": 0.6511,
        "estimated_landing_time": 664.0,
        "wait_time": 0,
        "Landing_success_rate": 0.8774
    },
    {
        "model": 1,
        "sequence": 17,
        "status": 1,
        "fuel": 5837,
        "fault": 0.6984,
        "weapon": 1,
        "pilot_injury": 0.8414,
        "pilot_skill": 0.1166,
        "mission_priority": 0.6088,
        "estimated_landing_time": 1604.0,
        "wait_time": 0,
        "Landing_success_rate": 0.8576
    },
    {
        "model": 2,
        "sequence": 11,
        "status": 1,
        "fuel": 5868,
        "fault": 0.805,
        "weapon": 1,
        "pilot_injury": 0.1841,
        "pilot_skill": 0.1995,
        "mission_priority": 0.1775,
        "estimated_landing_time": 1040.0,
        "wait_time": 0,
        "Landing_success_rate": 0.8554
    },
    {
        "model": 1,
        "sequence": 1,
        "status": 1,
        "fuel": 6468,
        "fault": 0.2805,
        "weapon": 0,
        "pilot_injury": 0.2644,
        "pilot_skill": 0.2178,
        "mission_priority": 0.7129,
        "estimated_landing_time": 100.0,
        "wait_time": 0,
        "Landing_success_rate": 0.9022
    },
    {
        "model": 1,
        "sequence": 14,
        "status": 1,
        "fuel": 6048,
        "fault": 0.0698,
        "weapon": 1,
        "pilot_injury": 0.3742,
        "pilot_skill": 0.3051,
        "mission_priority": 0.3977,
        "estimated_landing_time": 1322.0,
        "wait_time": 0,
        "Landing_success_rate": 0.8882
    },
    {
        "model": 0,
        "sequence": 4,
        "status": 1,
        "fuel": 5852,
        "fault": 0.8344,
        "weapon": 1,
        "pilot_injury": 0.0377,
        "pilot_skill": 0.2556,
        "mission_priority": 0.8892,
        "estimated_landing_time": 382.0,
        "wait_time": 0,
        "Landing_success_rate": 0.8544
    },
    {
        "model": 2,
        "sequence": 5,
        "status": 1,
        "fuel": 7397,
        "fault": 0.333,
        "weapon": 0,
        "pilot_injury": 0.8057,
        "pilot_skill": 0.4561,
        "mission_priority": 0.7479,
        "estimated_landing_time": 476.0,
        "wait_time": 0,
        "Landing_success_rate": 0.9449
    },
    {
        "model": 1,
        "sequence": 3,
        "status": 1,
        "fuel": 5865,
        "fault": 0.3211,
        "weapon": 0,
        "pilot_injury": 0.5808,
        "pilot_skill": 0.6487,
        "mission_priority": 0.0608,
        "estimated_landing_time": 288.0,
        "wait_time": 0,
        "Landing_success_rate": 0.8686
    },
    {
        "model": 1,
        "sequence": 15,
        "status": 1,
        "fuel": 5971,
        "fault": 0.9609,
        "weapon": 1,
        "pilot_injury": 0.3107,
        "pilot_skill": 0.9786,
        "mission_priority": 0.1444,
        "estimated_landing_time": 1416.0,
        "wait_time": 0,
        "Landing_success_rate": 0.8514
    },
    {
        "model": 0,
        "sequence": 2,
        "status": 1,
        "fuel": 6224,
        "fault": 0.8483,
        "weapon": 1,
        "pilot_injury": 0.6643,
        "pilot_skill": 0.876,
        "mission_priority": 0.8317,
        "estimated_landing_time": 194.0,
        "wait_time": 0,
        "Landing_success_rate": 0.8582
    },
    {
        "model": 0,
        "sequence": 10,
        "status": 1,
        "fuel": 6526,
        "fault": 0.6762,
        "weapon": 1,
        "pilot_injury": 0.0506,
        "pilot_skill": 0.464,
        "mission_priority": 0.9378,
        "estimated_landing_time": 946.0,
        "wait_time": 0,
        "Landing_success_rate": 0.8749
    },
    {
        "model": 0,
        "sequence": 22,
        "status": 1,
        "fuel": 5964,
        "fault": 0.9527,
        "weapon": 1,
        "pilot_injury": 0.5829,
        "pilot_skill": 0.3551,
        "mission_priority": 0.3797,
        "estimated_landing_time": 2074.0,
        "wait_time": 0,
        "Landing_success_rate": 0.8516
    },
    {
        "model": 2,
        "sequence": 12,
        "status": 1,
        "fuel": 6038,
        "fault": 0.304,
        "weapon": 0,
        "pilot_injury": 0.4373,
        "pilot_skill": 0.5075,
        "mission_priority": 0.9933,
        "estimated_landing_time": 1134.0,
        "wait_time": 0,
        "Landing_success_rate": 0.8781
    },
    {
        "model": 0,
        "sequence": 13,
        "status": 1,
        "fuel": 7059,
        "fault": 0.2872,
        "weapon": 1,
        "pilot_injury": 0.1615,
        "pilot_skill": 0.36,
        "mission_priority": 0.8831,
        "estimated_landing_time": 1228.0,
        "wait_time": 0,
        "Landing_success_rate": 0.9333
    },
    {
        "model": 2,
        "sequence": 20,
        "status": 1,
        "fuel": 5720,
        "fault": 0.9278,
        "weapon": 1,
        "pilot_injury": 0.4883,
        "pilot_skill": 0.8618,
        "mission_priority": 0.0354,
        "estimated_landing_time": 1886.0,
        "wait_time": 0,
        "Landing_success_rate": 0.8512
    },
    {
        "model": 0,
        "sequence": 23,
        "status": 1,
        "fuel": 6013,
        "fault": 0.6952,
        "weapon": 0,
        "pilot_injury": 0.8636,
        "pilot_skill": 0.6096,
        "mission_priority": 0.1733,
        "estimated_landing_time": 2168.0,
        "wait_time": 0,
        "Landing_success_rate": 0.8617
    },
    {
        "model": 1,
        "sequence": 24,
        "status": 1,
        "fuel": 5530,
        "fault": 0.3332,
        "weapon": 0,
        "pilot_injury": 0.108,
        "pilot_skill": 0.4638,
        "mission_priority": 0.6989,
        "estimated_landing_time": 2262.0,
        "wait_time": 0,
        "Landing_success_rate": 0.8515
    }
]