[
    {
        "model": 2,
        "sequence": 3,
        "status": 1,
        "fuel": 6861,
        "fault": 0.5719,
        "weapon": 0,
        "pilot_injury": 0.5151,
        "pilot_skill": 0.7781,
        "mission_priority": 0.3345,
        "estimated_landing_time": 288.0,
        "wait_time": 0,
        "Landing_success_rate": 0.8937
    },
    {
        "model": 2,
        "sequence": 18,
        "status": 1,
        "fuel": 6142,
        "fault": 0.7203,
        "weapon": 0,
        "pilot_injury": 0.533,
        "pilot_skill": 0.3308,
        "mission_priority": 0.642,
        "estimated_landing_time": 1698.0,
        "wait_time": 0,
        "Landing_success_rate": 0.8635
    },
    {
        "model": 1,
        "sequence": 17,
        "status": 1,
        "fuel": 6521,
        "fault": 0.627,
        "weapon": 0,
        "pilot_injury": 0.5862,
        "pilot_skill": 0.4005,
        "mission_priority": 0.8167,
        "estimated_landing_time": 1604.0,
        "wait_time": 0,
        "Landing_success_rate": 0.8786
    },
    {
        "model": 0,
        "sequence": 14,
        "status": 1,
        "fuel": 6704,
        "fault": 0.5032,
        "weapon": 1,
        "pilot_injury": 0.4717,
        "pilot_skill": 0.8928,
        "mission_priority": 0.5906,
        "estimated_landing_time": 1322.0,
        "wait_time": 0,
        "Landing_success_rate": 0.8949
    },
    {
        "model": 2,
        "sequence": 4,
        "status": 1,
        "fuel": 7490,
        "fault": 0.5773,
        "weapon": 1,
        "pilot_injury": 0.127,
        "pilot_skill": 0.5552,
        "mission_priority": 0.884,
        "estimated_landing_time": 382.0,
        "wait_time": 0,
        "Landing_success_rate": 0.9131
    },
    {
        "model": 2,
        "sequence": 11,
        "status": 1,
        "fuel": 5692,
        "fault": 0.4803,
        "weapon": 0,
        "pilot_injury": 0.4814,
        "pilot_skill": 0.2231,
        "mission_priority": 0.8968,
        "estimated_landing_time": 1040.0,
        "wait_time": 0,
        "Landing_success_rate": 0.8575
    },
    {
        "model": 2,
        "sequence": 1,
        "status": 1,
        "fuel": 6385,
        "fault": 0.0795,
        "weapon": 0,
        "pilot_injury": 0.409,
        "pilot_skill": 0.2211,
        "mission_priority": 0.9736,
        "estimated_landing_time": 100.0,
        "wait_time": 0,
        "Landing_success_rate": 0.9111
    },
    {
        "model": 1,
        "sequence": 10,
        "status": 1,
        "fuel": 7277,
        "fault": 0.0854,
        "weapon": 0,
        "pilot_injury": 0.1741,
        "pilot_skill": 0.9267,
        "mission_priority": 0.4113,
        "estimated_landing_time": 946.0,
        "wait_time": 0,
        "Landing_success_rate": 0.9719
    },
    {
        "model": 0,
        "sequence": 8,
        "status": 1,
        "fuel": 5793,
        "fault": 0.1838,
        "weapon": 1,
        "pilot_injury": 0.5856,
        "pilot_skill": 0.9776,
        "mission_priority": 0.9742,
        "estimated_landing_time": 758.0,
        "wait_time": 0,
        "Landing_success_rate": 0.8679
    },
    {
        "model": 1,
        "sequence": 22,
        "status": 1,
        "fuel": 7123,
        "fault": 0.1425,
        "weapon": 0,
        "pilot_injury": 0.9144,
        "pilot_skill": 0.4444,
        "mission_priority": 0.5106,
        "estimated_landing_time": 2074.0,
        "wait_time": 0,
        "Landing_success_rate": 0.9544
    },
    {
        "model": 0,
        "sequence": 20,
        "status": 1,
        "fuel": 6128,
        "fault": 0.6612,
        "weapon": 1,
        "pilot_injury": 0.1771,
        "pilot_skill": 0.8861,
        "mission_priority": 0.8964,
        "estimated_landing_time": 1886.0,
        "wait_time": 0,
        "Landing_success_rate": 0.866
    },
    {
        "model": 1,
        "sequence": 16,
        "status": 1,
        "fuel": 6926,
        "fault": 0.3026,
        "weapon": 0,
        "pilot_injury": 0.2283,
        "pilot_skill": 0.3173,
        "mission_priority": 0.7732,
        "estimated_landing_time": 1510.0,
        "wait_time": 0,
        "Landing_success_rate": 0.9246
    },
    {
        "model": 2,
        "sequence": 21,
        "status": 1,
        "fuel": 6630,
        "fault": 0.8076,
        "weapon": 0,
        "pilot_injury": 0.1581,
        "pilot_skill": 0.8106,
        "mission_priority": 0.0205,
        "estimated_landing_time": 1980.0,
        "wait_time": 0,
        "Landing_success_rate": 0.8663
    },
    {
        "model": 0,
        "sequence": 2,
        "status": 1,
        "fuel": 6383,
        "fault": 0.6069,
        "weapon": 1,
        "pilot_injury": 0.129,
        "pilot_skill": 0.172,
        "mission_priority": 0.4938,
        "estimated_landing_time": 194.0,
        "wait_time": 0,
        "Landing_success_rate": 0.876
    },
    {
        "model": 1,
        "sequence": 9,
        "status": 1,
        "fuel": 5955,
        "fault": 0.7285,
        "weapon": 1,
        "pilot_injury": 0.7276,
        "pilot_skill": 0.8923,
        "mission_priority": 0.1185,
        "estimated_landing_time": 852.0,
        "wait_time": 0,
        "Landing_success_rate": 0.8593
    },
    {
        "model": 2,
        "sequence": 12,
        "status": 1,
        "fuel": 5595,
        "fault": 0.29,
        "weapon": 0,
        "pilot_injury": 0.5463,
        "pilot_skill": 0.0999,
        "mission_priority": 0.716,
        "estimated_landing_time": 1134.0,
        "wait_time": 0,
        "Landing_success_rate": 0.8551
    },
    {
        "model": 2,
        "sequence": 23,
        "status": 1,
        "fuel": 5723,
        "fault": 0.4848,
        "weapon": 1,
        "pilot_injury": 0.3579,
        "pilot_skill": 0.4011,
        "mission_priority": 0.8076,
        "estimated_landing_time": 2168.0,
        "wait_time": 0,
        "Landing_success_rate": 0.8586
    },
    {
        "model": 0,
        "sequence": 13,
        "status": 1,
        "fuel": 6361,
        "fault": 0.6098,
        "weapon": 1,
        "pilot_injury": 0.0135,
        "pilot_skill": 0.5553,
        "mission_priority": 0.8515,
        "estimated_landing_time": 1228.0,
        "wait_time": 0,
        "Landing_success_rate": 0.8752
    },
    {
        "model": 1,
        "sequence": 19,
        "status": 1,
        "fuel": 6068,
        "fault": 0.1585,
        "weapon": 0,
        "pilot_injury": 0.8454,
        "pilot_skill": 0.4939,
        "mission_priority": 0.313,
        "estimated_landing_time": 1792.0,
        "wait_time": 0,
        "Landing_success_rate": 0.8858
    },
    {
        "model": 2,
        "sequence": 24,
        "status": 1,
        "fuel": 7034,
        "fault": 0.1745,
        "weapon": 1,
        "pilot_injury": 0.2104,
        "pilot_skill": 0.8852,
        "mission_priority": 0.2973,
        "estimated_landing_time": 2262.0,
        "wait_time": 0,
        "Landing_success_rate": 0.945
    },
    {
        "model": 0,
        "sequence": 6,
        "status": 1,
        "fuel": 5646,
        "fault": 0.1766,
        "weapon": 0,
        "pilot_injury": 0.812,
        "pilot_skill": 0.6857,
        "mission_priority": 0.4685,
        "estimated_landing_time": 570.0,
        "wait_time": 0,
        "Landing_success_rate": 0.859
    },
    {
        "model": 0,
        "sequence": 15,
        "status": 1,
        "fuel": 7218,
        "fault": 0.6778,
        "weapon": 1,
        "pilot_injury": 0.1159,
        "pilot_skill": 0.7169,
        "mission_priority": 0.8486,
        "estimated_landing_time": 1416.0,
        "wait_time": 0,
        "Landing_success_rate": 0.8915
    },
    {
        "model": 2,
        "sequence": 7,
        "status": 1,
        "fuel": 6575,
        "fault": 0.112,
        "weapon": 1,
        "pilot_injury": 0.8901,
        "pilot_skill": 0.7782,
        "mission_priority": 0.8981,
        "estimated_landing_time": 664.0,
        "wait_time": 0,
        "Landing_success_rate": 0.9216
    },
    {
        "model": 1,
        "sequence": 5,
        "status": 1,
        "fuel": 6170,
        "fault": 0.171,
        "weapon": 1,
        "pilot_injury": 0.7537,
        "pilot_skill": 0.154,
        "mission_priority": 0.9096,
        "estimated_landing_time": 476.0,
        "wait_time": 0,
        "Landing_success_rate": 0.8917
    }
]