[
    {
        "model": 0,
        "sequence": 5,
        "status": 1,
        "fuel": 6074,
        "fault": 0.4454,
        "weapon": 0,
        "pilot_injury": 0.7961,
        "pilot_skill": 0.8148,
        "mission_priority": 0.0374,
        "estimated_landing_time": 476.0,
        "wait_time": 0,
        "Landing_success_rate": 0.8739
    },
    {
        "model": 2,
        "sequence": 6,
        "status": 1,
        "fuel": 5869,
        "fault": 0.7716,
        "weapon": 1,
        "pilot_injury": 0.1554,
        "pilot_skill": 0.213,
        "mission_priority": 0.8026,
        "estimated_landing_time": 570.0,
        "wait_time": 0,
        "Landing_success_rate": 0.8563
    },
    {
        "model": 1,
        "sequence": 13,
        "status": 1,
        "fuel": 6688,
        "fault": 0.3289,
        "weapon": 1,
        "pilot_injury": 0.1251,
        "pilot_skill": 0.0838,
        "mission_priority": 0.1807,
        "estimated_landing_time": 1228.0,
        "wait_time": 0,
        "Landing_success_rate": 0.9098
    },
    {
        "model": 0,
        "sequence": 22,
        "status": 1,
        "fuel": 7359,
        "fault": 0.776,
        "weapon": 1,
        "pilot_injury": 0.1171,
        "pilot_skill": 0.9071,
        "mission_priority": 0.8766,
        "estimated_landing_time": 2074.0,
        "wait_time": 0,
        "Landing_success_rate": 0.8812
    },
    {
        "model": 0,
        "sequence": 20,
        "status": 1,
        "fuel": 5869,
        "fault": 0.4318,
        "weapon": 0,
        "pilot_injury": 0.6615,
        "pilot_skill": 0.2755,
        "mission_priority": 0.335,
        "estimated_landing_time": 1886.0,
        "wait_time": 0,
        "Landing_success_rate": 0.8657
    },
    {
        "model": 1,
        "sequence": 11,
        "status": 1,
        "fuel": 5505,
        "fault": 0.8029,
        "weapon": 1,
        "pilot_injury": 0.6343,
        "pilot_skill": 0.9658,
        "mission_priority": 0.2718,
        "estimated_landing_time": 1040.0,
        "wait_time": 0,
        "Landing_success_rate": 0.8501
    },
    {
        "model": 2,
        "sequence": 19,
        "status": 1,
        "fuel": 7419,
        "fault": 0.5828,
        "weapon": 1,
        "pilot_injury": 0.0947,
        "pilot_skill": 0.667,
        "mission_priority": 0.1691,
        "estimated_landing_time": 1792.0,
        "wait_time": 0,
        "Landing_success_rate": 0.91
    },
    {
        "model": 1,
        "sequence": 9,
        "status": 1,
        "fuel": 7048,
        "fault": 0.4463,
        "weapon": 1,
        "pilot_injury": 0.4401,
        "pilot_skill": 0.9212,
        "mission_priority": 0.2412,
        "estimated_landing_time": 852.0,
        "wait_time": 0,
        "Landing_success_rate": 0.9143
    },
    {
        "model": 0,
        "sequence": 3,
        "status": 1,
        "fuel": 6659,
        "fault": 0.4932,
        "weapon": 0,
        "pilot_injury": 0.8519,
        "pilot_skill": 0.8474,
        "mission_priority": 0.3693,
        "estimated_landing_time": 288.0,
        "wait_time": 0,
        "Landing_success_rate": 0.8941
    },
    {
        "model": 1,
        "sequence": 17,
        "status": 1,
        "fuel": 6369,
        "fault": 0.964,
        "weapon": 1,
        "pilot_injury": 0.0076,
        "pilot_skill": 0.8648,
        "mission_priority": 0.8741,
        "estimated_landing_time": 1604.0,
        "wait_time": 0,
        "Landing_success_rate": 0.8523
    },
    {
        "model": 0,
        "sequence": 12,
        "status": 1,
        "fuel": 6013,
        "fault": 0.3194,
        "weapon": 1,
        "pilot_injury": 0.8506,
        "pilot_skill": 0.0838,
        "mission_priority": 0.8631,
        "estimated_landing_time": 1134.0,
        "wait_time": 0,
        "Landing_success_rate": 0.8762
    },
    {
        "model": 0,
        "sequence": 1,
        "status": 1,
        "fuel": 6949,
        "fault": 0.1875,
        "weapon": 1,
        "pilot_injury": 0.5948,
        "pilot_skill": 0.5825,
        "mission_priority": 0.1851,
        "estimated_landing_time": 100.0,
        "wait_time": 0,
        "Landing_success_rate": 0.9383
    },
    {
        "model": 0,
        "sequence": 7,
        "status": 1,
        "fuel": 6830,
        "fault": 0.3169,
        "weapon": 1,
        "pilot_injury": 0.4014,
        "pilot_skill": 0.5413,
        "mission_priority": 0.2534,
        "estimated_landing_time": 664.0,
        "wait_time": 0,
        "Landing_success_rate": 0.9181
    },
    {
        "model": 0,
        "sequence": 10,
        "status": 1,
        "fuel": 6743,
        "fault": 0.6487,
        "weapon": 0,
        "pilot_injury": 0.0384,
        "pilot_skill": 0.9511,
        "mission_priority": 0.7231,
        "estimated_landing_time": 946.0,
        "wait_time": 0,
        "Landing_success_rate": 0.8827
    },
    {
        "model": 2,
        "sequence": 14,
        "status": 1,
        "fuel": 6771,
        "fault": 0.149,
        "weapon": 1,
        "pilot_injury": 0.5112,
        "pilot_skill": 0.8988,
        "mission_priority": 0.7736,
        "estimated_landing_time": 1322.0,
        "wait_time": 0,
        "Landing_success_rate": 0.9311
    },
    {
        "model": 0,
        "sequence": 24,
        "status": 1,
        "fuel": 6892,
        "fault": 0.5109,
        "weapon": 0,
        "pilot_injury": 0.0665,
        "pilot_skill": 0.1478,
        "mission_priority": 0.4901,
        "estimated_landing_time": 2262.0,
        "wait_time": 0,
        "Landing_success_rate": 0.9011
    },
    {
        "model": 0,
        "sequence": 16,
        "status": 1,
        "fuel": 6909,
        "fault": 0.746,
        "weapon": 1,
        "pilot_injury": 0.1333,
        "pilot_skill": 0.9228,
        "mission_priority": 0.0337,
        "estimated_landing_time": 1510.0,
        "wait_time": 0,
        "Landing_success_rate": 0.8768
    },
    {
        "model": 0,
        "sequence": 2,
        "status": 1,
        "fuel": 6639,
        "fault": 0.5038,
        "weapon": 0,
        "pilot_injury": 0.0083,
        "pilot_skill": 0.9286,
        "mission_priority": 0.3136,
        "estimated_landing_time": 194.0,
        "wait_time": 0,
        "Landing_success_rate": 0.8924
    },
    {
        "model": 1,
        "sequence": 8,
        "status": 1,
        "fuel": 5898,
        "fault": 0.7234,
        "weapon": 1,
        "pilot_injury": 0.6105,
        "pilot_skill": 0.4603,
        "mission_priority": 0.5938,
        "estimated_landing_time": 758.0,
        "wait_time": 0,
        "Landing_success_rate": 0.8583
    },
    {
        "model": 2,
        "sequence": 21,
        "status": 1,
        "fuel": 5690,
        "fault": 0.9799,
        "weapon": 1,
        "pilot_injury": 0.657,
        "pilot_skill": 0.4622,
        "mission_priority": 0.4446,
        "estimated_landing_time": 1980.0,
        "wait_time": 0,
        "Landing_success_rate": 0.8503
    },
    {
        "model": 0,
        "sequence": 18,
        "status": 1,
        "fuel": 7115,
        "fault": 0.5961,
        "weapon": 0,
        "pilot_injury": 0.4204,
        "pilot_skill": 0.3359,
        "mission_priority": 0.9931,
        "estimated_landing_time": 1698.0,
        "wait_time": 0,
        "Landing_success_rate": 0.8989
    },
    {
        "model": 1,
        "sequence": 23,
        "status": 1,
        "fuel": 7205,
        "fault": 0.5189,
        "weapon": 0,
        "pilot_injury": 0.2922,
        "pilot_skill": 0.8937,
        "mission_priority": 0.6608,
        "estimated_landing_time": 2168.0,
        "wait_time": 0,
        "Landing_success_rate": 0.9115
    },
    {
        "model": 0,
        "sequence": 4,
        "status": 1,
        "fuel": 7403,
        "fault": 0.7831,
        "weapon": 0,
        "pilot_injury": 0.3789,
        "pilot_skill": 0.1863,
        "mission_priority": 0.5112,
        "estimated_landing_time": 382.0,
        "wait_time": 0,
        "Landing_success_rate": 0.881
    },
    {
        "model": 2,
        "sequence": 15,
        "status": 1,
        "fuel": 5526,
        "fault": 0.4298,
        "weapon": 1,
        "pilot_injury": 0.6559,
        "pilot_skill": 0.5954,
        "mission_priority": 0.0589,
        "estimated_landing_time": 1416.0,
        "wait_time": 0,
        "Landing_success_rate": 0.8511
    }
]