[
    {
        "model": 1,
        "sequence": 9,
        "status": 1,
        "fuel": 7471,
        "fault": 0.6977,
        "weapon": 0,
        "pilot_injury": 0.1283,
        "pilot_skill": 0.6871,
        "mission_priority": 0.0181,
        "estimated_landing_time": 852.0,
        "wait_time": 0,
        "Landing_success_rate": 0.8947
    },
    {
        "model": 1,
        "sequence": 15,
        "status": 1,
        "fuel": 6014,
        "fault": 0.8946,
        "weapon": 1,
        "pilot_injury": 0.1172,
        "pilot_skill": 0.1645,
        "mission_priority": 0.9631,
        "estimated_landing_time": 1416.0,
        "wait_time": 0,
        "Landing_success_rate": 0.8541
    },
    {
        "model": 2,
        "sequence": 1,
        "status": 1,
        "fuel": 5528,
        "fault": 0.5412,
        "weapon": 0,
        "pilot_injury": 0.9635,
        "pilot_skill": 0.1401,
        "mission_priority": 0.7335,
        "estimated_landing_time": 100.0,
        "wait_time": 0,
        "Landing_success_rate": 0.851
    },
    {
        "model": 1,
        "sequence": 12,
        "status": 1,
        "fuel": 7187,
        "fault": 0.6037,
        "weapon": 0,
        "pilot_injury": 0.3817,
        "pilot_skill": 0.4018,
        "mission_priority": 0.6246,
        "estimated_landing_time": 1134.0,
        "wait_time": 0,
        "Landing_success_rate": 0.9001
    },
    {
        "model": 2,
        "sequence": 24,
        "status": 1,
        "fuel": 7363,
        "fault": 0.0414,
        "weapon": 1,
        "pilot_injury": 0.1331,
        "pilot_skill": 0.3538,
        "mission_priority": 0.0526,
        "estimated_landing_time": 2262.0,
        "wait_time": 0,
        "Landing_success_rate": 0.9839
    },
    {
        "model": 2,
        "sequence": 8,
        "status": 1,
        "fuel": 7169,
        "fault": 0.3207,
        "weapon": 1,
        "pilot_injury": 0.2576,
        "pilot_skill": 0.5231,
        "mission_priority": 0.7956,
        "estimated_landing_time": 758.0,
        "wait_time": 0,
        "Landing_success_rate": 0.935
    },
    {
        "model": 1,
        "sequence": 10,
        "status": 1,
        "fuel": 6776,
        "fault": 0.7579,
        "weapon": 0,
        "pilot_injury": 0.4461,
        "pilot_skill": 0.2145,
        "mission_priority": 0.4462,
        "estimated_landing_time": 946.0,
        "wait_time": 0,
        "Landing_success_rate": 0.8732
    },
    {
        "model": 0,
        "sequence": 14,
        "status": 1,
        "fuel": 5679,
        "fault": 0.9821,
        "weapon": 1,
        "pilot_injury": 0.2743,
        "pilot_skill": 0.1851,
        "mission_priority": 0.947,
        "estimated_landing_time": 1322.0,
        "wait_time": 0,
        "Landing_success_rate": 0.8502
    },
    {
        "model": 0,
        "sequence": 21,
        "status": 1,
        "fuel": 7323,
        "fault": 0.7343,
        "weapon": 1,
        "pilot_injury": 0.3407,
        "pilot_skill": 0.9696,
        "mission_priority": 0.9883,
        "estimated_landing_time": 1980.0,
        "wait_time": 0,
        "Landing_success_rate": 0.8863
    },
    {
        "model": 0,
        "sequence": 7,
        "status": 1,
        "fuel": 6453,
        "fault": 0.0406,
        "weapon": 1,
        "pilot_injury": 0.5421,
        "pilot_skill": 0.329,
        "mission_priority": 0.122,
        "estimated_landing_time": 664.0,
        "wait_time": 0,
        "Landing_success_rate": 0.9186
    },
    {
        "model": 2,
        "sequence": 22,
        "status": 1,
        "fuel": 5955,
        "fault": 0.0143,
        "weapon": 0,
        "pilot_injury": 0.9788,
        "pilot_skill": 0.2469,
        "mission_priority": 0.411,
        "estimated_landing_time": 2074.0,
        "wait_time": 0,
        "Landing_success_rate": 0.8836
    },
    {
        "model": 1,
        "sequence": 19,
        "status": 1,
        "fuel": 5938,
        "fault": 0.741,
        "weapon": 0,
        "pilot_injury": 0.0036,
        "pilot_skill": 0.3962,
        "mission_priority": 0.8046,
        "estimated_landing_time": 1792.0,
        "wait_time": 0,
        "Landing_success_rate": 0.8585
    },
    {
        "model": 0,
        "sequence": 4,
        "status": 1,
        "fuel": 6564,
        "fault": 0.4071,
        "weapon": 0,
        "pilot_injury": 0.9216,
        "pilot_skill": 0.8671,
        "mission_priority": 0.4067,
        "estimated_landing_time": 382.0,
        "wait_time": 0,
        "Landing_success_rate": 0.8973
    },
    {
        "model": 1,
        "sequence": 20,
        "status": 1,
        "fuel": 5682,
        "fault": 0.8617,
        "weapon": 0,
        "pilot_injury": 0.2868,
        "pilot_skill": 0.7559,
        "mission_priority": 0.5715,
        "estimated_landing_time": 1886.0,
        "wait_time": 0,
        "Landing_success_rate": 0.8519
    },
    {
        "model": 0,
        "sequence": 23,
        "status": 1,
        "fuel": 5891,
        "fault": 0.4785,
        "weapon": 1,
        "pilot_injury": 0.7648,
        "pilot_skill": 0.4744,
        "mission_priority": 0.7479,
        "estimated_landing_time": 2168.0,
        "wait_time": 0,
        "Landing_success_rate": 0.8653
    },
    {
        "model": 0,
        "sequence": 18,
        "status": 1,
        "fuel": 6531,
        "fault": 0.0005,
        "weapon": 1,
        "pilot_injury": 0.2398,
        "pilot_skill": 0.7779,
        "mission_priority": 0.7496,
        "estimated_landing_time": 1698.0,
        "wait_time": 0,
        "Landing_success_rate": 0.9273
    },
    {
        "model": 1,
        "sequence": 2,
        "status": 1,
        "fuel": 5981,
        "fault": 0.4921,
        "weapon": 0,
        "pilot_injury": 0.4458,
        "pilot_skill": 0.6295,
        "mission_priority": 0.5303,
        "estimated_landing_time": 194.0,
        "wait_time": 0,
        "Landing_success_rate": 0.8683
    },
    {
        "model": 1,
        "sequence": 16,
        "status": 1,
        "fuel": 6490,
        "fault": 0.0958,
        "weapon": 1,
        "pilot_injury": 0.1072,
        "pilot_skill": 0.5056,
        "mission_priority": 0.259,
        "estimated_landing_time": 1510.0,
        "wait_time": 0,
        "Landing_success_rate": 0.9171
    },
    {
        "model": 1,
        "sequence": 6,
        "status": 1,
        "fuel": 7121,
        "fault": 0.2597,
        "weapon": 1,
        "pilot_injury": 0.7787,
        "pilot_skill": 0.5752,
        "mission_priority": 0.4308,
        "estimated_landing_time": 570.0,
        "wait_time": 0,
        "Landing_success_rate": 0.94
    },
    {
        "model": 1,
        "sequence": 3,
        "status": 1,
        "fuel": 6009,
        "fault": 0.8491,
        "weapon": 1,
        "pilot_injury": 0.6404,
        "pilot_skill": 0.8808,
        "mission_priority": 0.4148,
        "estimated_landing_time": 288.0,
        "wait_time": 0,
        "Landing_success_rate": 0.8558
    },
    {
        "model": 0,
        "sequence": 17,
        "status": 1,
        "fuel": 6962,
        "fault": 0.0937,
        "weapon": 0,
        "pilot_injury": 0.4773,
        "pilot_skill": 0.0596,
        "mission_priority": 0.5891,
        "estimated_landing_time": 1604.0,
        "wait_time": 0,
        "Landing_success_rate": 0.9494
    },
    {
        "model": 1,
        "sequence": 11,
        "status": 1,
        "fuel": 6875,
        "fault": 0.9871,
        "weapon": 1,
        "pilot_injury": 0.7754,
        "pilot_skill": 0.0054,
        "mission_priority": 0.4305,
        "estimated_landing_time": 1040.0,
        "wait_time": 0,
        "Landing_success_rate": 0.8513
    },
    {
        "model": 2,
        "sequence": 5,
        "status": 1,
        "fuel": 7309,
        "fault": 0.9335,
        "weapon": 1,
        "pilot_injury": 0.2353,
        "pilot_skill": 0.6976,
        "mission_priority": 0.7835,
        "estimated_landing_time": 476.0,
        "wait_time": 0,
        "Landing_success_rate": 0.859
    },
    {
        "model": 0,
        "sequence": 13,
        "status": 1,
        "fuel": 6565,
        "fault": 0.3758,
        "weapon": 1,
        "pilot_injury": 0.5451,
        "pilot_skill": 0.3654,
        "mission_priority": 0.8359,
        "estimated_landing_time": 1228.0,
        "wait_time": 0,
        "Landing_success_rate": 0.8999
    }
]