[
    {
        "model": 2,
        "sequence": 21,
        "status": 1,
        "fuel": 6811,
        "fault": 0.0579,
        "weapon": 0,
        "pilot_injury": 0.9411,
        "pilot_skill": 0.2647,
        "mission_priority": 0.9471,
        "estimated_landing_time": 1980.0,
        "wait_time": 0,
        "Landing_success_rate": 0.9426
    },
    {
        "model": 1,
        "sequence": 13,
        "status": 1,
        "fuel": 5728,
        "fault": 0.4585,
        "weapon": 0,
        "pilot_injury": 0.8814,
        "pilot_skill": 0.6924,
        "mission_priority": 0.0391,
        "estimated_landing_time": 1228.0,
        "wait_time": 0,
        "Landing_success_rate": 0.8593
    },
    {
        "model": 2,
        "sequence": 7,
        "status": 1,
        "fuel": 5744,
        "fault": 0.6919,
        "weapon": 0,
        "pilot_injury": 0.9417,
        "pilot_skill": 0.5705,
        "mission_priority": 0.7942,
        "estimated_landing_time": 664.0,
        "wait_time": 0,
        "Landing_success_rate": 0.8556
    },
    {
        "model": 1,
        "sequence": 4,
        "status": 1,
        "fuel": 6214,
        "fault": 0.8209,
        "weapon": 1,
        "pilot_injury": 0.1547,
        "pilot_skill": 0.7509,
        "mission_priority": 0.2338,
        "estimated_landing_time": 382.0,
        "wait_time": 0,
        "Landing_success_rate": 0.8596
    },
    {
        "model": 1,
        "sequence": 3,
        "status": 1,
        "fuel": 6279,
        "fault": 0.5232,
        "weapon": 0,
        "pilot_injury": 0.7891,
        "pilot_skill": 0.5823,
        "mission_priority": 0.885,
        "estimated_landing_time": 288.0,
        "wait_time": 0,
        "Landing_success_rate": 0.8779
    },
    {
        "model": 1,
        "sequence": 10,
        "status": 1,
        "fuel": 6883,
        "fault": 0.1997,
        "weapon": 1,
        "pilot_injury": 0.637,
        "pilot_skill": 0.8294,
        "mission_priority": 0.5394,
        "estimated_landing_time": 946.0,
        "wait_time": 0,
        "Landing_success_rate": 0.933
    },
    {
        "model": 0,
        "sequence": 19,
        "status": 1,
        "fuel": 7013,
        "fault": 0.1817,
        "weapon": 0,
        "pilot_injury": 0.8136,
        "pilot_skill": 0.2765,
        "mission_priority": 0.0542,
        "estimated_landing_time": 1792.0,
        "wait_time": 0,
        "Landing_success_rate": 0.9429
    },
    {
        "model": 0,
        "sequence": 16,
        "status": 1,
        "fuel": 5537,
        "fault": 0.7147,
        "weapon": 0,
        "pilot_injury": 0.416,
        "pilot_skill": 0.0178,
        "mission_priority": 0.225,
        "estimated_landing_time": 1510.0,
        "wait_time": 0,
        "Landing_success_rate": 0.8508
    },
    {
        "model": 2,
        "sequence": 20,
        "status": 1,
        "fuel": 7120,
        "fault": 0.0877,
        "weapon": 1,
        "pilot_injury": 0.1142,
        "pilot_skill": 0.8271,
        "mission_priority": 0.0414,
        "estimated_landing_time": 1886.0,
        "wait_time": 0,
        "Landing_success_rate": 0.9608
    },
    {
        "model": 0,
        "sequence": 6,
        "status": 1,
        "fuel": 7446,
        "fault": 0.5657,
        "weapon": 0,
        "pilot_injury": 0.1307,
        "pilot_skill": 0.1954,
        "mission_priority": 0.6415,
        "estimated_landing_time": 570.0,
        "wait_time": 0,
        "Landing_success_rate": 0.9134
    },
    {
        "model": 1,
        "sequence": 2,
        "status": 1,
        "fuel": 7394,
        "fault": 0.2133,
        "weapon": 1,
        "pilot_injury": 0.836,
        "pilot_skill": 0.138,
        "mission_priority": 0.6197,
        "estimated_landing_time": 194.0,
        "wait_time": 0,
        "Landing_success_rate": 0.9618
    },
    {
        "model": 0,
        "sequence": 1,
        "status": 1,
        "fuel": 6060,
        "fault": 0.1569,
        "weapon": 1,
        "pilot_injury": 0.06,
        "pilot_skill": 0.5547,
        "mission_priority": 0.9601,
        "estimated_landing_time": 100.0,
        "wait_time": 0,
        "Landing_success_rate": 0.8854
    },
    {
        "model": 0,
        "sequence": 24,
        "status": 1,
        "fuel": 7013,
        "fault": 0.3624,
        "weapon": 1,
        "pilot_injury": 0.0986,
        "pilot_skill": 0.3622,
        "mission_priority": 0.0443,
        "estimated_landing_time": 2262.0,
        "wait_time": 0,
        "Landing_success_rate": 0.9224
    },
    {
        "model": 2,
        "sequence": 15,
        "status": 1,
        "fuel": 6021,
        "fault": 0.3557,
        "weapon": 1,
        "pilot_injury": 0.975,
        "pilot_skill": 0.8184,
        "mission_priority": 0.8221,
        "estimated_landing_time": 1416.0,
        "wait_time": 0,
        "Landing_success_rate": 0.8752
    },
    {
        "model": 1,
        "sequence": 12,
        "status": 1,
        "fuel": 6171,
        "fault": 0.9002,
        "weapon": 1,
        "pilot_injury": 0.6031,
        "pilot_skill": 0.5211,
        "mission_priority": 0.5165,
        "estimated_landing_time": 1134.0,
        "wait_time": 0,
        "Landing_success_rate": 0.855
    },
    {
        "model": 0,
        "sequence": 18,
        "status": 1,
        "fuel": 6140,
        "fault": 0.2417,
        "weapon": 1,
        "pilot_injury": 0.1504,
        "pilot_skill": 0.4221,
        "mission_priority": 0.0622,
        "estimated_landing_time": 1698.0,
        "wait_time": 0,
        "Landing_success_rate": 0.8864
    },
    {
        "model": 0,
        "sequence": 17,
        "status": 1,
        "fuel": 5542,
        "fault": 0.8326,
        "weapon": 0,
        "pilot_injury": 0.9393,
        "pilot_skill": 0.8629,
        "mission_priority": 0.7526,
        "estimated_landing_time": 1604.0,
        "wait_time": 0,
        "Landing_success_rate": 0.8505
    },
    {
        "model": 2,
        "sequence": 11,
        "status": 1,
        "fuel": 7369,
        "fault": 0.7995,
        "weapon": 0,
        "pilot_injury": 0.6416,
        "pilot_skill": 0.8493,
        "mission_priority": 0.1266,
        "estimated_landing_time": 1040.0,
        "wait_time": 0,
        "Landing_success_rate": 0.8781
    },
    {
        "model": 2,
        "sequence": 9,
        "status": 1,
        "fuel": 5548,
        "fault": 0.0279,
        "weapon": 0,
        "pilot_injury": 0.4358,
        "pilot_skill": 0.9125,
        "mission_priority": 0.5387,
        "estimated_landing_time": 852.0,
        "wait_time": 0,
        "Landing_success_rate": 0.8535
    },
    {
        "model": 1,
        "sequence": 22,
        "status": 1,
        "fuel": 6900,
        "fault": 0.7679,
        "weapon": 1,
        "pilot_injury": 0.1852,
        "pilot_skill": 0.8926,
        "mission_priority": 0.9709,
        "estimated_landing_time": 2074.0,
        "wait_time": 0,
        "Landing_success_rate": 0.8744
    },
    {
        "model": 2,
        "sequence": 14,
        "status": 1,
        "fuel": 6707,
        "fault": 0.8587,
        "weapon": 1,
        "pilot_injury": 0.7436,
        "pilot_skill": 0.6999,
        "mission_priority": 0.4605,
        "estimated_landing_time": 1322.0,
        "wait_time": 0,
        "Landing_success_rate": 0.8628
    },
    {
        "model": 1,
        "sequence": 23,
        "status": 1,
        "fuel": 7262,
        "fault": 0.1684,
        "weapon": 1,
        "pilot_injury": 0.7312,
        "pilot_skill": 0.626,
        "mission_priority": 0.5849,
        "estimated_landing_time": 2168.0,
        "wait_time": 0,
        "Landing_success_rate": 0.9599
    },
    {
        "model": 1,
        "sequence": 5,
        "status": 1,
        "fuel": 7394,
        "fault": 0.4989,
        "weapon": 1,
        "pilot_injury": 0.7483,
        "pilot_skill": 0.1054,
        "mission_priority": 0.363,
        "estimated_landing_time": 476.0,
        "wait_time": 0,
        "Landing_success_rate": 0.9212
    },
    {
        "model": 0,
        "sequence": 8,
        "status": 1,
        "fuel": 5939,
        "fault": 0.3658,
        "weapon": 0,
        "pilot_injury": 0.0614,
        "pilot_skill": 0.7625,
        "mission_priority": 0.1065,
        "estimated_landing_time": 758.0,
        "wait_time": 0,
        "Landing_success_rate": 0.8709
    }
]