[
    {
        "model": 0,
        "sequence": 10,
        "status": 1,
        "fuel": 6828,
        "fault": 0.6177,
        "weapon": 0,
        "pilot_injury": 0.1215,
        "pilot_skill": 0.8302,
        "mission_priority": 0.5769,
        "estimated_landing_time": 946.0,
        "wait_time": 0,
        "Landing_success_rate": 0.8881
    },
    {
        "model": 1,
        "sequence": 8,
        "status": 1,
        "fuel": 6892,
        "fault": 0.8283,
        "weapon": 1,
        "pilot_injury": 0.5249,
        "pilot_skill": 0.5921,
        "mission_priority": 0.8211,
        "estimated_landing_time": 758.0,
        "wait_time": 0,
        "Landing_success_rate": 0.8679
    },
    {
        "model": 2,
        "sequence": 12,
        "status": 1,
        "fuel": 7078,
        "fault": 0.4227,
        "weapon": 0,
        "pilot_injury": 0.8348,
        "pilot_skill": 0.8438,
        "mission_priority": 0.2542,
        "estimated_landing_time": 1134.0,
        "wait_time": 0,
        "Landing_success_rate": 0.9183
    },
    {
        "model": 1,
        "sequence": 17,
        "status": 1,
        "fuel": 5722,
        "fault": 0.4061,
        "weapon": 0,
        "pilot_injury": 0.8858,
        "pilot_skill": 0.7904,
        "mission_priority": 0.584,
        "estimated_landing_time": 1604.0,
        "wait_time": 0,
        "Landing_success_rate": 0.8599
    },
    {
        "model": 2,
        "sequence": 7,
        "status": 1,
        "fuel": 7443,
        "fault": 0.8595,
        "weapon": 0,
        "pilot_injury": 0.8425,
        "pilot_skill": 0.8184,
        "mission_priority": 0.908,
        "estimated_landing_time": 664.0,
        "wait_time": 0,
        "Landing_success_rate": 0.8705
    },
    {
        "model": 0,
        "sequence": 2,
        "status": 1,
        "fuel": 6796,
        "fault": 0.8063,
        "weapon": 1,
        "pilot_injury": 0.1956,
        "pilot_skill": 0.4609,
        "mission_priority": 0.8539,
        "estimated_landing_time": 194.0,
        "wait_time": 0,
        "Landing_success_rate": 0.8688
    },
    {
        "model": 0,
        "sequence": 16,
        "status": 1,
        "fuel": 6910,
        "fault": 0.8155,
        "weapon": 0,
        "pilot_injury": 0.0473,
        "pilot_skill": 0.5098,
        "mission_priority": 0.4741,
        "estimated_landing_time": 1510.0,
        "wait_time": 0,
        "Landing_success_rate": 0.8695
    },
    {
        "model": 1,
        "sequence": 19,
        "status": 1,
        "fuel": 5707,
        "fault": 0.2415,
        "weapon": 1,
        "pilot_injury": 0.2836,
        "pilot_skill": 0.6458,
        "mission_priority": 0.1015,
        "estimated_landing_time": 1792.0,
        "wait_time": 0,
        "Landing_success_rate": 0.8618
    },
    {
        "model": 2,
        "sequence": 18,
        "status": 1,
        "fuel": 6282,
        "fault": 0.3503,
        "weapon": 0,
        "pilot_injury": 0.3884,
        "pilot_skill": 0.6295,
        "mission_priority": 0.1875,
        "estimated_landing_time": 1698.0,
        "wait_time": 0,
        "Landing_success_rate": 0.8881
    },
    {
        "model": 0,
        "sequence": 5,
        "status": 1,
        "fuel": 7020,
        "fault": 0.8566,
        "weapon": 1,
        "pilot_injury": 0.7889,
        "pilot_skill": 0.1534,
        "mission_priority": 0.0177,
        "estimated_landing_time": 476.0,
        "wait_time": 0,
        "Landing_success_rate": 0.8663
    },
    {
        "model": 0,
        "sequence": 4,
        "status": 1,
        "fuel": 7031,
        "fault": 0.0183,
        "weapon": 0,
        "pilot_injury": 0.7804,
        "pilot_skill": 0.4161,
        "mission_priority": 0.3386,
        "estimated_landing_time": 382.0,
        "wait_time": 0,
        "Landing_success_rate": 0.9627
    },
    {
        "model": 1,
        "sequence": 1,
        "status": 1,
        "fuel": 6938,
        "fault": 0.6765,
        "weapon": 0,
        "pilot_injury": 0.956,
        "pilot_skill": 0.1316,
        "mission_priority": 0.3328,
        "estimated_landing_time": 100.0,
        "wait_time": 0,
        "Landing_success_rate": 0.8849
    },
    {
        "model": 2,
        "sequence": 23,
        "status": 1,
        "fuel": 7272,
        "fault": 0.4844,
        "weapon": 0,
        "pilot_injury": 0.9345,
        "pilot_skill": 0.7213,
        "mission_priority": 0.9559,
        "estimated_landing_time": 2168.0,
        "wait_time": 0,
        "Landing_success_rate": 0.9185
    },
    {
        "model": 0,
        "sequence": 21,
        "status": 1,
        "fuel": 7061,
        "fault": 0.2505,
        "weapon": 0,
        "pilot_injury": 0.697,
        "pilot_skill": 0.8662,
        "mission_priority": 0.6841,
        "estimated_landing_time": 1980.0,
        "wait_time": 0,
        "Landing_success_rate": 0.9377
    },
    {
        "model": 0,
        "sequence": 22,
        "status": 1,
        "fuel": 5709,
        "fault": 0.6479,
        "weapon": 0,
        "pilot_injury": 0.515,
        "pilot_skill": 0.9819,
        "mission_priority": 0.51,
        "estimated_landing_time": 2074.0,
        "wait_time": 0,
        "Landing_success_rate": 0.8555
    },
    {
        "model": 2,
        "sequence": 11,
        "status": 1,
        "fuel": 7443,
        "fault": 0.4688,
        "weapon": 1,
        "pilot_injury": 0.9174,
        "pilot_skill": 0.9624,
        "mission_priority": 0.7285,
        "estimated_landing_time": 1040.0,
        "wait_time": 0,
        "Landing_success_rate": 0.9274
    },
    {
        "model": 1,
        "sequence": 9,
        "status": 1,
        "fuel": 5988,
        "fault": 0.3004,
        "weapon": 0,
        "pilot_injury": 0.4796,
        "pilot_skill": 0.9997,
        "mission_priority": 0.8693,
        "estimated_landing_time": 852.0,
        "wait_time": 0,
        "Landing_success_rate": 0.8756
    },
    {
        "model": 1,
        "sequence": 6,
        "status": 1,
        "fuel": 6540,
        "fault": 0.8543,
        "weapon": 0,
        "pilot_injury": 0.8591,
        "pilot_skill": 0.3197,
        "mission_priority": 0.0274,
        "estimated_landing_time": 570.0,
        "wait_time": 0,
        "Landing_success_rate": 0.8614
    },
    {
        "model": 0,
        "sequence": 3,
        "status": 1,
        "fuel": 5808,
        "fault": 0.0546,
        "weapon": 0,
        "pilot_injury": 0.7285,
        "pilot_skill": 0.659,
        "mission_priority": 0.1582,
        "estimated_landing_time": 288.0,
        "wait_time": 0,
        "Landing_success_rate": 0.8718
    },
    {
        "model": 0,
        "sequence": 24,
        "status": 1,
        "fuel": 6152,
        "fault": 0.1045,
        "weapon": 1,
        "pilot_injury": 0.7569,
        "pilot_skill": 0.0392,
        "mission_priority": 0.4071,
        "estimated_landing_time": 2262.0,
        "wait_time": 0,
        "Landing_success_rate": 0.8938
    },
    {
        "model": 1,
        "sequence": 14,
        "status": 1,
        "fuel": 6495,
        "fault": 0.4108,
        "weapon": 0,
        "pilot_injury": 0.1194,
        "pilot_skill": 0.3902,
        "mission_priority": 0.2866,
        "estimated_landing_time": 1322.0,
        "wait_time": 0,
        "Landing_success_rate": 0.894
    },
    {
        "model": 1,
        "sequence": 20,
        "status": 1,
        "fuel": 6055,
        "fault": 0.3083,
        "weapon": 0,
        "pilot_injury": 0.0045,
        "pilot_skill": 0.9024,
        "mission_priority": 0.4332,
        "estimated_landing_time": 1886.0,
        "wait_time": 0,
        "Landing_success_rate": 0.8788
    },
    {
        "model": 0,
        "sequence": 13,
        "status": 1,
        "fuel": 5767,
        "fault": 0.7967,
        "weapon": 0,
        "pilot_injury": 0.5735,
        "pilot_skill": 0.0973,
        "mission_priority": 0.1406,
        "estimated_landing_time": 1228.0,
        "wait_time": 0,
        "Landing_success_rate": 0.8541
    },
    {
        "model": 2,
        "sequence": 15,
        "status": 1,
        "fuel": 5970,
        "fault": 0.0359,
        "weapon": 0,
        "pilot_injury": 0.569,
        "pilot_skill": 0.4281,
        "mission_priority": 0.3036,
        "estimated_landing_time": 1416.0,
        "wait_time": 0,
        "Landing_success_rate": 0.884
    }
]