[
    {
        "model": 2,
        "sequence": 17,
        "status": 1,
        "fuel": 6666,
        "fault": 0.0618,
        "weapon": 1,
        "pilot_injury": 0.7203,
        "pilot_skill": 0.8822,
        "mission_priority": 0.267,
        "estimated_landing_time": 1604.0,
        "wait_time": 0,
        "Landing_success_rate": 0.932
    },
    {
        "model": 2,
        "sequence": 15,
        "status": 1,
        "fuel": 5735,
        "fault": 0.6561,
        "weapon": 1,
        "pilot_injury": 0.8226,
        "pilot_skill": 0.0868,
        "mission_priority": 0.3725,
        "estimated_landing_time": 1416.0,
        "wait_time": 0,
        "Landing_success_rate": 0.8561
    },
    {
        "model": 2,
        "sequence": 9,
        "status": 1,
        "fuel": 6624,
        "fault": 0.2474,
        "weapon": 1,
        "pilot_injury": 0.1782,
        "pilot_skill": 0.475,
        "mission_priority": 0.552,
        "estimated_landing_time": 852.0,
        "wait_time": 0,
        "Landing_success_rate": 0.9134
    },
    {
        "model": 2,
        "sequence": 10,
        "status": 1,
        "fuel": 5876,
        "fault": 0.7058,
        "weapon": 0,
        "pilot_injury": 0.1319,
        "pilot_skill": 0.1013,
        "mission_priority": 0.9241,
        "estimated_landing_time": 946.0,
        "wait_time": 0,
        "Landing_success_rate": 0.8583
    },
    {
        "model": 1,
        "sequence": 2,
        "status": 1,
        "fuel": 6360,
        "fault": 0.167,
        "weapon": 0,
        "pilot_injury": 0.6183,
        "pilot_skill": 0.9463,
        "mission_priority": 0.4992,
        "estimated_landing_time": 194.0,
        "wait_time": 0,
        "Landing_success_rate": 0.9037
    },
    {
        "model": 0,
        "sequence": 1,
        "status": 1,
        "fuel": 6966,
        "fault": 0.4371,
        "weapon": 0,
        "pilot_injury": 0.7561,
        "pilot_skill": 0.5162,
        "mission_priority": 0.0647,
        "estimated_landing_time": 100.0,
        "wait_time": 0,
        "Landing_success_rate": 0.9119
    },
    {
        "model": 1,
        "sequence": 14,
        "status": 1,
        "fuel": 6323,
        "fault": 0.9671,
        "weapon": 1,
        "pilot_injury": 0.3167,
        "pilot_skill": 0.9815,
        "mission_priority": 0.8721,
        "estimated_landing_time": 1322.0,
        "wait_time": 0,
        "Landing_success_rate": 0.852
    },
    {
        "model": 1,
        "sequence": 22,
        "status": 1,
        "fuel": 6514,
        "fault": 0.4152,
        "weapon": 1,
        "pilot_injury": 0.721,
        "pilot_skill": 0.3343,
        "mission_priority": 0.2514,
        "estimated_landing_time": 2074.0,
        "wait_time": 0,
        "Landing_success_rate": 0.8945
    },
    {
        "model": 0,
        "sequence": 5,
        "status": 1,
        "fuel": 6901,
        "fault": 0.2624,
        "weapon": 1,
        "pilot_injury": 0.7625,
        "pilot_skill": 0.7131,
        "mission_priority": 0.7555,
        "estimated_landing_time": 476.0,
        "wait_time": 0,
        "Landing_success_rate": 0.9275
    },
    {
        "model": 1,
        "sequence": 24,
        "status": 1,
        "fuel": 5692,
        "fault": 0.1013,
        "weapon": 0,
        "pilot_injury": 0.7534,
        "pilot_skill": 0.7968,
        "mission_priority": 0.9464,
        "estimated_landing_time": 2262.0,
        "wait_time": 0,
        "Landing_success_rate": 0.8629
    },
    {
        "model": 0,
        "sequence": 19,
        "status": 1,
        "fuel": 5853,
        "fault": 0.328,
        "weapon": 1,
        "pilot_injury": 0.095,
        "pilot_skill": 0.1261,
        "mission_priority": 0.1583,
        "estimated_landing_time": 1792.0,
        "wait_time": 0,
        "Landing_success_rate": 0.8678
    },
    {
        "model": 1,
        "sequence": 20,
        "status": 1,
        "fuel": 5537,
        "fault": 0.5144,
        "weapon": 0,
        "pilot_injury": 0.1226,
        "pilot_skill": 0.9959,
        "mission_priority": 0.2722,
        "estimated_landing_time": 1886.0,
        "wait_time": 0,
        "Landing_success_rate": 0.8513
    },
    {
        "model": 0,
        "sequence": 21,
        "status": 1,
        "fuel": 6611,
        "fault": 0.8157,
        "weapon": 1,
        "pilot_injury": 0.1183,
        "pilot_skill": 0.3174,
        "mission_priority": 0.1593,
        "estimated_landing_time": 1980.0,
        "wait_time": 0,
        "Landing_success_rate": 0.8654
    },
    {
        "model": 2,
        "sequence": 6,
        "status": 1,
        "fuel": 6890,
        "fault": 0.7657,
        "weapon": 0,
        "pilot_injury": 0.8584,
        "pilot_skill": 0.8793,
        "mission_priority": 0.8687,
        "estimated_landing_time": 570.0,
        "wait_time": 0,
        "Landing_success_rate": 0.8744
    },
    {
        "model": 0,
        "sequence": 4,
        "status": 1,
        "fuel": 5819,
        "fault": 0.3139,
        "weapon": 0,
        "pilot_injury": 0.7279,
        "pilot_skill": 0.9254,
        "mission_priority": 0.2193,
        "estimated_landing_time": 382.0,
        "wait_time": 0,
        "Landing_success_rate": 0.8664
    },
    {
        "model": 1,
        "sequence": 18,
        "status": 1,
        "fuel": 5507,
        "fault": 0.8976,
        "weapon": 1,
        "pilot_injury": 0.2579,
        "pilot_skill": 0.6524,
        "mission_priority": 0.1639,
        "estimated_landing_time": 1698.0,
        "wait_time": 0,
        "Landing_success_rate": 0.8501
    },
    {
        "model": 1,
        "sequence": 23,
        "status": 1,
        "fuel": 5876,
        "fault": 0.5554,
        "weapon": 1,
        "pilot_injury": 0.1303,
        "pilot_skill": 0.257,
        "mission_priority": 0.9674,
        "estimated_landing_time": 2168.0,
        "wait_time": 0,
        "Landing_success_rate": 0.8625
    },
    {
        "model": 0,
        "sequence": 11,
        "status": 1,
        "fuel": 5929,
        "fault": 0.6814,
        "weapon": 0,
        "pilot_injury": 0.856,
        "pilot_skill": 0.014,
        "mission_priority": 0.0061,
        "estimated_landing_time": 1040.0,
        "wait_time": 0,
        "Landing_success_rate": 0.8603
    },
    {
        "model": 2,
        "sequence": 8,
        "status": 1,
        "fuel": 6424,
        "fault": 0.0685,
        "weapon": 0,
        "pilot_injury": 0.57,
        "pilot_skill": 0.1137,
        "mission_priority": 0.0723,
        "estimated_landing_time": 758.0,
        "wait_time": 0,
        "Landing_success_rate": 0.9146
    },
    {
        "model": 1,
        "sequence": 7,
        "status": 1,
        "fuel": 6711,
        "fault": 0.1007,
        "weapon": 0,
        "pilot_injury": 0.9925,
        "pilot_skill": 0.2293,
        "mission_priority": 0.6472,
        "estimated_landing_time": 664.0,
        "wait_time": 0,
        "Landing_success_rate": 0.9317
    },
    {
        "model": 2,
        "sequence": 12,
        "status": 1,
        "fuel": 6041,
        "fault": 0.0077,
        "weapon": 0,
        "pilot_injury": 0.3063,
        "pilot_skill": 0.1933,
        "mission_priority": 0.2261,
        "estimated_landing_time": 1134.0,
        "wait_time": 0,
        "Landing_success_rate": 0.8903
    },
    {
        "model": 0,
        "sequence": 16,
        "status": 1,
        "fuel": 7403,
        "fault": 0.6876,
        "weapon": 0,
        "pilot_injury": 0.599,
        "pilot_skill": 0.0205,
        "mission_priority": 0.391,
        "estimated_landing_time": 1510.0,
        "wait_time": 0,
        "Landing_success_rate": 0.8946
    },
    {
        "model": 0,
        "sequence": 13,
        "status": 1,
        "fuel": 6476,
        "fault": 0.4606,
        "weapon": 0,
        "pilot_injury": 0.7763,
        "pilot_skill": 0.4296,
        "mission_priority": 0.6305,
        "estimated_landing_time": 1228.0,
        "wait_time": 0,
        "Landing_success_rate": 0.8895
    },
    {
        "model": 0,
        "sequence": 3,
        "status": 1,
        "fuel": 7408,
        "fault": 0.9004,
        "weapon": 1,
        "pilot_injury": 0.0972,
        "pilot_skill": 0.714,
        "mission_priority": 0.5738,
        "estimated_landing_time": 288.0,
        "wait_time": 0,
        "Landing_success_rate": 0.8643
    }
]