[
    {
        "model": 0,
        "sequence": 12,
        "status": 1,
        "fuel": 6500,
        "fault": 0.9536,
        "weapon": 0,
        "pilot_injury": 0.1508,
        "pilot_skill": 0.3573,
        "mission_priority": 0.7262,
        "estimated_landing_time": 1134.0,
        "wait_time": 0,
        "Landing_success_rate": 0.8535
    },
    {
        "model": 0,
        "sequence": 1,
        "status": 1,
        "fuel": 6074,
        "fault": 0.7509,
        "weapon": 1,
        "pilot_injury": 0.673,
        "pilot_skill": 0.63,
        "mission_priority": 0.9302,
        "estimated_landing_time": 100.0,
        "wait_time": 0,
        "Landing_success_rate": 0.8607
    },
    {
        "model": 2,
        "sequence": 19,
        "status": 1,
        "fuel": 7058,
        "fault": 0.6271,
        "weapon": 1,
        "pilot_injury": 0.1992,
        "pilot_skill": 0.9389,
        "mission_priority": 0.2271,
        "estimated_landing_time": 1792.0,
        "wait_time": 0,
        "Landing_success_rate": 0.8936
    },
    {
        "model": 2,
        "sequence": 9,
        "status": 1,
        "fuel": 6533,
        "fault": 0.5974,
        "weapon": 1,
        "pilot_injury": 0.2087,
        "pilot_skill": 0.6386,
        "mission_priority": 0.4578,
        "estimated_landing_time": 852.0,
        "wait_time": 0,
        "Landing_success_rate": 0.8812
    },
    {
        "model": 1,
        "sequence": 14,
        "status": 1,
        "fuel": 6934,
        "fault": 0.9213,
        "weapon": 0,
        "pilot_injury": 0.8084,
        "pilot_skill": 0.2958,
        "mission_priority": 0.0573,
        "estimated_landing_time": 1322.0,
        "wait_time": 0,
        "Landing_success_rate": 0.8585
    },
    {
        "model": 2,
        "sequence": 16,
        "status": 1,
        "fuel": 7454,
        "fault": 0.2346,
        "weapon": 0,
        "pilot_injury": 0.1731,
        "pilot_skill": 0.6271,
        "mission_priority": 0.0422,
        "estimated_landing_time": 1510.0,
        "wait_time": 0,
        "Landing_success_rate": 0.9622
    },
    {
        "model": 0,
        "sequence": 3,
        "status": 1,
        "fuel": 5763,
        "fault": 0.5396,
        "weapon": 1,
        "pilot_injury": 0.4025,
        "pilot_skill": 0.3251,
        "mission_priority": 0.6555,
        "estimated_landing_time": 288.0,
        "wait_time": 0,
        "Landing_success_rate": 0.8591
    },
    {
        "model": 1,
        "sequence": 24,
        "status": 1,
        "fuel": 7269,
        "fault": 0.5552,
        "weapon": 1,
        "pilot_injury": 0.4634,
        "pilot_skill": 0.6589,
        "mission_priority": 0.6957,
        "estimated_landing_time": 2262.0,
        "wait_time": 0,
        "Landing_success_rate": 0.909
    },
    {
        "model": 2,
        "sequence": 20,
        "status": 1,
        "fuel": 7458,
        "fault": 0.3326,
        "weapon": 1,
        "pilot_injury": 0.1144,
        "pilot_skill": 0.6819,
        "mission_priority": 0.1211,
        "estimated_landing_time": 1886.0,
        "wait_time": 0,
        "Landing_success_rate": 0.948
    },
    {
        "model": 2,
        "sequence": 8,
        "status": 1,
        "fuel": 7309,
        "fault": 0.883,
        "weapon": 0,
        "pilot_injury": 0.3321,
        "pilot_skill": 0.4706,
        "mission_priority": 0.8962,
        "estimated_landing_time": 758.0,
        "wait_time": 0,
        "Landing_success_rate": 0.8659
    },
    {
        "model": 0,
        "sequence": 18,
        "status": 1,
        "fuel": 7385,
        "fault": 0.8862,
        "weapon": 1,
        "pilot_injury": 0.8794,
        "pilot_skill": 0.5005,
        "mission_priority": 0.2043,
        "estimated_landing_time": 1698.0,
        "wait_time": 0,
        "Landing_success_rate": 0.8661
    },
    {
        "model": 2,
        "sequence": 17,
        "status": 1,
        "fuel": 5531,
        "fault": 0.8378,
        "weapon": 1,
        "pilot_injury": 0.3673,
        "pilot_skill": 0.8055,
        "mission_priority": 0.6586,
        "estimated_landing_time": 1604.0,
        "wait_time": 0,
        "Landing_success_rate": 0.8504
    },
    {
        "model": 2,
        "sequence": 4,
        "status": 1,
        "fuel": 7384,
        "fault": 0.1581,
        "weapon": 1,
        "pilot_injury": 0.2822,
        "pilot_skill": 0.9782,
        "mission_priority": 0.3429,
        "estimated_landing_time": 382.0,
        "wait_time": 0,
        "Landing_success_rate": 0.969
    },
    {
        "model": 1,
        "sequence": 22,
        "status": 1,
        "fuel": 5781,
        "fault": 0.007,
        "weapon": 0,
        "pilot_injury": 0.0231,
        "pilot_skill": 0.9447,
        "mission_priority": 0.0879,
        "estimated_landing_time": 2074.0,
        "wait_time": 0,
        "Landing_success_rate": 0.8709
    },
    {
        "model": 2,
        "sequence": 23,
        "status": 1,
        "fuel": 6015,
        "fault": 0.8279,
        "weapon": 0,
        "pilot_injury": 0.7487,
        "pilot_skill": 0.8093,
        "mission_priority": 0.7397,
        "estimated_landing_time": 2168.0,
        "wait_time": 0,
        "Landing_success_rate": 0.8566
    },
    {
        "model": 0,
        "sequence": 11,
        "status": 1,
        "fuel": 6638,
        "fault": 0.909,
        "weapon": 1,
        "pilot_injury": 0.9124,
        "pilot_skill": 0.437,
        "mission_priority": 0.4848,
        "estimated_landing_time": 1040.0,
        "wait_time": 0,
        "Landing_success_rate": 0.8578
    },
    {
        "model": 2,
        "sequence": 15,
        "status": 1,
        "fuel": 6164,
        "fault": 0.0102,
        "weapon": 0,
        "pilot_injury": 0.1149,
        "pilot_skill": 0.262,
        "mission_priority": 0.8441,
        "estimated_landing_time": 1416.0,
        "wait_time": 0,
        "Landing_success_rate": 0.8993
    },
    {
        "model": 0,
        "sequence": 7,
        "status": 1,
        "fuel": 6428,
        "fault": 0.081,
        "weapon": 0,
        "pilot_injury": 0.7452,
        "pilot_skill": 0.3486,
        "mission_priority": 0.1853,
        "estimated_landing_time": 664.0,
        "wait_time": 0,
        "Landing_success_rate": 0.914
    },
    {
        "model": 0,
        "sequence": 10,
        "status": 1,
        "fuel": 5846,
        "fault": 0.4851,
        "weapon": 1,
        "pilot_injury": 0.8394,
        "pilot_skill": 0.7638,
        "mission_priority": 0.7642,
        "estimated_landing_time": 946.0,
        "wait_time": 0,
        "Landing_success_rate": 0.8634
    },
    {
        "model": 1,
        "sequence": 2,
        "status": 1,
        "fuel": 7323,
        "fault": 0.2532,
        "weapon": 1,
        "pilot_injury": 0.2855,
        "pilot_skill": 0.5779,
        "mission_priority": 0.3164,
        "estimated_landing_time": 194.0,
        "wait_time": 0,
        "Landing_success_rate": 0.9521
    },
    {
        "model": 2,
        "sequence": 21,
        "status": 1,
        "fuel": 6076,
        "fault": 0.6769,
        "weapon": 0,
        "pilot_injury": 0.1139,
        "pilot_skill": 0.7825,
        "mission_priority": 0.6981,
        "estimated_landing_time": 1980.0,
        "wait_time": 0,
        "Landing_success_rate": 0.864
    },
    {
        "model": 0,
        "sequence": 5,
        "status": 1,
        "fuel": 6303,
        "fault": 0.6984,
        "weapon": 0,
        "pilot_injury": 0.4032,
        "pilot_skill": 0.6805,
        "mission_priority": 0.9104,
        "estimated_landing_time": 476.0,
        "wait_time": 0,
        "Landing_success_rate": 0.8682
    },
    {
        "model": 0,
        "sequence": 6,
        "status": 1,
        "fuel": 6627,
        "fault": 0.6593,
        "weapon": 1,
        "pilot_injury": 0.7039,
        "pilot_skill": 0.1676,
        "mission_priority": 0.6645,
        "estimated_landing_time": 570.0,
        "wait_time": 0,
        "Landing_success_rate": 0.8788
    },
    {
        "model": 0,
        "sequence": 13,
        "status": 1,
        "fuel": 5528,
        "fault": 0.3779,
        "weapon": 1,
        "pilot_injury": 0.7606,
        "pilot_skill": 0.1613,
        "mission_priority": 0.1906,
        "estimated_landing_time": 1228.0,
        "wait_time": 0,
        "Landing_success_rate": 0.8513
    }
]