[
    {
        "model": 1,
        "sequence": 4,
        "status": 1,
        "fuel": 6698,
        "fault": 0.3437,
        "weapon": 0,
        "pilot_injury": 0.8871,
        "pilot_skill": 0.8292,
        "mission_priority": 0.1978,
        "estimated_landing_time": 382.0,
        "wait_time": 0,
        "Landing_success_rate": 0.909
    },
    {
        "model": 1,
        "sequence": 2,
        "status": 1,
        "fuel": 6363,
        "fault": 0.7929,
        "weapon": 1,
        "pilot_injury": 0.2202,
        "pilot_skill": 0.3435,
        "mission_priority": 0.0288,
        "estimated_landing_time": 194.0,
        "wait_time": 0,
        "Landing_success_rate": 0.8634
    },
    {
        "model": 2,
        "sequence": 12,
        "status": 1,
        "fuel": 6182,
        "fault": 0.3575,
        "weapon": 1,
        "pilot_injury": 0.8403,
        "pilot_skill": 0.0089,
        "mission_priority": 0.0071,
        "estimated_landing_time": 1134.0,
        "wait_time": 0,
        "Landing_success_rate": 0.8829
    },
    {
        "model": 2,
        "sequence": 22,
        "status": 1,
        "fuel": 5980,
        "fault": 0.6597,
        "weapon": 0,
        "pilot_injury": 0.4693,
        "pilot_skill": 0.9829,
        "mission_priority": 0.8873,
        "estimated_landing_time": 2074.0,
        "wait_time": 0,
        "Landing_success_rate": 0.8623
    },
    {
        "model": 1,
        "sequence": 11,
        "status": 1,
        "fuel": 7466,
        "fault": 0.0193,
        "weapon": 1,
        "pilot_injury": 0.4752,
        "pilot_skill": 0.9936,
        "mission_priority": 0.149,
        "estimated_landing_time": 1040.0,
        "wait_time": 0,
        "Landing_success_rate": 0.9946
    },
    {
        "model": 0,
        "sequence": 24,
        "status": 1,
        "fuel": 7225,
        "fault": 0.4862,
        "weapon": 1,
        "pilot_injury": 0.3879,
        "pilot_skill": 0.8908,
        "mission_priority": 0.5879,
        "estimated_landing_time": 2262.0,
        "wait_time": 0,
        "Landing_success_rate": 0.9165
    },
    {
        "model": 0,
        "sequence": 19,
        "status": 1,
        "fuel": 6376,
        "fault": 0.0438,
        "weapon": 1,
        "pilot_injury": 0.529,
        "pilot_skill": 0.7917,
        "mission_priority": 0.9707,
        "estimated_landing_time": 1792.0,
        "wait_time": 0,
        "Landing_success_rate": 0.9128
    },
    {
        "model": 2,
        "sequence": 7,
        "status": 1,
        "fuel": 6629,
        "fault": 0.9179,
        "weapon": 1,
        "pilot_injury": 0.4873,
        "pilot_skill": 0.1632,
        "mission_priority": 0.0445,
        "estimated_landing_time": 664.0,
        "wait_time": 0,
        "Landing_success_rate": 0.857
    },
    {
        "model": 0,
        "sequence": 16,
        "status": 1,
        "fuel": 6051,
        "fault": 0.8111,
        "weapon": 0,
        "pilot_injury": 0.1298,
        "pilot_skill": 0.2248,
        "mission_priority": 0.0835,
        "estimated_landing_time": 1510.0,
        "wait_time": 0,
        "Landing_success_rate": 0.8578
    },
    {
        "model": 1,
        "sequence": 10,
        "status": 1,
        "fuel": 5921,
        "fault": 0.3962,
        "weapon": 1,
        "pilot_injury": 0.7428,
        "pilot_skill": 0.3326,
        "mission_priority": 0.6721,
        "estimated_landing_time": 946.0,
        "wait_time": 0,
        "Landing_success_rate": 0.8691
    },
    {
        "model": 0,
        "sequence": 14,
        "status": 1,
        "fuel": 6303,
        "fault": 0.4923,
        "weapon": 1,
        "pilot_injury": 0.989,
        "pilot_skill": 0.6452,
        "mission_priority": 0.0534,
        "estimated_landing_time": 1322.0,
        "wait_time": 0,
        "Landing_success_rate": 0.8806
    },
    {
        "model": 2,
        "sequence": 9,
        "status": 1,
        "fuel": 6341,
        "fault": 0.1561,
        "weapon": 0,
        "pilot_injury": 0.5962,
        "pilot_skill": 0.2872,
        "mission_priority": 0.9405,
        "estimated_landing_time": 852.0,
        "wait_time": 0,
        "Landing_success_rate": 0.9032
    },
    {
        "model": 1,
        "sequence": 3,
        "status": 1,
        "fuel": 6138,
        "fault": 0.3623,
        "weapon": 0,
        "pilot_injury": 0.8884,
        "pilot_skill": 0.7698,
        "mission_priority": 0.2867,
        "estimated_landing_time": 288.0,
        "wait_time": 0,
        "Landing_success_rate": 0.8805
    },
    {
        "model": 1,
        "sequence": 18,
        "status": 1,
        "fuel": 7257,
        "fault": 0.4679,
        "weapon": 1,
        "pilot_injury": 0.1808,
        "pilot_skill": 0.163,
        "mission_priority": 0.159,
        "estimated_landing_time": 1698.0,
        "wait_time": 0,
        "Landing_success_rate": 0.9201
    },
    {
        "model": 0,
        "sequence": 20,
        "status": 1,
        "fuel": 7197,
        "fault": 0.6172,
        "weapon": 0,
        "pilot_injury": 0.8376,
        "pilot_skill": 0.8183,
        "mission_priority": 0.1514,
        "estimated_landing_time": 1886.0,
        "wait_time": 0,
        "Landing_success_rate": 0.8987
    },
    {
        "model": 0,
        "sequence": 17,
        "status": 1,
        "fuel": 6921,
        "fault": 0.8776,
        "weapon": 1,
        "pilot_injury": 0.2762,
        "pilot_skill": 0.2274,
        "mission_priority": 0.2506,
        "estimated_landing_time": 1604.0,
        "wait_time": 0,
        "Landing_success_rate": 0.863
    },
    {
        "model": 1,
        "sequence": 8,
        "status": 1,
        "fuel": 6415,
        "fault": 0.2274,
        "weapon": 0,
        "pilot_injury": 0.278,
        "pilot_skill": 0.0225,
        "mission_priority": 0.9082,
        "estimated_landing_time": 758.0,
        "wait_time": 0,
        "Landing_success_rate": 0.903
    },
    {
        "model": 2,
        "sequence": 13,
        "status": 1,
        "fuel": 5519,
        "fault": 0.1282,
        "weapon": 0,
        "pilot_injury": 0.9429,
        "pilot_skill": 0.2935,
        "mission_priority": 0.6747,
        "estimated_landing_time": 1228.0,
        "wait_time": 0,
        "Landing_success_rate": 0.8512
    },
    {
        "model": 2,
        "sequence": 5,
        "status": 1,
        "fuel": 6984,
        "fault": 0.3904,
        "weapon": 0,
        "pilot_injury": 0.8447,
        "pilot_skill": 0.787,
        "mission_priority": 0.2941,
        "estimated_landing_time": 476.0,
        "wait_time": 0,
        "Landing_success_rate": 0.9178
    },
    {
        "model": 0,
        "sequence": 15,
        "status": 1,
        "fuel": 5861,
        "fault": 0.8758,
        "weapon": 0,
        "pilot_injury": 0.7601,
        "pilot_skill": 0.1005,
        "mission_priority": 0.6721,
        "estimated_landing_time": 1416.0,
        "wait_time": 0,
        "Landing_success_rate": 0.8534
    },
    {
        "model": 2,
        "sequence": 21,
        "status": 1,
        "fuel": 7151,
        "fault": 0.2035,
        "weapon": 0,
        "pilot_injury": 0.8622,
        "pilot_skill": 0.0514,
        "mission_priority": 0.6669,
        "estimated_landing_time": 1980.0,
        "wait_time": 0,
        "Landing_success_rate": 0.9486
    },
    {
        "model": 1,
        "sequence": 6,
        "status": 1,
        "fuel": 7250,
        "fault": 0.6524,
        "weapon": 1,
        "pilot_injury": 0.2037,
        "pilot_skill": 0.9247,
        "mission_priority": 0.02,
        "estimated_landing_time": 570.0,
        "wait_time": 0,
        "Landing_success_rate": 0.8956
    },
    {
        "model": 2,
        "sequence": 23,
        "status": 1,
        "fuel": 7014,
        "fault": 0.2654,
        "weapon": 1,
        "pilot_injury": 0.4611,
        "pilot_skill": 0.5366,
        "mission_priority": 0.5347,
        "estimated_landing_time": 2168.0,
        "wait_time": 0,
        "Landing_success_rate": 0.9334
    },
    {
        "model": 1,
        "sequence": 1,
        "status": 1,
        "fuel": 7096,
        "fault": 0.5164,
        "weapon": 1,
        "pilot_injury": 0.0191,
        "pilot_skill": 0.0212,
        "mission_priority": 0.4785,
        "estimated_landing_time": 100.0,
        "wait_time": 0,
        "Landing_success_rate": 0.9079
    }
]