[
    {
        "model": 0,
        "sequence": 24,
        "status": 1,
        "fuel": 7250,
        "fault": 0.5395,
        "weapon": 1,
        "pilot_injury": 0.1279,
        "pilot_skill": 0.8957,
        "mission_priority": 0.4154,
        "estimated_landing_time": 2262.0,
        "wait_time": 0,
        "Landing_success_rate": 0.9104
    },
    {
        "model": 0,
        "sequence": 7,
        "status": 1,
        "fuel": 6271,
        "fault": 0.3643,
        "weapon": 0,
        "pilot_injury": 0.8824,
        "pilot_skill": 0.4901,
        "mission_priority": 0.163,
        "estimated_landing_time": 664.0,
        "wait_time": 0,
        "Landing_success_rate": 0.8868
    },
    {
        "model": 0,
        "sequence": 6,
        "status": 1,
        "fuel": 5939,
        "fault": 0.0027,
        "weapon": 0,
        "pilot_injury": 0.023,
        "pilot_skill": 0.581,
        "mission_priority": 0.2443,
        "estimated_landing_time": 570.0,
        "wait_time": 0,
        "Landing_success_rate": 0.8828
    },
    {
        "model": 2,
        "sequence": 10,
        "status": 1,
        "fuel": 7220,
        "fault": 0.3995,
        "weapon": 1,
        "pilot_injury": 0.3159,
        "pilot_skill": 0.6019,
        "mission_priority": 0.5389,
        "estimated_landing_time": 946.0,
        "wait_time": 0,
        "Landing_success_rate": 0.9275
    },
    {
        "model": 0,
        "sequence": 23,
        "status": 1,
        "fuel": 6580,
        "fault": 0.753,
        "weapon": 1,
        "pilot_injury": 0.9694,
        "pilot_skill": 0.1746,
        "mission_priority": 0.6331,
        "estimated_landing_time": 2168.0,
        "wait_time": 0,
        "Landing_success_rate": 0.87
    },
    {
        "model": 2,
        "sequence": 12,
        "status": 1,
        "fuel": 6206,
        "fault": 0.054,
        "weapon": 0,
        "pilot_injury": 0.0948,
        "pilot_skill": 0.2295,
        "mission_priority": 0.647,
        "estimated_landing_time": 1134.0,
        "wait_time": 0,
        "Landing_success_rate": 0.9001
    },
    {
        "model": 2,
        "sequence": 14,
        "status": 1,
        "fuel": 5696,
        "fault": 0.634,
        "weapon": 0,
        "pilot_injury": 0.1245,
        "pilot_skill": 0.2024,
        "mission_priority": 0.7338,
        "estimated_landing_time": 1322.0,
        "wait_time": 0,
        "Landing_success_rate": 0.8554
    },
    {
        "model": 2,
        "sequence": 16,
        "status": 1,
        "fuel": 6565,
        "fault": 0.9916,
        "weapon": 1,
        "pilot_injury": 0.215,
        "pilot_skill": 0.0202,
        "mission_priority": 0.0954,
        "estimated_landing_time": 1510.0,
        "wait_time": 0,
        "Landing_success_rate": 0.8507
    },
    {
        "model": 0,
        "sequence": 1,
        "status": 1,
        "fuel": 6939,
        "fault": 0.8069,
        "weapon": 1,
        "pilot_injury": 0.8661,
        "pilot_skill": 0.0661,
        "mission_priority": 0.861,
        "estimated_landing_time": 100.0,
        "wait_time": 0,
        "Landing_success_rate": 0.8708
    },
    {
        "model": 1,
        "sequence": 11,
        "status": 1,
        "fuel": 6881,
        "fault": 0.2129,
        "weapon": 0,
        "pilot_injury": 0.0252,
        "pilot_skill": 0.05,
        "mission_priority": 0.5904,
        "estimated_landing_time": 1040.0,
        "wait_time": 0,
        "Landing_success_rate": 0.9315
    },
    {
        "model": 1,
        "sequence": 20,
        "status": 1,
        "fuel": 6421,
        "fault": 0.4354,
        "weapon": 0,
        "pilot_injury": 0.5415,
        "pilot_skill": 0.1747,
        "mission_priority": 0.841,
        "estimated_landing_time": 1886.0,
        "wait_time": 0,
        "Landing_success_rate": 0.889
    },
    {
        "model": 1,
        "sequence": 3,
        "status": 1,
        "fuel": 6497,
        "fault": 0.3535,
        "weapon": 0,
        "pilot_injury": 0.3849,
        "pilot_skill": 0.263,
        "mission_priority": 0.8943,
        "estimated_landing_time": 288.0,
        "wait_time": 0,
        "Landing_success_rate": 0.8983
    },
    {
        "model": 0,
        "sequence": 2,
        "status": 1,
        "fuel": 7010,
        "fault": 0.8185,
        "weapon": 0,
        "pilot_injury": 0.4084,
        "pilot_skill": 0.8869,
        "mission_priority": 0.9177,
        "estimated_landing_time": 194.0,
        "wait_time": 0,
        "Landing_success_rate": 0.8706
    },
    {
        "model": 1,
        "sequence": 22,
        "status": 1,
        "fuel": 7221,
        "fault": 0.5955,
        "weapon": 0,
        "pilot_injury": 0.6477,
        "pilot_skill": 0.9546,
        "mission_priority": 0.6224,
        "estimated_landing_time": 2074.0,
        "wait_time": 0,
        "Landing_success_rate": 0.9022
    },
    {
        "model": 1,
        "sequence": 19,
        "status": 1,
        "fuel": 6520,
        "fault": 0.6897,
        "weapon": 1,
        "pilot_injury": 0.9151,
        "pilot_skill": 0.1126,
        "mission_priority": 0.3588,
        "estimated_landing_time": 1792.0,
        "wait_time": 0,
        "Landing_success_rate": 0.8737
    },
    {
        "model": 0,
        "sequence": 18,
        "status": 1,
        "fuel": 6188,
        "fault": 0.6547,
        "weapon": 1,
        "pilot_injury": 0.2941,
        "pilot_skill": 0.9242,
        "mission_priority": 0.9035,
        "estimated_landing_time": 1698.0,
        "wait_time": 0,
        "Landing_success_rate": 0.8678
    },
    {
        "model": 0,
        "sequence": 13,
        "status": 1,
        "fuel": 6277,
        "fault": 0.0995,
        "weapon": 0,
        "pilot_injury": 0.0783,
        "pilot_skill": 0.4981,
        "mission_priority": 0.7653,
        "estimated_landing_time": 1228.0,
        "wait_time": 0,
        "Landing_success_rate": 0.9025
    },
    {
        "model": 2,
        "sequence": 15,
        "status": 1,
        "fuel": 6300,
        "fault": 0.5546,
        "weapon": 1,
        "pilot_injury": 0.5279,
        "pilot_skill": 0.726,
        "mission_priority": 0.4354,
        "estimated_landing_time": 1416.0,
        "wait_time": 0,
        "Landing_success_rate": 0.8767
    },
    {
        "model": 0,
        "sequence": 17,
        "status": 1,
        "fuel": 6209,
        "fault": 0.109,
        "weapon": 0,
        "pilot_injury": 0.2146,
        "pilot_skill": 0.9033,
        "mission_priority": 0.3294,
        "estimated_landing_time": 1604.0,
        "wait_time": 0,
        "Landing_success_rate": 0.8974
    },
    {
        "model": 1,
        "sequence": 8,
        "status": 1,
        "fuel": 6503,
        "fault": 0.3982,
        "weapon": 0,
        "pilot_injury": 0.4959,
        "pilot_skill": 0.325,
        "mission_priority": 0.996,
        "estimated_landing_time": 758.0,
        "wait_time": 0,
        "Landing_success_rate": 0.8953
    },
    {
        "model": 0,
        "sequence": 5,
        "status": 1,
        "fuel": 6241,
        "fault": 0.6403,
        "weapon": 0,
        "pilot_injury": 0.2673,
        "pilot_skill": 0.7497,
        "mission_priority": 0.8897,
        "estimated_landing_time": 476.0,
        "wait_time": 0,
        "Landing_success_rate": 0.87
    },
    {
        "model": 0,
        "sequence": 4,
        "status": 1,
        "fuel": 6447,
        "fault": 0.7903,
        "weapon": 0,
        "pilot_injury": 0.0633,
        "pilot_skill": 0.6405,
        "mission_priority": 0.7002,
        "estimated_landing_time": 382.0,
        "wait_time": 0,
        "Landing_success_rate": 0.8649
    },
    {
        "model": 1,
        "sequence": 21,
        "status": 1,
        "fuel": 5507,
        "fault": 0.2396,
        "weapon": 1,
        "pilot_injury": 0.9443,
        "pilot_skill": 0.898,
        "mission_priority": 0.245,
        "estimated_landing_time": 1980.0,
        "wait_time": 0,
        "Landing_success_rate": 0.8504
    },
    {
        "model": 1,
        "sequence": 9,
        "status": 1,
        "fuel": 7149,
        "fault": 0.7574,
        "weapon": 0,
        "pilot_injury": 0.1584,
        "pilot_skill": 0.954,
        "mission_priority": 0.1616,
        "estimated_landing_time": 852.0,
        "wait_time": 0,
        "Landing_success_rate": 0.88
    }
]