[
    {
        "model": 1,
        "sequence": 19,
        "status": 1,
        "fuel": 6144,
        "fault": 0.0259,
        "weapon": 0,
        "pilot_injury": 0.8685,
        "pilot_skill": 0.8544,
        "mission_priority": 0.3578,
        "estimated_landing_time": 1792.0,
        "wait_time": 0,
        "Landing_success_rate": 0.897
    },
    {
        "model": 1,
        "sequence": 5,
        "status": 1,
        "fuel": 5687,
        "fault": 0.1243,
        "weapon": 1,
        "pilot_injury": 0.7649,
        "pilot_skill": 0.8909,
        "mission_priority": 0.8319,
        "estimated_landing_time": 476.0,
        "wait_time": 0,
        "Landing_success_rate": 0.8623
    },
    {
        "model": 2,
        "sequence": 4,
        "status": 1,
        "fuel": 5954,
        "fault": 0.7489,
        "weapon": 1,
        "pilot_injury": 0.4747,
        "pilot_skill": 0.2171,
        "mission_priority": 0.773,
        "estimated_landing_time": 382.0,
        "wait_time": 0,
        "Landing_success_rate": 0.8585
    },
    {
        "model": 1,
        "sequence": 7,
        "status": 1,
        "fuel": 6403,
        "fault": 0.9492,
        "weapon": 1,
        "pilot_injury": 0.6809,
        "pilot_skill": 0.5264,
        "mission_priority": 0.7553,
        "estimated_landing_time": 664.0,
        "wait_time": 0,
        "Landing_success_rate": 0.8534
    },
    {
        "model": 1,
        "sequence": 6,
        "status": 1,
        "fuel": 6087,
        "fault": 0.9198,
        "weapon": 0,
        "pilot_injury": 0.2981,
        "pilot_skill": 0.0593,
        "mission_priority": 0.0892,
        "estimated_landing_time": 570.0,
        "wait_time": 0,
        "Landing_success_rate": 0.8535
    },
    {
        "model": 1,
        "sequence": 2,
        "status": 1,
        "fuel": 6456,
        "fault": 0.4167,
        "weapon": 1,
        "pilot_injury": 0.8347,
        "pilot_skill": 0.9859,
        "mission_priority": 0.2428,
        "estimated_landing_time": 194.0,
        "wait_time": 0,
        "Landing_success_rate": 0.8918
    },
    {
        "model": 0,
        "sequence": 13,
        "status": 1,
        "fuel": 7158,
        "fault": 0.1348,
        "weapon": 1,
        "pilot_injury": 0.9428,
        "pilot_skill": 0.1786,
        "mission_priority": 0.836,
        "estimated_landing_time": 1228.0,
        "wait_time": 0,
        "Landing_success_rate": 0.9576
    },
    {
        "model": 0,
        "sequence": 20,
        "status": 1,
        "fuel": 5547,
        "fault": 0.6545,
        "weapon": 1,
        "pilot_injury": 0.1524,
        "pilot_skill": 0.3338,
        "mission_priority": 0.9591,
        "estimated_landing_time": 1886.0,
        "wait_time": 0,
        "Landing_success_rate": 0.8512
    },
    {
        "model": 2,
        "sequence": 16,
        "status": 1,
        "fuel": 6738,
        "fault": 0.1963,
        "weapon": 0,
        "pilot_injury": 0.1899,
        "pilot_skill": 0.9041,
        "mission_priority": 0.5904,
        "estimated_landing_time": 1510.0,
        "wait_time": 0,
        "Landing_success_rate": 0.9246
    },
    {
        "model": 1,
        "sequence": 21,
        "status": 1,
        "fuel": 6635,
        "fault": 0.9563,
        "weapon": 0,
        "pilot_injury": 0.489,
        "pilot_skill": 0.9371,
        "mission_priority": 0.0007,
        "estimated_landing_time": 1980.0,
        "wait_time": 0,
        "Landing_success_rate": 0.8537
    },
    {
        "model": 1,
        "sequence": 9,
        "status": 1,
        "fuel": 6625,
        "fault": 0.1103,
        "weapon": 0,
        "pilot_injury": 0.5265,
        "pilot_skill": 0.991,
        "mission_priority": 0.7843,
        "estimated_landing_time": 852.0,
        "wait_time": 0,
        "Landing_success_rate": 0.9251
    },
    {
        "model": 2,
        "sequence": 23,
        "status": 1,
        "fuel": 6454,
        "fault": 0.8704,
        "weapon": 0,
        "pilot_injury": 0.3372,
        "pilot_skill": 0.1676,
        "mission_priority": 0.5471,
        "estimated_landing_time": 2168.0,
        "wait_time": 0,
        "Landing_success_rate": 0.8593
    },
    {
        "model": 2,
        "sequence": 15,
        "status": 1,
        "fuel": 6113,
        "fault": 0.6124,
        "weapon": 0,
        "pilot_injury": 0.3063,
        "pilot_skill": 0.6751,
        "mission_priority": 0.0236,
        "estimated_landing_time": 1416.0,
        "wait_time": 0,
        "Landing_success_rate": 0.8678
    },
    {
        "model": 0,
        "sequence": 22,
        "status": 1,
        "fuel": 7340,
        "fault": 0.612,
        "weapon": 1,
        "pilot_injury": 0.2052,
        "pilot_skill": 0.0418,
        "mission_priority": 0.9222,
        "estimated_landing_time": 2074.0,
        "wait_time": 0,
        "Landing_success_rate": 0.9035
    },
    {
        "model": 1,
        "sequence": 3,
        "status": 1,
        "fuel": 5744,
        "fault": 0.4353,
        "weapon": 1,
        "pilot_injury": 0.6335,
        "pilot_skill": 0.1201,
        "mission_priority": 0.7514,
        "estimated_landing_time": 288.0,
        "wait_time": 0,
        "Landing_success_rate": 0.8603
    },
    {
        "model": 1,
        "sequence": 18,
        "status": 1,
        "fuel": 5666,
        "fault": 0.431,
        "weapon": 1,
        "pilot_injury": 0.8294,
        "pilot_skill": 0.5724,
        "mission_priority": 0.7729,
        "estimated_landing_time": 1698.0,
        "wait_time": 0,
        "Landing_success_rate": 0.8571
    },
    {
        "model": 1,
        "sequence": 10,
        "status": 1,
        "fuel": 6992,
        "fault": 0.2961,
        "weapon": 1,
        "pilot_injury": 0.6987,
        "pilot_skill": 0.0148,
        "mission_priority": 0.3397,
        "estimated_landing_time": 946.0,
        "wait_time": 0,
        "Landing_success_rate": 0.9288
    },
    {
        "model": 0,
        "sequence": 12,
        "status": 1,
        "fuel": 7161,
        "fault": 0.5318,
        "weapon": 1,
        "pilot_injury": 0.8874,
        "pilot_skill": 0.611,
        "mission_priority": 0.9422,
        "estimated_landing_time": 1134.0,
        "wait_time": 0,
        "Landing_success_rate": 0.9083
    },
    {
        "model": 0,
        "sequence": 1,
        "status": 1,
        "fuel": 6068,
        "fault": 0.2499,
        "weapon": 0,
        "pilot_injury": 0.1972,
        "pilot_skill": 0.7788,
        "mission_priority": 0.6921,
        "estimated_landing_time": 100.0,
        "wait_time": 0,
        "Landing_success_rate": 0.882
    },
    {
        "model": 0,
        "sequence": 14,
        "status": 1,
        "fuel": 5912,
        "fault": 0.247,
        "weapon": 1,
        "pilot_injury": 0.1257,
        "pilot_skill": 0.1145,
        "mission_priority": 0.3756,
        "estimated_landing_time": 1322.0,
        "wait_time": 0,
        "Landing_success_rate": 0.8733
    },
    {
        "model": 1,
        "sequence": 24,
        "status": 1,
        "fuel": 5767,
        "fault": 0.7915,
        "weapon": 0,
        "pilot_injury": 0.8993,
        "pilot_skill": 0.8568,
        "mission_priority": 0.6089,
        "estimated_landing_time": 2262.0,
        "wait_time": 0,
        "Landing_success_rate": 0.8542
    },
    {
        "model": 2,
        "sequence": 11,
        "status": 1,
        "fuel": 7378,
        "fault": 0.6641,
        "weapon": 1,
        "pilot_injury": 0.4063,
        "pilot_skill": 0.0623,
        "mission_priority": 0.4704,
        "estimated_landing_time": 1040.0,
        "wait_time": 0,
        "Landing_success_rate": 0.8973
    },
    {
        "model": 0,
        "sequence": 17,
        "status": 1,
        "fuel": 5509,
        "fault": 0.2642,
        "weapon": 1,
        "pilot_injury": 0.159,
        "pilot_skill": 0.7834,
        "mission_priority": 0.732,
        "estimated_landing_time": 1604.0,
        "wait_time": 0,
        "Landing_success_rate": 0.8505
    },
    {
        "model": 1,
        "sequence": 8,
        "status": 1,
        "fuel": 6612,
        "fault": 0.5395,
        "weapon": 1,
        "pilot_injury": 0.7903,
        "pilot_skill": 0.0077,
        "mission_priority": 0.2752,
        "estimated_landing_time": 758.0,
        "wait_time": 0,
        "Landing_success_rate": 0.8884
    }
]