[
    {
        "model": 1,
        "sequence": 9,
        "status": 1,
        "fuel": 6302,
        "fault": 0.3178,
        "weapon": 0,
        "pilot_injury": 0.631,
        "pilot_skill": 0.4726,
        "mission_priority": 0.2797,
        "estimated_landing_time": 852.0,
        "wait_time": 0,
        "Landing_success_rate": 0.891
    },
    {
        "model": 0,
        "sequence": 7,
        "status": 1,
        "fuel": 6386,
        "fault": 0.0111,
        "weapon": 1,
        "pilot_injury": 0.6894,
        "pilot_skill": 0.6172,
        "mission_priority": 0.084,
        "estimated_landing_time": 664.0,
        "wait_time": 0,
        "Landing_success_rate": 0.9157
    },
    {
        "model": 2,
        "sequence": 11,
        "status": 1,
        "fuel": 6466,
        "fault": 0.7951,
        "weapon": 0,
        "pilot_injury": 0.6908,
        "pilot_skill": 0.1413,
        "mission_priority": 0.5474,
        "estimated_landing_time": 1040.0,
        "wait_time": 0,
        "Landing_success_rate": 0.8648
    },
    {
        "model": 1,
        "sequence": 8,
        "status": 1,
        "fuel": 5879,
        "fault": 0.7493,
        "weapon": 1,
        "pilot_injury": 0.4325,
        "pilot_skill": 0.7933,
        "mission_priority": 0.7966,
        "estimated_landing_time": 758.0,
        "wait_time": 0,
        "Landing_success_rate": 0.8571
    },
    {
        "model": 0,
        "sequence": 12,
        "status": 1,
        "fuel": 7317,
        "fault": 0.7777,
        "weapon": 1,
        "pilot_injury": 0.9991,
        "pilot_skill": 0.3821,
        "mission_priority": 0.0956,
        "estimated_landing_time": 1134.0,
        "wait_time": 0,
        "Landing_success_rate": 0.8803
    },
    {
        "model": 1,
        "sequence": 10,
        "status": 1,
        "fuel": 6948,
        "fault": 0.1891,
        "weapon": 0,
        "pilot_injury": 0.7144,
        "pilot_skill": 0.5321,
        "mission_priority": 0.2691,
        "estimated_landing_time": 946.0,
        "wait_time": 0,
        "Landing_success_rate": 0.9381
    },
    {
        "model": 2,
        "sequence": 2,
        "status": 1,
        "fuel": 6252,
        "fault": 0.5856,
        "weapon": 0,
        "pilot_injury": 0.24,
        "pilot_skill": 0.2673,
        "mission_priority": 0.5428,
        "estimated_landing_time": 194.0,
        "wait_time": 0,
        "Landing_success_rate": 0.8734
    },
    {
        "model": 0,
        "sequence": 14,
        "status": 1,
        "fuel": 6862,
        "fault": 0.9441,
        "weapon": 0,
        "pilot_injury": 0.1764,
        "pilot_skill": 0.3274,
        "mission_priority": 0.0492,
        "estimated_landing_time": 1322.0,
        "wait_time": 0,
        "Landing_success_rate": 0.8557
    },
    {
        "model": 2,
        "sequence": 18,
        "status": 1,
        "fuel": 6492,
        "fault": 0.5291,
        "weapon": 0,
        "pilot_injury": 0.7724,
        "pilot_skill": 0.1696,
        "mission_priority": 0.7915,
        "estimated_landing_time": 1698.0,
        "wait_time": 0,
        "Landing_success_rate": 0.885
    },
    {
        "model": 1,
        "sequence": 1,
        "status": 1,
        "fuel": 5920,
        "fault": 0.8583,
        "weapon": 1,
        "pilot_injury": 0.4504,
        "pilot_skill": 0.9011,
        "mission_priority": 0.2765,
        "estimated_landing_time": 100.0,
        "wait_time": 0,
        "Landing_success_rate": 0.8545
    },
    {
        "model": 1,
        "sequence": 16,
        "status": 1,
        "fuel": 6564,
        "fault": 0.4327,
        "weapon": 1,
        "pilot_injury": 0.8826,
        "pilot_skill": 0.0284,
        "mission_priority": 0.4574,
        "estimated_landing_time": 1510.0,
        "wait_time": 0,
        "Landing_success_rate": 0.8953
    },
    {
        "model": 2,
        "sequence": 19,
        "status": 1,
        "fuel": 6841,
        "fault": 0.1207,
        "weapon": 1,
        "pilot_injury": 0.4409,
        "pilot_skill": 0.589,
        "mission_priority": 0.8617,
        "estimated_landing_time": 1792.0,
        "wait_time": 0,
        "Landing_success_rate": 0.9384
    },
    {
        "model": 1,
        "sequence": 20,
        "status": 1,
        "fuel": 6325,
        "fault": 0.9164,
        "weapon": 0,
        "pilot_injury": 0.8028,
        "pilot_skill": 0.2281,
        "mission_priority": 0.9057,
        "estimated_landing_time": 1886.0,
        "wait_time": 0,
        "Landing_success_rate": 0.8552
    },
    {
        "model": 2,
        "sequence": 22,
        "status": 1,
        "fuel": 6724,
        "fault": 0.3021,
        "weapon": 1,
        "pilot_injury": 0.0207,
        "pilot_skill": 0.7629,
        "mission_priority": 0.8564,
        "estimated_landing_time": 2074.0,
        "wait_time": 0,
        "Landing_success_rate": 0.9141
    },
    {
        "model": 2,
        "sequence": 13,
        "status": 1,
        "fuel": 6570,
        "fault": 0.4608,
        "weapon": 0,
        "pilot_injury": 0.9541,
        "pilot_skill": 0.6562,
        "mission_priority": 0.1676,
        "estimated_landing_time": 1228.0,
        "wait_time": 0,
        "Landing_success_rate": 0.8933
    },
    {
        "model": 2,
        "sequence": 6,
        "status": 1,
        "fuel": 5527,
        "fault": 0.0772,
        "weapon": 0,
        "pilot_injury": 0.6212,
        "pilot_skill": 0.4075,
        "mission_priority": 0.151,
        "estimated_landing_time": 570.0,
        "wait_time": 0,
        "Landing_success_rate": 0.8519
    },
    {
        "model": 1,
        "sequence": 17,
        "status": 1,
        "fuel": 5956,
        "fault": 0.0705,
        "weapon": 1,
        "pilot_injury": 0.5659,
        "pilot_skill": 0.6001,
        "mission_priority": 0.5554,
        "estimated_landing_time": 1604.0,
        "wait_time": 0,
        "Landing_success_rate": 0.8818
    },
    {
        "model": 2,
        "sequence": 23,
        "status": 1,
        "fuel": 7230,
        "fault": 0.4538,
        "weapon": 1,
        "pilot_injury": 0.5661,
        "pilot_skill": 0.4037,
        "mission_priority": 0.0521,
        "estimated_landing_time": 2168.0,
        "wait_time": 0,
        "Landing_success_rate": 0.9209
    },
    {
        "model": 1,
        "sequence": 15,
        "status": 1,
        "fuel": 6597,
        "fault": 0.0474,
        "weapon": 1,
        "pilot_injury": 0.7912,
        "pilot_skill": 0.5134,
        "mission_priority": 0.9321,
        "estimated_landing_time": 1416.0,
        "wait_time": 0,
        "Landing_success_rate": 0.9284
    },
    {
        "model": 2,
        "sequence": 3,
        "status": 1,
        "fuel": 6814,
        "fault": 0.6701,
        "weapon": 0,
        "pilot_injury": 0.1689,
        "pilot_skill": 0.221,
        "mission_priority": 0.1601,
        "estimated_landing_time": 288.0,
        "wait_time": 0,
        "Landing_success_rate": 0.8825
    },
    {
        "model": 1,
        "sequence": 5,
        "status": 1,
        "fuel": 6121,
        "fault": 0.3355,
        "weapon": 0,
        "pilot_injury": 0.7593,
        "pilot_skill": 0.0962,
        "mission_priority": 0.4959,
        "estimated_landing_time": 476.0,
        "wait_time": 0,
        "Landing_success_rate": 0.8809
    },
    {
        "model": 0,
        "sequence": 4,
        "status": 1,
        "fuel": 5782,
        "fault": 0.6365,
        "weapon": 0,
        "pilot_injury": 0.3012,
        "pilot_skill": 0.4758,
        "mission_priority": 0.5166,
        "estimated_landing_time": 382.0,
        "wait_time": 0,
        "Landing_success_rate": 0.8577
    },
    {
        "model": 2,
        "sequence": 21,
        "status": 1,
        "fuel": 5510,
        "fault": 0.9545,
        "weapon": 1,
        "pilot_injury": 0.9451,
        "pilot_skill": 0.3388,
        "mission_priority": 0.8951,
        "estimated_landing_time": 1980.0,
        "wait_time": 0,
        "Landing_success_rate": 0.85
    },
    {
        "model": 0,
        "sequence": 24,
        "status": 1,
        "fuel": 6360,
        "fault": 0.8493,
        "weapon": 1,
        "pilot_injury": 0.4963,
        "pilot_skill": 0.8699,
        "mission_priority": 0.4927,
        "estimated_landing_time": 2262.0,
        "wait_time": 0,
        "Landing_success_rate": 0.8597
    }
]