[
    {
        "model": 0,
        "sequence": 1,
        "status": 1,
        "fuel": 6759,
        "fault": 0.7215,
        "weapon": 0,
        "pilot_injury": 0.0043,
        "pilot_skill": 0.8612,
        "mission_priority": 0.7239,
        "estimated_landing_time": 100.0,
        "wait_time": 0,
        "Landing_success_rate": 0.8763
    },
    {
        "model": 1,
        "sequence": 18,
        "status": 1,
        "fuel": 6553,
        "fault": 0.1842,
        "weapon": 1,
        "pilot_injury": 0.3316,
        "pilot_skill": 0.4106,
        "mission_priority": 0.6015,
        "estimated_landing_time": 1698.0,
        "wait_time": 0,
        "Landing_success_rate": 0.9144
    },
    {
        "model": 0,
        "sequence": 17,
        "status": 1,
        "fuel": 5518,
        "fault": 0.207,
        "weapon": 1,
        "pilot_injury": 0.6724,
        "pilot_skill": 0.834,
        "mission_priority": 0.3265,
        "estimated_landing_time": 1604.0,
        "wait_time": 0,
        "Landing_success_rate": 0.8511
    },
    {
        "model": 1,
        "sequence": 3,
        "status": 1,
        "fuel": 6017,
        "fault": 0.745,
        "weapon": 0,
        "pilot_injury": 0.2844,
        "pilot_skill": 0.6525,
        "mission_priority": 0.1347,
        "estimated_landing_time": 288.0,
        "wait_time": 0,
        "Landing_success_rate": 0.8599
    },
    {
        "model": 1,
        "sequence": 16,
        "status": 1,
        "fuel": 6372,
        "fault": 0.4946,
        "weapon": 1,
        "pilot_injury": 0.9736,
        "pilot_skill": 0.2469,
        "mission_priority": 0.7139,
        "estimated_landing_time": 1510.0,
        "wait_time": 0,
        "Landing_success_rate": 0.8831
    },
    {
        "model": 0,
        "sequence": 13,
        "status": 1,
        "fuel": 5592,
        "fault": 0.12,
        "weapon": 1,
        "pilot_injury": 0.3889,
        "pilot_skill": 0.9717,
        "mission_priority": 0.0824,
        "estimated_landing_time": 1228.0,
        "wait_time": 0,
        "Landing_success_rate": 0.8561
    },
    {
        "model": 2,
        "sequence": 2,
        "status": 1,
        "fuel": 5854,
        "fault": 0.5544,
        "weapon": 0,
        "pilot_injury": 0.8665,
        "pilot_skill": 0.8424,
        "mission_priority": 0.8619,
        "estimated_landing_time": 194.0,
        "wait_time": 0,
        "Landing_success_rate": 0.8618
    },
    {
        "model": 0,
        "sequence": 14,
        "status": 1,
        "fuel": 7324,
        "fault": 0.3169,
        "weapon": 1,
        "pilot_injury": 0.4608,
        "pilot_skill": 0.9393,
        "mission_priority": 0.385,
        "estimated_landing_time": 1322.0,
        "wait_time": 0,
        "Landing_success_rate": 0.9434
    },
    {
        "model": 1,
        "sequence": 15,
        "status": 1,
        "fuel": 5719,
        "fault": 0.1284,
        "weapon": 1,
        "pilot_injury": 0.8209,
        "pilot_skill": 0.7384,
        "mission_priority": 0.0354,
        "estimated_landing_time": 1416.0,
        "wait_time": 0,
        "Landing_success_rate": 0.8643
    },
    {
        "model": 1,
        "sequence": 7,
        "status": 1,
        "fuel": 7201,
        "fault": 0.8362,
        "weapon": 1,
        "pilot_injury": 0.5332,
        "pilot_skill": 0.8389,
        "mission_priority": 0.8296,
        "estimated_landing_time": 664.0,
        "wait_time": 0,
        "Landing_success_rate": 0.8709
    },
    {
        "model": 1,
        "sequence": 21,
        "status": 1,
        "fuel": 5955,
        "fault": 0.2235,
        "weapon": 0,
        "pilot_injury": 0.1838,
        "pilot_skill": 0.508,
        "mission_priority": 0.5162,
        "estimated_landing_time": 1980.0,
        "wait_time": 0,
        "Landing_success_rate": 0.8765
    },
    {
        "model": 0,
        "sequence": 12,
        "status": 1,
        "fuel": 6195,
        "fault": 0.6516,
        "weapon": 0,
        "pilot_injury": 0.8722,
        "pilot_skill": 0.5179,
        "mission_priority": 0.7047,
        "estimated_landing_time": 1134.0,
        "wait_time": 0,
        "Landing_success_rate": 0.8682
    },
    {
        "model": 2,
        "sequence": 22,
        "status": 1,
        "fuel": 5590,
        "fault": 0.1456,
        "weapon": 1,
        "pilot_injury": 0.0926,
        "pilot_skill": 0.9314,
        "mission_priority": 0.4359,
        "estimated_landing_time": 2074.0,
        "wait_time": 0,
        "Landing_success_rate": 0.8558
    },
    {
        "model": 2,
        "sequence": 8,
        "status": 1,
        "fuel": 6398,
        "fault": 0.1281,
        "weapon": 1,
        "pilot_injury": 0.7993,
        "pilot_skill": 0.0349,
        "mission_priority": 0.9354,
        "estimated_landing_time": 758.0,
        "wait_time": 0,
        "Landing_success_rate": 0.9087
    },
    {
        "model": 1,
        "sequence": 11,
        "status": 1,
        "fuel": 6025,
        "fault": 0.3113,
        "weapon": 0,
        "pilot_injury": 0.4671,
        "pilot_skill": 0.7963,
        "mission_priority": 0.5752,
        "estimated_landing_time": 1040.0,
        "wait_time": 0,
        "Landing_success_rate": 0.8771
    },
    {
        "model": 1,
        "sequence": 23,
        "status": 1,
        "fuel": 6910,
        "fault": 0.7849,
        "weapon": 0,
        "pilot_injury": 0.0584,
        "pilot_skill": 0.8592,
        "mission_priority": 0.8343,
        "estimated_landing_time": 2168.0,
        "wait_time": 0,
        "Landing_success_rate": 0.8727
    },
    {
        "model": 2,
        "sequence": 24,
        "status": 1,
        "fuel": 6875,
        "fault": 0.9038,
        "weapon": 0,
        "pilot_injury": 0.4274,
        "pilot_skill": 0.9445,
        "mission_priority": 0.2619,
        "estimated_landing_time": 2262.0,
        "wait_time": 0,
        "Landing_success_rate": 0.8599
    },
    {
        "model": 1,
        "sequence": 9,
        "status": 1,
        "fuel": 6224,
        "fault": 0.4334,
        "weapon": 0,
        "pilot_injury": 0.2615,
        "pilot_skill": 0.5984,
        "mission_priority": 0.5976,
        "estimated_landing_time": 852.0,
        "wait_time": 0,
        "Landing_success_rate": 0.8808
    },
    {
        "model": 1,
        "sequence": 4,
        "status": 1,
        "fuel": 6961,
        "fault": 0.6173,
        "weapon": 1,
        "pilot_injury": 0.7547,
        "pilot_skill": 0.7111,
        "mission_priority": 0.6809,
        "estimated_landing_time": 382.0,
        "wait_time": 0,
        "Landing_success_rate": 0.8919
    },
    {
        "model": 1,
        "sequence": 10,
        "status": 1,
        "fuel": 6352,
        "fault": 0.7575,
        "weapon": 0,
        "pilot_injury": 0.9108,
        "pilot_skill": 0.4826,
        "mission_priority": 0.418,
        "estimated_landing_time": 946.0,
        "wait_time": 0,
        "Landing_success_rate": 0.8655
    },
    {
        "model": 1,
        "sequence": 6,
        "status": 1,
        "fuel": 5779,
        "fault": 0.6434,
        "weapon": 0,
        "pilot_injury": 0.8261,
        "pilot_skill": 0.4415,
        "mission_priority": 0.6215,
        "estimated_landing_time": 570.0,
        "wait_time": 0,
        "Landing_success_rate": 0.8575
    },
    {
        "model": 2,
        "sequence": 19,
        "status": 1,
        "fuel": 6061,
        "fault": 0.3289,
        "weapon": 1,
        "pilot_injury": 0.1062,
        "pilot_skill": 0.2172,
        "mission_priority": 0.2026,
        "estimated_landing_time": 1792.0,
        "wait_time": 0,
        "Landing_success_rate": 0.8782
    },
    {
        "model": 2,
        "sequence": 5,
        "status": 1,
        "fuel": 5571,
        "fault": 0.532,
        "weapon": 1,
        "pilot_injury": 0.1168,
        "pilot_skill": 0.0389,
        "mission_priority": 0.5659,
        "estimated_landing_time": 476.0,
        "wait_time": 0,
        "Landing_success_rate": 0.8525
    },
    {
        "model": 2,
        "sequence": 20,
        "status": 1,
        "fuel": 6938,
        "fault": 0.4104,
        "weapon": 0,
        "pilot_injury": 0.1707,
        "pilot_skill": 0.1174,
        "mission_priority": 0.889,
        "estimated_landing_time": 1886.0,
        "wait_time": 0,
        "Landing_success_rate": 0.9136
    }
]