[
    {
        "model": 0,
        "sequence": 24,
        "status": 1,
        "fuel": 6968,
        "fault": 0.5029,
        "weapon": 0,
        "pilot_injury": 0.4718,
        "pilot_skill": 0.5112,
        "mission_priority": 0.7283,
        "estimated_landing_time": 2262.0,
        "wait_time": 0,
        "Landing_success_rate": 0.9047
    },
    {
        "model": 2,
        "sequence": 10,
        "status": 1,
        "fuel": 5696,
        "fault": 0.1934,
        "weapon": 1,
        "pilot_injury": 0.6107,
        "pilot_skill": 0.5088,
        "mission_priority": 0.9515,
        "estimated_landing_time": 946.0,
        "wait_time": 0,
        "Landing_success_rate": 0.8619
    },
    {
        "model": 0,
        "sequence": 4,
        "status": 1,
        "fuel": 6209,
        "fault": 0.6276,
        "weapon": 1,
        "pilot_injury": 0.6169,
        "pilot_skill": 0.6199,
        "mission_priority": 0.0597,
        "estimated_landing_time": 382.0,
        "wait_time": 0,
        "Landing_success_rate": 0.8698
    },
    {
        "model": 0,
        "sequence": 14,
        "status": 1,
        "fuel": 7249,
        "fault": 0.2872,
        "weapon": 0,
        "pilot_injury": 0.68,
        "pilot_skill": 0.7354,
        "mission_priority": 0.2093,
        "estimated_landing_time": 1322.0,
        "wait_time": 0,
        "Landing_success_rate": 0.9435
    },
    {
        "model": 2,
        "sequence": 9,
        "status": 1,
        "fuel": 5811,
        "fault": 0.9584,
        "weapon": 0,
        "pilot_injury": 0.263,
        "pilot_skill": 0.2998,
        "mission_priority": 0.2635,
        "estimated_landing_time": 852.0,
        "wait_time": 0,
        "Landing_success_rate": 0.851
    },
    {
        "model": 0,
        "sequence": 6,
        "status": 1,
        "fuel": 6140,
        "fault": 0.0392,
        "weapon": 1,
        "pilot_injury": 0.9387,
        "pilot_skill": 0.2737,
        "mission_priority": 0.3192,
        "estimated_landing_time": 570.0,
        "wait_time": 0,
        "Landing_success_rate": 0.8961
    },
    {
        "model": 1,
        "sequence": 11,
        "status": 1,
        "fuel": 7483,
        "fault": 0.796,
        "weapon": 0,
        "pilot_injury": 0.2509,
        "pilot_skill": 0.402,
        "mission_priority": 0.4956,
        "estimated_landing_time": 1040.0,
        "wait_time": 0,
        "Landing_success_rate": 0.8803
    },
    {
        "model": 2,
        "sequence": 7,
        "status": 1,
        "fuel": 6807,
        "fault": 0.6906,
        "weapon": 1,
        "pilot_injury": 0.5564,
        "pilot_skill": 0.7286,
        "mission_priority": 0.2412,
        "estimated_landing_time": 664.0,
        "wait_time": 0,
        "Landing_success_rate": 0.8803
    },
    {
        "model": 1,
        "sequence": 2,
        "status": 1,
        "fuel": 5714,
        "fault": 0.6822,
        "weapon": 1,
        "pilot_injury": 0.111,
        "pilot_skill": 0.7562,
        "mission_priority": 0.2401,
        "estimated_landing_time": 194.0,
        "wait_time": 0,
        "Landing_success_rate": 0.8551
    },
    {
        "model": 0,
        "sequence": 22,
        "status": 1,
        "fuel": 6336,
        "fault": 0.3981,
        "weapon": 0,
        "pilot_injury": 0.0438,
        "pilot_skill": 0.729,
        "mission_priority": 0.6433,
        "estimated_landing_time": 2074.0,
        "wait_time": 0,
        "Landing_success_rate": 0.8877
    },
    {
        "model": 0,
        "sequence": 19,
        "status": 1,
        "fuel": 7121,
        "fault": 0.3441,
        "weapon": 1,
        "pilot_injury": 0.8465,
        "pilot_skill": 0.6185,
        "mission_priority": 0.9068,
        "estimated_landing_time": 1792.0,
        "wait_time": 0,
        "Landing_success_rate": 0.9297
    },
    {
        "model": 1,
        "sequence": 15,
        "status": 1,
        "fuel": 5598,
        "fault": 0.1518,
        "weapon": 0,
        "pilot_injury": 0.5415,
        "pilot_skill": 0.8416,
        "mission_priority": 0.7438,
        "estimated_landing_time": 1416.0,
        "wait_time": 0,
        "Landing_success_rate": 0.8562
    },
    {
        "model": 0,
        "sequence": 23,
        "status": 1,
        "fuel": 6641,
        "fault": 0.2328,
        "weapon": 0,
        "pilot_injury": 0.3373,
        "pilot_skill": 0.4231,
        "mission_priority": 0.0111,
        "estimated_landing_time": 2168.0,
        "wait_time": 0,
        "Landing_success_rate": 0.9157
    },
    {
        "model": 0,
        "sequence": 16,
        "status": 1,
        "fuel": 6266,
        "fault": 0.6154,
        "weapon": 1,
        "pilot_injury": 0.9396,
        "pilot_skill": 0.281,
        "mission_priority": 0.4961,
        "estimated_landing_time": 1510.0,
        "wait_time": 0,
        "Landing_success_rate": 0.8721
    },
    {
        "model": 2,
        "sequence": 18,
        "status": 1,
        "fuel": 5981,
        "fault": 0.7243,
        "weapon": 1,
        "pilot_injury": 0.5356,
        "pilot_skill": 0.4599,
        "mission_priority": 0.9468,
        "estimated_landing_time": 1698.0,
        "wait_time": 0,
        "Landing_success_rate": 0.8599
    },
    {
        "model": 2,
        "sequence": 1,
        "status": 1,
        "fuel": 6706,
        "fault": 0.2516,
        "weapon": 0,
        "pilot_injury": 0.5541,
        "pilot_skill": 0.0539,
        "mission_priority": 0.5265,
        "estimated_landing_time": 100.0,
        "wait_time": 0,
        "Landing_success_rate": 0.9177
    },
    {
        "model": 1,
        "sequence": 5,
        "status": 1,
        "fuel": 6748,
        "fault": 0.4023,
        "weapon": 0,
        "pilot_injury": 0.6436,
        "pilot_skill": 0.7113,
        "mission_priority": 0.3992,
        "estimated_landing_time": 476.0,
        "wait_time": 0,
        "Landing_success_rate": 0.9059
    },
    {
        "model": 0,
        "sequence": 20,
        "status": 1,
        "fuel": 6628,
        "fault": 0.8802,
        "weapon": 0,
        "pilot_injury": 0.5522,
        "pilot_skill": 0.0249,
        "mission_priority": 0.5474,
        "estimated_landing_time": 1886.0,
        "wait_time": 0,
        "Landing_success_rate": 0.8601
    },
    {
        "model": 1,
        "sequence": 13,
        "status": 1,
        "fuel": 5809,
        "fault": 0.4907,
        "weapon": 0,
        "pilot_injury": 0.3033,
        "pilot_skill": 0.4921,
        "mission_priority": 0.8818,
        "estimated_landing_time": 1228.0,
        "wait_time": 0,
        "Landing_success_rate": 0.8618
    },
    {
        "model": 0,
        "sequence": 12,
        "status": 1,
        "fuel": 5947,
        "fault": 0.2917,
        "weapon": 0,
        "pilot_injury": 0.6266,
        "pilot_skill": 0.8954,
        "mission_priority": 0.4797,
        "estimated_landing_time": 1134.0,
        "wait_time": 0,
        "Landing_success_rate": 0.8737
    },
    {
        "model": 2,
        "sequence": 8,
        "status": 1,
        "fuel": 7486,
        "fault": 0.0019,
        "weapon": 1,
        "pilot_injury": 0.7547,
        "pilot_skill": 0.4331,
        "mission_priority": 0.3053,
        "estimated_landing_time": 758.0,
        "wait_time": 0,
        "Landing_success_rate": 0.9987
    },
    {
        "model": 2,
        "sequence": 21,
        "status": 1,
        "fuel": 6525,
        "fault": 0.1394,
        "weapon": 1,
        "pilot_injury": 0.6804,
        "pilot_skill": 0.4644,
        "mission_priority": 0.595,
        "estimated_landing_time": 1980.0,
        "wait_time": 0,
        "Landing_success_rate": 0.9162
    },
    {
        "model": 0,
        "sequence": 17,
        "status": 1,
        "fuel": 6692,
        "fault": 0.072,
        "weapon": 1,
        "pilot_injury": 0.4972,
        "pilot_skill": 0.5557,
        "mission_priority": 0.2802,
        "estimated_landing_time": 1604.0,
        "wait_time": 0,
        "Landing_success_rate": 0.933
    },
    {
        "model": 2,
        "sequence": 3,
        "status": 1,
        "fuel": 6101,
        "fault": 0.5143,
        "weapon": 0,
        "pilot_injury": 0.2572,
        "pilot_skill": 0.8612,
        "mission_priority": 0.9949,
        "estimated_landing_time": 288.0,
        "wait_time": 0,
        "Landing_success_rate": 0.8719
    }
]