[
    {
        "model": 1,
        "sequence": 24,
        "status": 1,
        "fuel": 5803,
        "fault": 0.6645,
        "weapon": 1,
        "pilot_injury": 0.1213,
        "pilot_skill": 0.9244,
        "mission_priority": 0.9402,
        "estimated_landing_time": 2262.0,
        "wait_time": 0,
        "Landing_success_rate": 0.8576
    },
    {
        "model": 2,
        "sequence": 19,
        "status": 1,
        "fuel": 7075,
        "fault": 0.4003,
        "weapon": 1,
        "pilot_injury": 0.5367,
        "pilot_skill": 0.8167,
        "mission_priority": 0.358,
        "estimated_landing_time": 1792.0,
        "wait_time": 0,
        "Landing_success_rate": 0.9208
    },
    {
        "model": 0,
        "sequence": 10,
        "status": 1,
        "fuel": 6057,
        "fault": 0.826,
        "weapon": 1,
        "pilot_injury": 0.3072,
        "pilot_skill": 0.9932,
        "mission_priority": 0.5839,
        "estimated_landing_time": 946.0,
        "wait_time": 0,
        "Landing_success_rate": 0.8573
    },
    {
        "model": 1,
        "sequence": 20,
        "status": 1,
        "fuel": 6107,
        "fault": 0.093,
        "weapon": 1,
        "pilot_injury": 0.8576,
        "pilot_skill": 0.4291,
        "mission_priority": 0.7935,
        "estimated_landing_time": 1886.0,
        "wait_time": 0,
        "Landing_success_rate": 0.8913
    },
    {
        "model": 0,
        "sequence": 23,
        "status": 1,
        "fuel": 7321,
        "fault": 0.2456,
        "weapon": 1,
        "pilot_injury": 0.5018,
        "pilot_skill": 0.384,
        "mission_priority": 0.1548,
        "estimated_landing_time": 2168.0,
        "wait_time": 0,
        "Landing_success_rate": 0.953
    },
    {
        "model": 2,
        "sequence": 17,
        "status": 1,
        "fuel": 5671,
        "fault": 0.3237,
        "weapon": 0,
        "pilot_injury": 0.702,
        "pilot_skill": 0.7822,
        "mission_priority": 0.4714,
        "estimated_landing_time": 1604.0,
        "wait_time": 0,
        "Landing_success_rate": 0.8587
    },
    {
        "model": 0,
        "sequence": 22,
        "status": 1,
        "fuel": 7308,
        "fault": 0.0284,
        "weapon": 0,
        "pilot_injury": 0.7148,
        "pilot_skill": 0.584,
        "mission_priority": 0.8823,
        "estimated_landing_time": 2074.0,
        "wait_time": 0,
        "Landing_success_rate": 0.9817
    },
    {
        "model": 1,
        "sequence": 13,
        "status": 1,
        "fuel": 5733,
        "fault": 0.5789,
        "weapon": 1,
        "pilot_injury": 0.8098,
        "pilot_skill": 0.0271,
        "mission_priority": 0.8138,
        "estimated_landing_time": 1228.0,
        "wait_time": 0,
        "Landing_success_rate": 0.8574
    },
    {
        "model": 2,
        "sequence": 6,
        "status": 1,
        "fuel": 6277,
        "fault": 0.4168,
        "weapon": 0,
        "pilot_injury": 0.2269,
        "pilot_skill": 0.0096,
        "mission_priority": 0.1503,
        "estimated_landing_time": 570.0,
        "wait_time": 0,
        "Landing_success_rate": 0.884
    },
    {
        "model": 2,
        "sequence": 9,
        "status": 1,
        "fuel": 6567,
        "fault": 0.6106,
        "weapon": 0,
        "pilot_injury": 0.8715,
        "pilot_skill": 0.6836,
        "mission_priority": 0.0868,
        "estimated_landing_time": 852.0,
        "wait_time": 0,
        "Landing_success_rate": 0.8812
    },
    {
        "model": 2,
        "sequence": 16,
        "status": 1,
        "fuel": 7032,
        "fault": 0.7471,
        "weapon": 1,
        "pilot_injury": 0.5824,
        "pilot_skill": 0.8669,
        "mission_priority": 0.8959,
        "estimated_landing_time": 1510.0,
        "wait_time": 0,
        "Landing_success_rate": 0.8791
    },
    {
        "model": 2,
        "sequence": 4,
        "status": 1,
        "fuel": 6561,
        "fault": 0.9713,
        "weapon": 1,
        "pilot_injury": 0.1993,
        "pilot_skill": 0.2766,
        "mission_priority": 0.6028,
        "estimated_landing_time": 382.0,
        "wait_time": 0,
        "Landing_success_rate": 0.8523
    },
    {
        "model": 2,
        "sequence": 7,
        "status": 1,
        "fuel": 5622,
        "fault": 0.4545,
        "weapon": 0,
        "pilot_injury": 0.9114,
        "pilot_skill": 0.9563,
        "mission_priority": 0.0052,
        "estimated_landing_time": 664.0,
        "wait_time": 0,
        "Landing_success_rate": 0.855
    },
    {
        "model": 2,
        "sequence": 5,
        "status": 1,
        "fuel": 6933,
        "fault": 0.7975,
        "weapon": 1,
        "pilot_injury": 0.5257,
        "pilot_skill": 0.4489,
        "mission_priority": 0.9188,
        "estimated_landing_time": 476.0,
        "wait_time": 0,
        "Landing_success_rate": 0.8718
    },
    {
        "model": 2,
        "sequence": 2,
        "status": 1,
        "fuel": 5861,
        "fault": 0.1819,
        "weapon": 0,
        "pilot_injury": 0.2966,
        "pilot_skill": 0.6412,
        "mission_priority": 0.3232,
        "estimated_landing_time": 194.0,
        "wait_time": 0,
        "Landing_success_rate": 0.8722
    },
    {
        "model": 1,
        "sequence": 15,
        "status": 1,
        "fuel": 6768,
        "fault": 0.0118,
        "weapon": 1,
        "pilot_injury": 0.1813,
        "pilot_skill": 0.6639,
        "mission_priority": 0.8983,
        "estimated_landing_time": 1416.0,
        "wait_time": 0,
        "Landing_success_rate": 0.944
    },
    {
        "model": 0,
        "sequence": 3,
        "status": 1,
        "fuel": 6307,
        "fault": 0.132,
        "weapon": 0,
        "pilot_injury": 0.5185,
        "pilot_skill": 0.7677,
        "mission_priority": 0.4469,
        "estimated_landing_time": 288.0,
        "wait_time": 0,
        "Landing_success_rate": 0.9025
    },
    {
        "model": 0,
        "sequence": 8,
        "status": 1,
        "fuel": 6680,
        "fault": 0.3357,
        "weapon": 1,
        "pilot_injury": 0.2852,
        "pilot_skill": 0.0378,
        "mission_priority": 0.5315,
        "estimated_landing_time": 758.0,
        "wait_time": 0,
        "Landing_success_rate": 0.9088
    },
    {
        "model": 0,
        "sequence": 1,
        "status": 1,
        "fuel": 6658,
        "fault": 0.4272,
        "weapon": 1,
        "pilot_injury": 0.1217,
        "pilot_skill": 0.347,
        "mission_priority": 0.899,
        "estimated_landing_time": 100.0,
        "wait_time": 0,
        "Landing_success_rate": 0.8997
    },
    {
        "model": 2,
        "sequence": 14,
        "status": 1,
        "fuel": 6724,
        "fault": 0.193,
        "weapon": 1,
        "pilot_injury": 0.0543,
        "pilot_skill": 0.5198,
        "mission_priority": 0.6676,
        "estimated_landing_time": 1322.0,
        "wait_time": 0,
        "Landing_success_rate": 0.9241
    },
    {
        "model": 0,
        "sequence": 18,
        "status": 1,
        "fuel": 7000,
        "fault": 0.3846,
        "weapon": 0,
        "pilot_injury": 0.9151,
        "pilot_skill": 0.9931,
        "mission_priority": 0.3603,
        "estimated_landing_time": 1698.0,
        "wait_time": 0,
        "Landing_success_rate": 0.9192
    },
    {
        "model": 0,
        "sequence": 21,
        "status": 1,
        "fuel": 6152,
        "fault": 0.4709,
        "weapon": 1,
        "pilot_injury": 0.7491,
        "pilot_skill": 0.9478,
        "mission_priority": 0.155,
        "estimated_landing_time": 1980.0,
        "wait_time": 0,
        "Landing_success_rate": 0.8759
    },
    {
        "model": 0,
        "sequence": 12,
        "status": 1,
        "fuel": 5712,
        "fault": 0.4495,
        "weapon": 0,
        "pilot_injury": 0.7984,
        "pilot_skill": 0.6666,
        "mission_priority": 0.5223,
        "estimated_landing_time": 1134.0,
        "wait_time": 0,
        "Landing_success_rate": 0.8588
    },
    {
        "model": 2,
        "sequence": 11,
        "status": 1,
        "fuel": 6461,
        "fault": 0.0855,
        "weapon": 0,
        "pilot_injury": 0.9495,
        "pilot_skill": 0.2013,
        "mission_priority": 0.4417,
        "estimated_landing_time": 1040.0,
        "wait_time": 0,
        "Landing_success_rate": 0.9159
    }
]