[
    {
        "model": 2,
        "sequence": 19,
        "status": 1,
        "fuel": 6294,
        "fault": 0.137,
        "weapon": 1,
        "pilot_injury": 0.6977,
        "pilot_skill": 0.3602,
        "mission_priority": 0.7689,
        "estimated_landing_time": 1792.0,
        "wait_time": 0,
        "Landing_success_rate": 0.9014
    },
    {
        "model": 1,
        "sequence": 11,
        "status": 1,
        "fuel": 6755,
        "fault": 0.4304,
        "weapon": 0,
        "pilot_injury": 0.279,
        "pilot_skill": 0.8027,
        "mission_priority": 0.2518,
        "estimated_landing_time": 1040.0,
        "wait_time": 0,
        "Landing_success_rate": 0.9036
    },
    {
        "model": 0,
        "sequence": 4,
        "status": 1,
        "fuel": 5535,
        "fault": 0.2425,
        "weapon": 0,
        "pilot_injury": 0.689,
        "pilot_skill": 0.3713,
        "mission_priority": 0.5914,
        "estimated_landing_time": 382.0,
        "wait_time": 0,
        "Landing_success_rate": 0.852
    },
    {
        "model": 0,
        "sequence": 22,
        "status": 1,
        "fuel": 7183,
        "fault": 0.3469,
        "weapon": 0,
        "pilot_injury": 0.9921,
        "pilot_skill": 0.6984,
        "mission_priority": 0.3194,
        "estimated_landing_time": 2074.0,
        "wait_time": 0,
        "Landing_success_rate": 0.9324
    },
    {
        "model": 1,
        "sequence": 8,
        "status": 1,
        "fuel": 6093,
        "fault": 0.7496,
        "weapon": 1,
        "pilot_injury": 0.647,
        "pilot_skill": 0.6,
        "mission_priority": 0.9546,
        "estimated_landing_time": 758.0,
        "wait_time": 0,
        "Landing_success_rate": 0.8611
    },
    {
        "model": 2,
        "sequence": 10,
        "status": 1,
        "fuel": 5997,
        "fault": 0.6745,
        "weapon": 0,
        "pilot_injury": 0.7602,
        "pilot_skill": 0.288,
        "mission_priority": 0.0164,
        "estimated_landing_time": 946.0,
        "wait_time": 0,
        "Landing_success_rate": 0.8621
    },
    {
        "model": 1,
        "sequence": 24,
        "status": 1,
        "fuel": 7324,
        "fault": 0.8107,
        "weapon": 1,
        "pilot_injury": 0.9619,
        "pilot_skill": 0.0221,
        "mission_priority": 0.5219,
        "estimated_landing_time": 2262.0,
        "wait_time": 0,
        "Landing_success_rate": 0.8759
    },
    {
        "model": 0,
        "sequence": 3,
        "status": 1,
        "fuel": 5986,
        "fault": 0.7898,
        "weapon": 0,
        "pilot_injury": 0.7222,
        "pilot_skill": 0.8413,
        "mission_priority": 0.1857,
        "estimated_landing_time": 288.0,
        "wait_time": 0,
        "Landing_success_rate": 0.8577
    },
    {
        "model": 2,
        "sequence": 20,
        "status": 1,
        "fuel": 7426,
        "fault": 0.6512,
        "weapon": 0,
        "pilot_injury": 0.3439,
        "pilot_skill": 0.3997,
        "mission_priority": 0.3772,
        "estimated_landing_time": 1886.0,
        "wait_time": 0,
        "Landing_success_rate": 0.9004
    },
    {
        "model": 1,
        "sequence": 6,
        "status": 1,
        "fuel": 5718,
        "fault": 0.6941,
        "weapon": 0,
        "pilot_injury": 0.8059,
        "pilot_skill": 0.2505,
        "mission_priority": 0.1061,
        "estimated_landing_time": 570.0,
        "wait_time": 0,
        "Landing_success_rate": 0.855
    },
    {
        "model": 0,
        "sequence": 7,
        "status": 1,
        "fuel": 5941,
        "fault": 0.225,
        "weapon": 1,
        "pilot_injury": 0.0071,
        "pilot_skill": 0.8872,
        "mission_priority": 0.8513,
        "estimated_landing_time": 664.0,
        "wait_time": 0,
        "Landing_success_rate": 0.8756
    },
    {
        "model": 2,
        "sequence": 16,
        "status": 1,
        "fuel": 6801,
        "fault": 0.9376,
        "weapon": 1,
        "pilot_injury": 0.7331,
        "pilot_skill": 0.6345,
        "mission_priority": 0.9603,
        "estimated_landing_time": 1510.0,
        "wait_time": 0,
        "Landing_success_rate": 0.8561
    },
    {
        "model": 1,
        "sequence": 14,
        "status": 1,
        "fuel": 7168,
        "fault": 0.3104,
        "weapon": 0,
        "pilot_injury": 0.7888,
        "pilot_skill": 0.2463,
        "mission_priority": 0.9671,
        "estimated_landing_time": 1322.0,
        "wait_time": 0,
        "Landing_success_rate": 0.9363
    },
    {
        "model": 2,
        "sequence": 2,
        "status": 1,
        "fuel": 6665,
        "fault": 0.9763,
        "weapon": 1,
        "pilot_injury": 0.0771,
        "pilot_skill": 0.8533,
        "mission_priority": 0.9676,
        "estimated_landing_time": 194.0,
        "wait_time": 0,
        "Landing_success_rate": 0.8521
    },
    {
        "model": 1,
        "sequence": 5,
        "status": 1,
        "fuel": 7157,
        "fault": 0.7892,
        "weapon": 1,
        "pilot_injury": 0.3357,
        "pilot_skill": 0.1594,
        "mission_priority": 0.2766,
        "estimated_landing_time": 476.0,
        "wait_time": 0,
        "Landing_success_rate": 0.8762
    },
    {
        "model": 0,
        "sequence": 23,
        "status": 1,
        "fuel": 6489,
        "fault": 0.671,
        "weapon": 1,
        "pilot_injury": 0.7961,
        "pilot_skill": 0.2052,
        "mission_priority": 0.0882,
        "estimated_landing_time": 2168.0,
        "wait_time": 0,
        "Landing_success_rate": 0.8744
    },
    {
        "model": 1,
        "sequence": 18,
        "status": 1,
        "fuel": 6741,
        "fault": 0.7569,
        "weapon": 1,
        "pilot_injury": 0.2798,
        "pilot_skill": 0.22,
        "mission_priority": 0.466,
        "estimated_landing_time": 1698.0,
        "wait_time": 0,
        "Landing_success_rate": 0.8726
    },
    {
        "model": 1,
        "sequence": 13,
        "status": 1,
        "fuel": 5775,
        "fault": 0.6375,
        "weapon": 1,
        "pilot_injury": 0.862,
        "pilot_skill": 0.497,
        "mission_priority": 0.6605,
        "estimated_landing_time": 1228.0,
        "wait_time": 0,
        "Landing_success_rate": 0.8575
    },
    {
        "model": 0,
        "sequence": 21,
        "status": 1,
        "fuel": 7106,
        "fault": 0.4133,
        "weapon": 0,
        "pilot_injury": 0.9542,
        "pilot_skill": 0.0837,
        "mission_priority": 0.5277,
        "estimated_landing_time": 1980.0,
        "wait_time": 0,
        "Landing_success_rate": 0.9207
    },
    {
        "model": 2,
        "sequence": 12,
        "status": 1,
        "fuel": 6331,
        "fault": 0.2469,
        "weapon": 0,
        "pilot_injury": 0.4489,
        "pilot_skill": 0.9145,
        "mission_priority": 0.4416,
        "estimated_landing_time": 1134.0,
        "wait_time": 0,
        "Landing_success_rate": 0.8969
    },
    {
        "model": 2,
        "sequence": 17,
        "status": 1,
        "fuel": 7098,
        "fault": 0.3453,
        "weapon": 1,
        "pilot_injury": 0.4945,
        "pilot_skill": 0.4083,
        "mission_priority": 0.973,
        "estimated_landing_time": 1604.0,
        "wait_time": 0,
        "Landing_success_rate": 0.9285
    },
    {
        "model": 0,
        "sequence": 9,
        "status": 1,
        "fuel": 5738,
        "fault": 0.8823,
        "weapon": 1,
        "pilot_injury": 0.3972,
        "pilot_skill": 0.6963,
        "mission_priority": 0.2496,
        "estimated_landing_time": 852.0,
        "wait_time": 0,
        "Landing_success_rate": 0.8521
    },
    {
        "model": 0,
        "sequence": 15,
        "status": 1,
        "fuel": 6224,
        "fault": 0.883,
        "weapon": 0,
        "pilot_injury": 0.2679,
        "pilot_skill": 0.1049,
        "mission_priority": 0.2007,
        "estimated_landing_time": 1416.0,
        "wait_time": 0,
        "Landing_success_rate": 0.8564
    },
    {
        "model": 2,
        "sequence": 1,
        "status": 1,
        "fuel": 5826,
        "fault": 0.7723,
        "weapon": 0,
        "pilot_injury": 0.6386,
        "pilot_skill": 0.3502,
        "mission_priority": 0.9168,
        "estimated_landing_time": 100.0,
        "wait_time": 0,
        "Landing_success_rate": 0.8556
    }
]