[
    {
        "model": 2,
        "sequence": 12,
        "status": 1,
        "fuel": 7181,
        "fault": 0.0379,
        "weapon": 0,
        "pilot_injury": 0.3697,
        "pilot_skill": 0.2741,
        "mission_priority": 0.3926,
        "estimated_landing_time": 1134.0,
        "wait_time": 0,
        "Landing_success_rate": 0.9713
    },
    {
        "model": 0,
        "sequence": 8,
        "status": 1,
        "fuel": 5948,
        "fault": 0.0383,
        "weapon": 1,
        "pilot_injury": 0.914,
        "pilot_skill": 0.9174,
        "mission_priority": 0.1783,
        "estimated_landing_time": 758.0,
        "wait_time": 0,
        "Landing_success_rate": 0.8823
    },
    {
        "model": 1,
        "sequence": 18,
        "status": 1,
        "fuel": 7476,
        "fault": 0.1297,
        "weapon": 0,
        "pilot_injury": 0.8381,
        "pilot_skill": 0.5419,
        "mission_priority": 0.24,
        "estimated_landing_time": 1698.0,
        "wait_time": 0,
        "Landing_success_rate": 0.979
    },
    {
        "model": 0,
        "sequence": 16,
        "status": 1,
        "fuel": 7297,
        "fault": 0.3935,
        "weapon": 0,
        "pilot_injury": 0.7332,
        "pilot_skill": 0.606,
        "mission_priority": 0.8168,
        "estimated_landing_time": 1510.0,
        "wait_time": 0,
        "Landing_success_rate": 0.9317
    },
    {
        "model": 2,
        "sequence": 3,
        "status": 1,
        "fuel": 6255,
        "fault": 0.8676,
        "weapon": 0,
        "pilot_injury": 0.7928,
        "pilot_skill": 0.0631,
        "mission_priority": 0.3756,
        "estimated_landing_time": 288.0,
        "wait_time": 0,
        "Landing_success_rate": 0.8575
    },
    {
        "model": 1,
        "sequence": 10,
        "status": 1,
        "fuel": 6801,
        "fault": 0.7154,
        "weapon": 1,
        "pilot_injury": 0.4184,
        "pilot_skill": 0.183,
        "mission_priority": 0.0966,
        "estimated_landing_time": 946.0,
        "wait_time": 0,
        "Landing_success_rate": 0.8778
    },
    {
        "model": 0,
        "sequence": 13,
        "status": 1,
        "fuel": 6551,
        "fault": 0.4967,
        "weapon": 0,
        "pilot_injury": 0.3707,
        "pilot_skill": 0.1769,
        "mission_priority": 0.146,
        "estimated_landing_time": 1228.0,
        "wait_time": 0,
        "Landing_success_rate": 0.8897
    },
    {
        "model": 2,
        "sequence": 11,
        "status": 1,
        "fuel": 6434,
        "fault": 0.2375,
        "weapon": 1,
        "pilot_injury": 0.5616,
        "pilot_skill": 0.1993,
        "mission_priority": 0.4918,
        "estimated_landing_time": 1040.0,
        "wait_time": 0,
        "Landing_success_rate": 0.9034
    },
    {
        "model": 2,
        "sequence": 1,
        "status": 1,
        "fuel": 5816,
        "fault": 0.7691,
        "weapon": 1,
        "pilot_injury": 0.9822,
        "pilot_skill": 0.4578,
        "mission_priority": 0.393,
        "estimated_landing_time": 100.0,
        "wait_time": 0,
        "Landing_success_rate": 0.8555
    },
    {
        "model": 0,
        "sequence": 4,
        "status": 1,
        "fuel": 6266,
        "fault": 0.9409,
        "weapon": 0,
        "pilot_injury": 0.6352,
        "pilot_skill": 0.3047,
        "mission_priority": 0.4804,
        "estimated_landing_time": 382.0,
        "wait_time": 0,
        "Landing_success_rate": 0.8534
    },
    {
        "model": 1,
        "sequence": 21,
        "status": 1,
        "fuel": 6605,
        "fault": 0.8648,
        "weapon": 0,
        "pilot_injury": 0.0602,
        "pilot_skill": 0.5178,
        "mission_priority": 0.3994,
        "estimated_landing_time": 1980.0,
        "wait_time": 0,
        "Landing_success_rate": 0.8612
    },
    {
        "model": 2,
        "sequence": 17,
        "status": 1,
        "fuel": 7428,
        "fault": 0.638,
        "weapon": 0,
        "pilot_injury": 0.2598,
        "pilot_skill": 0.5646,
        "mission_priority": 0.3726,
        "estimated_landing_time": 1604.0,
        "wait_time": 0,
        "Landing_success_rate": 0.9023
    },
    {
        "model": 2,
        "sequence": 9,
        "status": 1,
        "fuel": 6518,
        "fault": 0.9235,
        "weapon": 0,
        "pilot_injury": 0.689,
        "pilot_skill": 0.7855,
        "mission_priority": 0.6339,
        "estimated_landing_time": 852.0,
        "wait_time": 0,
        "Landing_success_rate": 0.8558
    },
    {
        "model": 2,
        "sequence": 20,
        "status": 1,
        "fuel": 6931,
        "fault": 0.0103,
        "weapon": 0,
        "pilot_injury": 0.5175,
        "pilot_skill": 0.9742,
        "mission_priority": 0.5267,
        "estimated_landing_time": 1886.0,
        "wait_time": 0,
        "Landing_success_rate": 0.9562
    },
    {
        "model": 1,
        "sequence": 22,
        "status": 1,
        "fuel": 6489,
        "fault": 0.957,
        "weapon": 1,
        "pilot_injury": 0.49,
        "pilot_skill": 0.2835,
        "mission_priority": 0.1587,
        "estimated_landing_time": 2074.0,
        "wait_time": 0,
        "Landing_success_rate": 0.8532
    },
    {
        "model": 1,
        "sequence": 6,
        "status": 1,
        "fuel": 6707,
        "fault": 0.7502,
        "weapon": 0,
        "pilot_injury": 0.2555,
        "pilot_skill": 0.3618,
        "mission_priority": 0.7577,
        "estimated_landing_time": 570.0,
        "wait_time": 0,
        "Landing_success_rate": 0.8726
    },
    {
        "model": 2,
        "sequence": 14,
        "status": 1,
        "fuel": 6721,
        "fault": 0.3462,
        "weapon": 1,
        "pilot_injury": 0.7203,
        "pilot_skill": 0.5498,
        "mission_priority": 0.2095,
        "estimated_landing_time": 1322.0,
        "wait_time": 0,
        "Landing_success_rate": 0.9099
    },
    {
        "model": 2,
        "sequence": 24,
        "status": 1,
        "fuel": 5542,
        "fault": 0.9141,
        "weapon": 0,
        "pilot_injury": 0.7615,
        "pilot_skill": 0.9335,
        "mission_priority": 0.7379,
        "estimated_landing_time": 2262.0,
        "wait_time": 0,
        "Landing_success_rate": 0.8503
    },
    {
        "model": 1,
        "sequence": 2,
        "status": 1,
        "fuel": 5675,
        "fault": 0.9104,
        "weapon": 1,
        "pilot_injury": 0.8286,
        "pilot_skill": 0.6558,
        "mission_priority": 0.0379,
        "estimated_landing_time": 194.0,
        "wait_time": 0,
        "Landing_success_rate": 0.8512
    },
    {
        "model": 1,
        "sequence": 23,
        "status": 1,
        "fuel": 7341,
        "fault": 0.7296,
        "weapon": 0,
        "pilot_injury": 0.3472,
        "pilot_skill": 0.3894,
        "mission_priority": 0.9394,
        "estimated_landing_time": 2168.0,
        "wait_time": 0,
        "Landing_success_rate": 0.8873
    },
    {
        "model": 0,
        "sequence": 19,
        "status": 1,
        "fuel": 5945,
        "fault": 0.081,
        "weapon": 1,
        "pilot_injury": 0.4265,
        "pilot_skill": 0.3375,
        "mission_priority": 0.1196,
        "estimated_landing_time": 1792.0,
        "wait_time": 0,
        "Landing_success_rate": 0.8807
    },
    {
        "model": 0,
        "sequence": 5,
        "status": 1,
        "fuel": 7420,
        "fault": 0.1243,
        "weapon": 0,
        "pilot_injury": 0.391,
        "pilot_skill": 0.1564,
        "mission_priority": 0.344,
        "estimated_landing_time": 476.0,
        "wait_time": 0,
        "Landing_success_rate": 0.9761
    },
    {
        "model": 0,
        "sequence": 7,
        "status": 1,
        "fuel": 6052,
        "fault": 0.3821,
        "weapon": 1,
        "pilot_injury": 0.8699,
        "pilot_skill": 0.6413,
        "mission_priority": 0.5877,
        "estimated_landing_time": 664.0,
        "wait_time": 0,
        "Landing_success_rate": 0.8756
    },
    {
        "model": 0,
        "sequence": 15,
        "status": 1,
        "fuel": 5811,
        "fault": 0.5315,
        "weapon": 1,
        "pilot_injury": 0.7362,
        "pilot_skill": 0.9353,
        "mission_priority": 0.2444,
        "estimated_landing_time": 1416.0,
        "wait_time": 0,
        "Landing_success_rate": 0.8609
    }
]