[
    {
        "model": 0,
        "sequence": 16,
        "status": 1,
        "fuel": 6941,
        "fault": 0.4587,
        "weapon": 1,
        "pilot_injury": 0.1183,
        "pilot_skill": 0.9782,
        "mission_priority": 0.6132,
        "estimated_landing_time": 1510.0,
        "wait_time": 0,
        "Landing_success_rate": 0.9085
    },
    {
        "model": 1,
        "sequence": 2,
        "status": 1,
        "fuel": 6813,
        "fault": 0.901,
        "weapon": 1,
        "pilot_injury": 0.7214,
        "pilot_skill": 0.2373,
        "mission_priority": 0.6824,
        "estimated_landing_time": 194.0,
        "wait_time": 0,
        "Landing_success_rate": 0.8597
    },
    {
        "model": 1,
        "sequence": 24,
        "status": 1,
        "fuel": 5626,
        "fault": 0.7477,
        "weapon": 1,
        "pilot_injury": 0.4908,
        "pilot_skill": 0.314,
        "mission_priority": 0.3879,
        "estimated_landing_time": 2262.0,
        "wait_time": 0,
        "Landing_success_rate": 0.8524
    },
    {
        "model": 0,
        "sequence": 9,
        "status": 1,
        "fuel": 7477,
        "fault": 0.2476,
        "weapon": 0,
        "pilot_injury": 0.0083,
        "pilot_skill": 0.1221,
        "mission_priority": 0.349,
        "estimated_landing_time": 852.0,
        "wait_time": 0,
        "Landing_success_rate": 0.9616
    },
    {
        "model": 0,
        "sequence": 15,
        "status": 1,
        "fuel": 6070,
        "fault": 0.7155,
        "weapon": 1,
        "pilot_injury": 0.6877,
        "pilot_skill": 0.6427,
        "mission_priority": 0.2481,
        "estimated_landing_time": 1416.0,
        "wait_time": 0,
        "Landing_success_rate": 0.8622
    },
    {
        "model": 1,
        "sequence": 17,
        "status": 1,
        "fuel": 6845,
        "fault": 0.5401,
        "weapon": 1,
        "pilot_injury": 0.0453,
        "pilot_skill": 0.1548,
        "mission_priority": 0.6468,
        "estimated_landing_time": 1604.0,
        "wait_time": 0,
        "Landing_success_rate": 0.8964
    },
    {
        "model": 0,
        "sequence": 11,
        "status": 1,
        "fuel": 6230,
        "fault": 0.1812,
        "weapon": 1,
        "pilot_injury": 0.9733,
        "pilot_skill": 0.7555,
        "mission_priority": 0.9682,
        "estimated_landing_time": 1040.0,
        "wait_time": 0,
        "Landing_success_rate": 0.8948
    },
    {
        "model": 1,
        "sequence": 12,
        "status": 1,
        "fuel": 5940,
        "fault": 0.7419,
        "weapon": 1,
        "pilot_injury": 0.0938,
        "pilot_skill": 0.697,
        "mission_priority": 0.3051,
        "estimated_landing_time": 1134.0,
        "wait_time": 0,
        "Landing_success_rate": 0.8585
    },
    {
        "model": 0,
        "sequence": 13,
        "status": 1,
        "fuel": 6553,
        "fault": 0.8376,
        "weapon": 0,
        "pilot_injury": 0.3334,
        "pilot_skill": 0.8737,
        "mission_priority": 0.3874,
        "estimated_landing_time": 1228.0,
        "wait_time": 0,
        "Landing_success_rate": 0.8628
    },
    {
        "model": 2,
        "sequence": 21,
        "status": 1,
        "fuel": 6768,
        "fault": 0.9584,
        "weapon": 0,
        "pilot_injury": 0.4897,
        "pilot_skill": 0.3505,
        "mission_priority": 0.8992,
        "estimated_landing_time": 1980.0,
        "wait_time": 0,
        "Landing_success_rate": 0.854
    },
    {
        "model": 0,
        "sequence": 4,
        "status": 1,
        "fuel": 6248,
        "fault": 0.6281,
        "weapon": 0,
        "pilot_injury": 0.8084,
        "pilot_skill": 0.49,
        "mission_priority": 0.6734,
        "estimated_landing_time": 382.0,
        "wait_time": 0,
        "Landing_success_rate": 0.8709
    },
    {
        "model": 2,
        "sequence": 8,
        "status": 1,
        "fuel": 6469,
        "fault": 0.6971,
        "weapon": 0,
        "pilot_injury": 0.2301,
        "pilot_skill": 0.1173,
        "mission_priority": 0.1347,
        "estimated_landing_time": 758.0,
        "wait_time": 0,
        "Landing_success_rate": 0.872
    },
    {
        "model": 0,
        "sequence": 14,
        "status": 1,
        "fuel": 7339,
        "fault": 0.5097,
        "weapon": 1,
        "pilot_injury": 0.0543,
        "pilot_skill": 0.3309,
        "mission_priority": 0.5251,
        "estimated_landing_time": 1322.0,
        "wait_time": 0,
        "Landing_success_rate": 0.9176
    },
    {
        "model": 0,
        "sequence": 10,
        "status": 1,
        "fuel": 7144,
        "fault": 0.6056,
        "weapon": 0,
        "pilot_injury": 0.4606,
        "pilot_skill": 0.6927,
        "mission_priority": 0.36,
        "estimated_landing_time": 946.0,
        "wait_time": 0,
        "Landing_success_rate": 0.8986
    },
    {
        "model": 2,
        "sequence": 20,
        "status": 1,
        "fuel": 5826,
        "fault": 0.1624,
        "weapon": 0,
        "pilot_injury": 0.2797,
        "pilot_skill": 0.8476,
        "mission_priority": 0.0148,
        "estimated_landing_time": 1886.0,
        "wait_time": 0,
        "Landing_success_rate": 0.8705
    },
    {
        "model": 1,
        "sequence": 7,
        "status": 1,
        "fuel": 6796,
        "fault": 0.0618,
        "weapon": 1,
        "pilot_injury": 0.6168,
        "pilot_skill": 0.8056,
        "mission_priority": 0.461,
        "estimated_landing_time": 664.0,
        "wait_time": 0,
        "Landing_success_rate": 0.9412
    },
    {
        "model": 2,
        "sequence": 18,
        "status": 1,
        "fuel": 6508,
        "fault": 0.4884,
        "weapon": 1,
        "pilot_injury": 0.1216,
        "pilot_skill": 0.8247,
        "mission_priority": 0.6479,
        "estimated_landing_time": 1698.0,
        "wait_time": 0,
        "Landing_success_rate": 0.8887
    },
    {
        "model": 0,
        "sequence": 19,
        "status": 1,
        "fuel": 6013,
        "fault": 0.5954,
        "weapon": 0,
        "pilot_injury": 0.9601,
        "pilot_skill": 0.1303,
        "mission_priority": 0.1835,
        "estimated_landing_time": 1792.0,
        "wait_time": 0,
        "Landing_success_rate": 0.8656
    },
    {
        "model": 1,
        "sequence": 3,
        "status": 1,
        "fuel": 6916,
        "fault": 0.6194,
        "weapon": 0,
        "pilot_injury": 0.7416,
        "pilot_skill": 0.095,
        "mission_priority": 0.7328,
        "estimated_landing_time": 288.0,
        "wait_time": 0,
        "Landing_success_rate": 0.8904
    },
    {
        "model": 1,
        "sequence": 23,
        "status": 1,
        "fuel": 6991,
        "fault": 0.7944,
        "weapon": 1,
        "pilot_injury": 0.3124,
        "pilot_skill": 0.933,
        "mission_priority": 0.0747,
        "estimated_landing_time": 2168.0,
        "wait_time": 0,
        "Landing_success_rate": 0.873
    },
    {
        "model": 0,
        "sequence": 5,
        "status": 1,
        "fuel": 5728,
        "fault": 0.2633,
        "weapon": 0,
        "pilot_injury": 0.6875,
        "pilot_skill": 0.453,
        "mission_priority": 0.8536,
        "estimated_landing_time": 476.0,
        "wait_time": 0,
        "Landing_success_rate": 0.8626
    },
    {
        "model": 2,
        "sequence": 22,
        "status": 1,
        "fuel": 6337,
        "fault": 0.8171,
        "weapon": 1,
        "pilot_injury": 0.7801,
        "pilot_skill": 0.9932,
        "mission_priority": 0.9691,
        "estimated_landing_time": 2074.0,
        "wait_time": 0,
        "Landing_success_rate": 0.8615
    },
    {
        "model": 1,
        "sequence": 1,
        "status": 1,
        "fuel": 6147,
        "fault": 0.2446,
        "weapon": 1,
        "pilot_injury": 0.3093,
        "pilot_skill": 0.8615,
        "mission_priority": 0.338,
        "estimated_landing_time": 100.0,
        "wait_time": 0,
        "Landing_success_rate": 0.8867
    },
    {
        "model": 2,
        "sequence": 6,
        "status": 1,
        "fuel": 5563,
        "fault": 0.3922,
        "weapon": 0,
        "pilot_injury": 0.3151,
        "pilot_skill": 0.7185,
        "mission_priority": 0.1695,
        "estimated_landing_time": 570.0,
        "wait_time": 0,
        "Landing_success_rate": 0.8529
    }
]