[
    {
        "model": 0,
        "sequence": 22,
        "status": 1,
        "fuel": 7164,
        "fault": 0.3268,
        "weapon": 1,
        "pilot_injury": 0.2113,
        "pilot_skill": 0.9111,
        "mission_priority": 0.1844,
        "estimated_landing_time": 2074.0,
        "wait_time": 0,
        "Landing_success_rate": 0.934
    },
    {
        "model": 1,
        "sequence": 14,
        "status": 1,
        "fuel": 6985,
        "fault": 0.2174,
        "weapon": 0,
        "pilot_injury": 0.9843,
        "pilot_skill": 0.4649,
        "mission_priority": 0.3553,
        "estimated_landing_time": 1322.0,
        "wait_time": 0,
        "Landing_success_rate": 0.9372
    },
    {
        "model": 1,
        "sequence": 17,
        "status": 1,
        "fuel": 5919,
        "fault": 0.2573,
        "weapon": 0,
        "pilot_injury": 0.9446,
        "pilot_skill": 0.2489,
        "mission_priority": 0.7542,
        "estimated_landing_time": 1604.0,
        "wait_time": 0,
        "Landing_success_rate": 0.8733
    },
    {
        "model": 2,
        "sequence": 15,
        "status": 1,
        "fuel": 5816,
        "fault": 0.3831,
        "weapon": 0,
        "pilot_injury": 0.4239,
        "pilot_skill": 0.296,
        "mission_priority": 0.5673,
        "estimated_landing_time": 1416.0,
        "wait_time": 0,
        "Landing_success_rate": 0.8646
    },
    {
        "model": 1,
        "sequence": 6,
        "status": 1,
        "fuel": 7273,
        "fault": 0.1703,
        "weapon": 0,
        "pilot_injury": 0.6825,
        "pilot_skill": 0.6524,
        "mission_priority": 0.6999,
        "estimated_landing_time": 570.0,
        "wait_time": 0,
        "Landing_success_rate": 0.9603
    },
    {
        "model": 1,
        "sequence": 12,
        "status": 1,
        "fuel": 6794,
        "fault": 0.4479,
        "weapon": 0,
        "pilot_injury": 0.0267,
        "pilot_skill": 0.5803,
        "mission_priority": 0.966,
        "estimated_landing_time": 1134.0,
        "wait_time": 0,
        "Landing_success_rate": 0.9036
    },
    {
        "model": 0,
        "sequence": 24,
        "status": 1,
        "fuel": 5694,
        "fault": 0.8413,
        "weapon": 0,
        "pilot_injury": 0.4332,
        "pilot_skill": 0.1391,
        "mission_priority": 0.0333,
        "estimated_landing_time": 2262.0,
        "wait_time": 0,
        "Landing_success_rate": 0.8523
    },
    {
        "model": 2,
        "sequence": 13,
        "status": 1,
        "fuel": 5724,
        "fault": 0.6188,
        "weapon": 0,
        "pilot_injury": 0.2984,
        "pilot_skill": 0.4014,
        "mission_priority": 0.7059,
        "estimated_landing_time": 1228.0,
        "wait_time": 0,
        "Landing_success_rate": 0.8564
    },
    {
        "model": 1,
        "sequence": 16,
        "status": 1,
        "fuel": 6450,
        "fault": 0.697,
        "weapon": 1,
        "pilot_injury": 0.7942,
        "pilot_skill": 0.007,
        "mission_priority": 0.7539,
        "estimated_landing_time": 1510.0,
        "wait_time": 0,
        "Landing_success_rate": 0.8716
    },
    {
        "model": 2,
        "sequence": 18,
        "status": 1,
        "fuel": 6332,
        "fault": 0.8456,
        "weapon": 1,
        "pilot_injury": 0.3456,
        "pilot_skill": 0.0925,
        "mission_priority": 0.0908,
        "estimated_landing_time": 1698.0,
        "wait_time": 0,
        "Landing_success_rate": 0.8596
    },
    {
        "model": 2,
        "sequence": 23,
        "status": 1,
        "fuel": 7100,
        "fault": 0.7225,
        "weapon": 0,
        "pilot_injury": 0.8916,
        "pilot_skill": 0.8122,
        "mission_priority": 0.7979,
        "estimated_landing_time": 2168.0,
        "wait_time": 0,
        "Landing_success_rate": 0.8833
    },
    {
        "model": 0,
        "sequence": 10,
        "status": 1,
        "fuel": 6431,
        "fault": 0.2264,
        "weapon": 1,
        "pilot_injury": 0.9451,
        "pilot_skill": 0.8702,
        "mission_priority": 0.1267,
        "estimated_landing_time": 946.0,
        "wait_time": 0,
        "Landing_success_rate": 0.904
    },
    {
        "model": 0,
        "sequence": 4,
        "status": 1,
        "fuel": 6948,
        "fault": 0.2541,
        "weapon": 0,
        "pilot_injury": 0.0077,
        "pilot_skill": 0.8002,
        "mission_priority": 0.9431,
        "estimated_landing_time": 382.0,
        "wait_time": 0,
        "Landing_success_rate": 0.931
    },
    {
        "model": 1,
        "sequence": 21,
        "status": 1,
        "fuel": 6157,
        "fault": 0.3297,
        "weapon": 1,
        "pilot_injury": 0.7878,
        "pilot_skill": 0.498,
        "mission_priority": 0.98,
        "estimated_landing_time": 1980.0,
        "wait_time": 0,
        "Landing_success_rate": 0.883
    },
    {
        "model": 0,
        "sequence": 19,
        "status": 1,
        "fuel": 7327,
        "fault": 0.6439,
        "weapon": 1,
        "pilot_injury": 0.4713,
        "pilot_skill": 0.9019,
        "mission_priority": 0.224,
        "estimated_landing_time": 1792.0,
        "wait_time": 0,
        "Landing_success_rate": 0.8988
    },
    {
        "model": 2,
        "sequence": 2,
        "status": 1,
        "fuel": 7154,
        "fault": 0.4986,
        "weapon": 1,
        "pilot_injury": 0.819,
        "pilot_skill": 0.0621,
        "mission_priority": 0.7847,
        "estimated_landing_time": 194.0,
        "wait_time": 0,
        "Landing_success_rate": 0.9122
    },
    {
        "model": 0,
        "sequence": 8,
        "status": 1,
        "fuel": 6322,
        "fault": 0.3336,
        "weapon": 0,
        "pilot_injury": 0.2136,
        "pilot_skill": 0.6317,
        "mission_priority": 0.1968,
        "estimated_landing_time": 758.0,
        "wait_time": 0,
        "Landing_success_rate": 0.8911
    },
    {
        "model": 0,
        "sequence": 9,
        "status": 1,
        "fuel": 6362,
        "fault": 0.315,
        "weapon": 0,
        "pilot_injury": 0.3814,
        "pilot_skill": 0.4844,
        "mission_priority": 0.5453,
        "estimated_landing_time": 852.0,
        "wait_time": 0,
        "Landing_success_rate": 0.8943
    },
    {
        "model": 2,
        "sequence": 3,
        "status": 1,
        "fuel": 7356,
        "fault": 0.7494,
        "weapon": 1,
        "pilot_injury": 0.5109,
        "pilot_skill": 0.4878,
        "mission_priority": 0.4265,
        "estimated_landing_time": 288.0,
        "wait_time": 0,
        "Landing_success_rate": 0.8849
    },
    {
        "model": 2,
        "sequence": 5,
        "status": 1,
        "fuel": 6984,
        "fault": 0.7509,
        "weapon": 1,
        "pilot_injury": 0.8266,
        "pilot_skill": 0.5323,
        "mission_priority": 0.9803,
        "estimated_landing_time": 476.0,
        "wait_time": 0,
        "Landing_success_rate": 0.8777
    },
    {
        "model": 0,
        "sequence": 11,
        "status": 1,
        "fuel": 5866,
        "fault": 0.9437,
        "weapon": 0,
        "pilot_injury": 0.4901,
        "pilot_skill": 0.1865,
        "mission_priority": 0.3793,
        "estimated_landing_time": 1040.0,
        "wait_time": 0,
        "Landing_success_rate": 0.8515
    },
    {
        "model": 0,
        "sequence": 20,
        "status": 1,
        "fuel": 5618,
        "fault": 0.0518,
        "weapon": 1,
        "pilot_injury": 0.5998,
        "pilot_skill": 0.6169,
        "mission_priority": 0.9425,
        "estimated_landing_time": 1886.0,
        "wait_time": 0,
        "Landing_success_rate": 0.8584
    },
    {
        "model": 0,
        "sequence": 1,
        "status": 1,
        "fuel": 5937,
        "fault": 0.0302,
        "weapon": 1,
        "pilot_injury": 0.5854,
        "pilot_skill": 0.2051,
        "mission_priority": 0.7738,
        "estimated_landing_time": 100.0,
        "wait_time": 0,
        "Landing_success_rate": 0.8818
    },
    {
        "model": 2,
        "sequence": 7,
        "status": 1,
        "fuel": 6478,
        "fault": 0.1137,
        "weapon": 1,
        "pilot_injury": 0.4861,
        "pilot_skill": 0.2997,
        "mission_priority": 0.4361,
        "estimated_landing_time": 664.0,
        "wait_time": 0,
        "Landing_success_rate": 0.915
    }
]