[
    {
        "model": 2,
        "sequence": 24,
        "status": 1,
        "fuel": 5563,
        "fault": 0.8502,
        "weapon": 1,
        "pilot_injury": 0.3545,
        "pilot_skill": 0.448,
        "mission_priority": 0.3324,
        "estimated_landing_time": 2262.0,
        "wait_time": 0,
        "Landing_success_rate": 0.8507
    },
    {
        "model": 2,
        "sequence": 19,
        "status": 1,
        "fuel": 6556,
        "fault": 0.6658,
        "weapon": 0,
        "pilot_injury": 0.939,
        "pilot_skill": 0.5717,
        "mission_priority": 0.854,
        "estimated_landing_time": 1792.0,
        "wait_time": 0,
        "Landing_success_rate": 0.8765
    },
    {
        "model": 0,
        "sequence": 14,
        "status": 1,
        "fuel": 7101,
        "fault": 0.9719,
        "weapon": 0,
        "pilot_injury": 0.7818,
        "pilot_skill": 0.3845,
        "mission_priority": 0.3691,
        "estimated_landing_time": 1322.0,
        "wait_time": 0,
        "Landing_success_rate": 0.8534
    },
    {
        "model": 2,
        "sequence": 6,
        "status": 1,
        "fuel": 6726,
        "fault": 0.4515,
        "weapon": 0,
        "pilot_injury": 0.8285,
        "pilot_skill": 0.0614,
        "mission_priority": 0.4984,
        "estimated_landing_time": 570.0,
        "wait_time": 0,
        "Landing_success_rate": 0.9004
    },
    {
        "model": 0,
        "sequence": 13,
        "status": 1,
        "fuel": 6494,
        "fault": 0.7991,
        "weapon": 1,
        "pilot_injury": 0.7607,
        "pilot_skill": 0.879,
        "mission_priority": 0.195,
        "estimated_landing_time": 1228.0,
        "wait_time": 0,
        "Landing_success_rate": 0.865
    },
    {
        "model": 1,
        "sequence": 5,
        "status": 1,
        "fuel": 7263,
        "fault": 0.7127,
        "weapon": 1,
        "pilot_injury": 0.4401,
        "pilot_skill": 0.0531,
        "mission_priority": 0.47,
        "estimated_landing_time": 476.0,
        "wait_time": 0,
        "Landing_success_rate": 0.888
    },
    {
        "model": 0,
        "sequence": 9,
        "status": 1,
        "fuel": 7207,
        "fault": 0.1543,
        "weapon": 0,
        "pilot_injury": 0.9,
        "pilot_skill": 0.8486,
        "mission_priority": 0.4366,
        "estimated_landing_time": 852.0,
        "wait_time": 0,
        "Landing_success_rate": 0.9583
    },
    {
        "model": 2,
        "sequence": 3,
        "status": 1,
        "fuel": 6296,
        "fault": 0.3331,
        "weapon": 0,
        "pilot_injury": 0.1351,
        "pilot_skill": 0.0021,
        "mission_priority": 0.0733,
        "estimated_landing_time": 288.0,
        "wait_time": 0,
        "Landing_success_rate": 0.8898
    },
    {
        "model": 1,
        "sequence": 8,
        "status": 1,
        "fuel": 5829,
        "fault": 0.1277,
        "weapon": 0,
        "pilot_injury": 0.9778,
        "pilot_skill": 0.4825,
        "mission_priority": 0.1405,
        "estimated_landing_time": 758.0,
        "wait_time": 0,
        "Landing_success_rate": 0.8715
    },
    {
        "model": 2,
        "sequence": 7,
        "status": 1,
        "fuel": 5616,
        "fault": 0.6535,
        "weapon": 0,
        "pilot_injury": 0.8178,
        "pilot_skill": 0.5237,
        "mission_priority": 0.2456,
        "estimated_landing_time": 664.0,
        "wait_time": 0,
        "Landing_success_rate": 0.853
    },
    {
        "model": 1,
        "sequence": 17,
        "status": 1,
        "fuel": 6348,
        "fault": 0.6098,
        "weapon": 0,
        "pilot_injury": 0.556,
        "pilot_skill": 0.9955,
        "mission_priority": 0.1067,
        "estimated_landing_time": 1604.0,
        "wait_time": 0,
        "Landing_success_rate": 0.8748
    },
    {
        "model": 0,
        "sequence": 1,
        "status": 1,
        "fuel": 5610,
        "fault": 0.5059,
        "weapon": 1,
        "pilot_injury": 0.5679,
        "pilot_skill": 0.3591,
        "mission_priority": 0.0409,
        "estimated_landing_time": 100.0,
        "wait_time": 0,
        "Landing_success_rate": 0.8541
    },
    {
        "model": 2,
        "sequence": 2,
        "status": 1,
        "fuel": 7442,
        "fault": 0.9442,
        "weapon": 0,
        "pilot_injury": 0.35,
        "pilot_skill": 0.5337,
        "mission_priority": 0.057,
        "estimated_landing_time": 194.0,
        "wait_time": 0,
        "Landing_success_rate": 0.8581
    },
    {
        "model": 2,
        "sequence": 21,
        "status": 1,
        "fuel": 6333,
        "fault": 0.796,
        "weapon": 1,
        "pilot_injury": 0.7353,
        "pilot_skill": 0.1905,
        "mission_priority": 0.5143,
        "estimated_landing_time": 1980.0,
        "wait_time": 0,
        "Landing_success_rate": 0.8627
    },
    {
        "model": 2,
        "sequence": 18,
        "status": 1,
        "fuel": 5869,
        "fault": 0.0348,
        "weapon": 1,
        "pilot_injury": 0.0379,
        "pilot_skill": 0.3665,
        "mission_priority": 0.1364,
        "estimated_landing_time": 1698.0,
        "wait_time": 0,
        "Landing_success_rate": 0.8767
    },
    {
        "model": 1,
        "sequence": 12,
        "status": 1,
        "fuel": 6009,
        "fault": 0.1376,
        "weapon": 0,
        "pilot_injury": 0.8784,
        "pilot_skill": 0.9334,
        "mission_priority": 0.1239,
        "estimated_landing_time": 1134.0,
        "wait_time": 0,
        "Landing_success_rate": 0.8829
    },
    {
        "model": 0,
        "sequence": 4,
        "status": 1,
        "fuel": 6717,
        "fault": 0.9064,
        "weapon": 1,
        "pilot_injury": 0.3065,
        "pilot_skill": 0.2313,
        "mission_priority": 0.0125,
        "estimated_landing_time": 382.0,
        "wait_time": 0,
        "Landing_success_rate": 0.8585
    },
    {
        "model": 2,
        "sequence": 10,
        "status": 1,
        "fuel": 6894,
        "fault": 0.6866,
        "weapon": 1,
        "pilot_injury": 0.519,
        "pilot_skill": 0.3449,
        "mission_priority": 0.4116,
        "estimated_landing_time": 946.0,
        "wait_time": 0,
        "Landing_success_rate": 0.8828
    },
    {
        "model": 1,
        "sequence": 16,
        "status": 1,
        "fuel": 6385,
        "fault": 0.102,
        "weapon": 1,
        "pilot_injury": 0.2855,
        "pilot_skill": 0.0747,
        "mission_priority": 0.5645,
        "estimated_landing_time": 1510.0,
        "wait_time": 0,
        "Landing_success_rate": 0.9096
    },
    {
        "model": 1,
        "sequence": 11,
        "status": 1,
        "fuel": 6068,
        "fault": 0.276,
        "weapon": 1,
        "pilot_injury": 0.6215,
        "pilot_skill": 0.1844,
        "mission_priority": 0.3911,
        "estimated_landing_time": 1040.0,
        "wait_time": 0,
        "Landing_success_rate": 0.8808
    },
    {
        "model": 2,
        "sequence": 22,
        "status": 1,
        "fuel": 5638,
        "fault": 0.0722,
        "weapon": 0,
        "pilot_injury": 0.3922,
        "pilot_skill": 0.7996,
        "mission_priority": 0.4053,
        "estimated_landing_time": 2074.0,
        "wait_time": 0,
        "Landing_success_rate": 0.8596
    },
    {
        "model": 0,
        "sequence": 15,
        "status": 1,
        "fuel": 6040,
        "fault": 0.2912,
        "weapon": 0,
        "pilot_injury": 0.7194,
        "pilot_skill": 0.381,
        "mission_priority": 0.0534,
        "estimated_landing_time": 1416.0,
        "wait_time": 0,
        "Landing_success_rate": 0.8787
    },
    {
        "model": 1,
        "sequence": 20,
        "status": 1,
        "fuel": 7278,
        "fault": 0.989,
        "weapon": 0,
        "pilot_injury": 0.0905,
        "pilot_skill": 0.0816,
        "mission_priority": 0.6143,
        "estimated_landing_time": 1886.0,
        "wait_time": 0,
        "Landing_success_rate": 0.8515
    },
    {
        "model": 1,
        "sequence": 23,
        "status": 1,
        "fuel": 6266,
        "fault": 0.3743,
        "weapon": 1,
        "pilot_injury": 0.2394,
        "pilot_skill": 0.3857,
        "mission_priority": 0.7502,
        "estimated_landing_time": 2168.0,
        "wait_time": 0,
        "Landing_success_rate": 0.8859
    }
]