[
    {
        "model": 2,
        "sequence": 4,
        "status": 1,
        "fuel": 7047,
        "fault": 0.9444,
        "weapon": 1,
        "pilot_injury": 0.2978,
        "pilot_skill": 0.3882,
        "mission_priority": 0.2695,
        "estimated_landing_time": 382.0,
        "wait_time": 0,
        "Landing_success_rate": 0.8565
    },
    {
        "model": 1,
        "sequence": 22,
        "status": 1,
        "fuel": 6222,
        "fault": 0.3457,
        "weapon": 1,
        "pilot_injury": 0.0946,
        "pilot_skill": 0.8448,
        "mission_priority": 0.3059,
        "estimated_landing_time": 2074.0,
        "wait_time": 0,
        "Landing_success_rate": 0.8854
    },
    {
        "model": 2,
        "sequence": 21,
        "status": 1,
        "fuel": 7278,
        "fault": 0.4473,
        "weapon": 1,
        "pilot_injury": 0.2107,
        "pilot_skill": 0.7137,
        "mission_priority": 0.624,
        "estimated_landing_time": 1980.0,
        "wait_time": 0,
        "Landing_success_rate": 0.9237
    },
    {
        "model": 1,
        "sequence": 5,
        "status": 1,
        "fuel": 5912,
        "fault": 0.3338,
        "weapon": 1,
        "pilot_injury": 0.005,
        "pilot_skill": 0.1769,
        "mission_priority": 0.7278,
        "estimated_landing_time": 476.0,
        "wait_time": 0,
        "Landing_success_rate": 0.8706
    },
    {
        "model": 1,
        "sequence": 6,
        "status": 1,
        "fuel": 6094,
        "fault": 0.5988,
        "weapon": 1,
        "pilot_injury": 0.5059,
        "pilot_skill": 0.4652,
        "mission_priority": 0.6339,
        "estimated_landing_time": 570.0,
        "wait_time": 0,
        "Landing_success_rate": 0.8679
    },
    {
        "model": 0,
        "sequence": 11,
        "status": 1,
        "fuel": 7316,
        "fault": 0.4953,
        "weapon": 1,
        "pilot_injury": 0.0583,
        "pilot_skill": 0.4539,
        "mission_priority": 0.7105,
        "estimated_landing_time": 1040.0,
        "wait_time": 0,
        "Landing_success_rate": 0.9187
    },
    {
        "model": 1,
        "sequence": 2,
        "status": 1,
        "fuel": 5804,
        "fault": 0.6621,
        "weapon": 0,
        "pilot_injury": 0.7552,
        "pilot_skill": 0.426,
        "mission_priority": 0.1838,
        "estimated_landing_time": 194.0,
        "wait_time": 0,
        "Landing_success_rate": 0.8577
    },
    {
        "model": 0,
        "sequence": 17,
        "status": 1,
        "fuel": 7231,
        "fault": 0.8017,
        "weapon": 1,
        "pilot_injury": 0.8877,
        "pilot_skill": 0.9854,
        "mission_priority": 0.309,
        "estimated_landing_time": 1604.0,
        "wait_time": 0,
        "Landing_success_rate": 0.8757
    },
    {
        "model": 2,
        "sequence": 14,
        "status": 1,
        "fuel": 6714,
        "fault": 0.2304,
        "weapon": 1,
        "pilot_injury": 0.0702,
        "pilot_skill": 0.5339,
        "mission_priority": 0.3453,
        "estimated_landing_time": 1322.0,
        "wait_time": 0,
        "Landing_success_rate": 0.9201
    },
    {
        "model": 0,
        "sequence": 9,
        "status": 1,
        "fuel": 6748,
        "fault": 0.1866,
        "weapon": 1,
        "pilot_injury": 0.6993,
        "pilot_skill": 0.5719,
        "mission_priority": 0.9524,
        "estimated_landing_time": 852.0,
        "wait_time": 0,
        "Landing_success_rate": 0.9261
    },
    {
        "model": 2,
        "sequence": 19,
        "status": 1,
        "fuel": 7011,
        "fault": 0.5305,
        "weapon": 0,
        "pilot_injury": 0.165,
        "pilot_skill": 0.6117,
        "mission_priority": 0.095,
        "estimated_landing_time": 1792.0,
        "wait_time": 0,
        "Landing_success_rate": 0.9032
    },
    {
        "model": 2,
        "sequence": 3,
        "status": 1,
        "fuel": 5523,
        "fault": 0.7342,
        "weapon": 0,
        "pilot_injury": 0.6997,
        "pilot_skill": 0.3173,
        "mission_priority": 0.3562,
        "estimated_landing_time": 288.0,
        "wait_time": 0,
        "Landing_success_rate": 0.8505
    },
    {
        "model": 2,
        "sequence": 8,
        "status": 1,
        "fuel": 7307,
        "fault": 0.5297,
        "weapon": 1,
        "pilot_injury": 0.353,
        "pilot_skill": 0.4479,
        "mission_priority": 0.4643,
        "estimated_landing_time": 758.0,
        "wait_time": 0,
        "Landing_success_rate": 0.9137
    },
    {
        "model": 1,
        "sequence": 24,
        "status": 1,
        "fuel": 5550,
        "fault": 0.5918,
        "weapon": 0,
        "pilot_injury": 0.9574,
        "pilot_skill": 0.0838,
        "mission_priority": 0.211,
        "estimated_landing_time": 2262.0,
        "wait_time": 0,
        "Landing_success_rate": 0.8515
    },
    {
        "model": 0,
        "sequence": 7,
        "status": 1,
        "fuel": 7021,
        "fault": 0.378,
        "weapon": 0,
        "pilot_injury": 0.1222,
        "pilot_skill": 0.3551,
        "mission_priority": 0.1122,
        "estimated_landing_time": 664.0,
        "wait_time": 0,
        "Landing_success_rate": 0.921
    },
    {
        "model": 2,
        "sequence": 10,
        "status": 1,
        "fuel": 6440,
        "fault": 0.1315,
        "weapon": 0,
        "pilot_injury": 0.4344,
        "pilot_skill": 0.8174,
        "mission_priority": 0.1678,
        "estimated_landing_time": 946.0,
        "wait_time": 0,
        "Landing_success_rate": 0.9112
    },
    {
        "model": 2,
        "sequence": 23,
        "status": 1,
        "fuel": 6892,
        "fault": 0.1456,
        "weapon": 0,
        "pilot_injury": 0.3304,
        "pilot_skill": 0.1908,
        "mission_priority": 0.4675,
        "estimated_landing_time": 2168.0,
        "wait_time": 0,
        "Landing_success_rate": 0.9392
    },
    {
        "model": 0,
        "sequence": 1,
        "status": 1,
        "fuel": 7315,
        "fault": 0.4473,
        "weapon": 1,
        "pilot_injury": 0.4521,
        "pilot_skill": 0.0076,
        "mission_priority": 0.2877,
        "estimated_landing_time": 100.0,
        "wait_time": 0,
        "Landing_success_rate": 0.9252
    },
    {
        "model": 2,
        "sequence": 20,
        "status": 1,
        "fuel": 5875,
        "fault": 0.645,
        "weapon": 1,
        "pilot_injury": 0.446,
        "pilot_skill": 0.1356,
        "mission_priority": 0.503,
        "estimated_landing_time": 1886.0,
        "wait_time": 0,
        "Landing_success_rate": 0.86
    },
    {
        "model": 1,
        "sequence": 12,
        "status": 1,
        "fuel": 7165,
        "fault": 0.3035,
        "weapon": 0,
        "pilot_injury": 0.7983,
        "pilot_skill": 0.9268,
        "mission_priority": 0.1341,
        "estimated_landing_time": 1134.0,
        "wait_time": 0,
        "Landing_success_rate": 0.937
    },
    {
        "model": 0,
        "sequence": 13,
        "status": 1,
        "fuel": 5852,
        "fault": 0.1127,
        "weapon": 0,
        "pilot_injury": 0.6104,
        "pilot_skill": 0.632,
        "mission_priority": 0.625,
        "estimated_landing_time": 1228.0,
        "wait_time": 0,
        "Landing_success_rate": 0.8734
    },
    {
        "model": 2,
        "sequence": 16,
        "status": 1,
        "fuel": 7361,
        "fault": 0.4777,
        "weapon": 1,
        "pilot_injury": 0.782,
        "pilot_skill": 0.9532,
        "mission_priority": 0.5896,
        "estimated_landing_time": 1510.0,
        "wait_time": 0,
        "Landing_success_rate": 0.9229
    },
    {
        "model": 0,
        "sequence": 15,
        "status": 1,
        "fuel": 5631,
        "fault": 0.1927,
        "weapon": 0,
        "pilot_injury": 0.7555,
        "pilot_skill": 0.8297,
        "mission_priority": 0.7183,
        "estimated_landing_time": 1416.0,
        "wait_time": 0,
        "Landing_success_rate": 0.8579
    },
    {
        "model": 1,
        "sequence": 18,
        "status": 1,
        "fuel": 6463,
        "fault": 0.7933,
        "weapon": 1,
        "pilot_injury": 0.492,
        "pilot_skill": 0.541,
        "mission_priority": 0.3375,
        "estimated_landing_time": 1698.0,
        "wait_time": 0,
        "Landing_success_rate": 0.8649
    }
]