[
    {
        "model": 0,
        "sequence": 23,
        "status": 1,
        "fuel": 7105,
        "fault": 0.4369,
        "weapon": 0,
        "pilot_injury": 0.5297,
        "pilot_skill": 0.3559,
        "mission_priority": 0.7253,
        "estimated_landing_time": 2168.0,
        "wait_time": 0,
        "Landing_success_rate": 0.9178
    },
    {
        "model": 0,
        "sequence": 9,
        "status": 1,
        "fuel": 6979,
        "fault": 0.3,
        "weapon": 1,
        "pilot_injury": 0.8001,
        "pilot_skill": 0.1743,
        "mission_priority": 0.3209,
        "estimated_landing_time": 852.0,
        "wait_time": 0,
        "Landing_success_rate": 0.9276
    },
    {
        "model": 0,
        "sequence": 19,
        "status": 1,
        "fuel": 5757,
        "fault": 0.3136,
        "weapon": 0,
        "pilot_injury": 0.4254,
        "pilot_skill": 0.0728,
        "mission_priority": 0.9888,
        "estimated_landing_time": 1792.0,
        "wait_time": 0,
        "Landing_success_rate": 0.8632
    },
    {
        "model": 2,
        "sequence": 8,
        "status": 1,
        "fuel": 6295,
        "fault": 0.8253,
        "weapon": 1,
        "pilot_injury": 0.4651,
        "pilot_skill": 0.547,
        "mission_priority": 0.994,
        "estimated_landing_time": 758.0,
        "wait_time": 0,
        "Landing_success_rate": 0.8604
    },
    {
        "model": 2,
        "sequence": 20,
        "status": 1,
        "fuel": 5666,
        "fault": 0.6447,
        "weapon": 1,
        "pilot_injury": 0.9644,
        "pilot_skill": 0.5378,
        "mission_priority": 0.0207,
        "estimated_landing_time": 1886.0,
        "wait_time": 0,
        "Landing_success_rate": 0.8544
    },
    {
        "model": 0,
        "sequence": 5,
        "status": 1,
        "fuel": 5899,
        "fault": 0.7213,
        "weapon": 0,
        "pilot_injury": 0.5276,
        "pilot_skill": 0.8253,
        "mission_priority": 0.5389,
        "estimated_landing_time": 476.0,
        "wait_time": 0,
        "Landing_success_rate": 0.8583
    },
    {
        "model": 2,
        "sequence": 15,
        "status": 1,
        "fuel": 6308,
        "fault": 0.9914,
        "weapon": 1,
        "pilot_injury": 0.9276,
        "pilot_skill": 0.3475,
        "mission_priority": 0.499,
        "estimated_landing_time": 1416.0,
        "wait_time": 0,
        "Landing_success_rate": 0.8505
    },
    {
        "model": 0,
        "sequence": 6,
        "status": 1,
        "fuel": 6440,
        "fault": 0.3817,
        "weapon": 1,
        "pilot_injury": 0.2982,
        "pilot_skill": 0.4284,
        "mission_priority": 0.1009,
        "estimated_landing_time": 570.0,
        "wait_time": 0,
        "Landing_success_rate": 0.8936
    },
    {
        "model": 0,
        "sequence": 12,
        "status": 1,
        "fuel": 6773,
        "fault": 0.4666,
        "weapon": 1,
        "pilot_injury": 0.2285,
        "pilot_skill": 0.6863,
        "mission_priority": 0.3477,
        "estimated_landing_time": 1134.0,
        "wait_time": 0,
        "Landing_success_rate": 0.9009
    },
    {
        "model": 0,
        "sequence": 21,
        "status": 1,
        "fuel": 6798,
        "fault": 0.337,
        "weapon": 1,
        "pilot_injury": 0.5674,
        "pilot_skill": 0.8249,
        "mission_priority": 0.3602,
        "estimated_landing_time": 1980.0,
        "wait_time": 0,
        "Landing_success_rate": 0.9145
    },
    {
        "model": 0,
        "sequence": 2,
        "status": 1,
        "fuel": 6761,
        "fault": 0.7856,
        "weapon": 0,
        "pilot_injury": 0.7954,
        "pilot_skill": 0.4106,
        "mission_priority": 0.9764,
        "estimated_landing_time": 194.0,
        "wait_time": 0,
        "Landing_success_rate": 0.8703
    },
    {
        "model": 1,
        "sequence": 14,
        "status": 1,
        "fuel": 7282,
        "fault": 0.1483,
        "weapon": 1,
        "pilot_injury": 0.87,
        "pilot_skill": 0.2129,
        "mission_priority": 0.4863,
        "estimated_landing_time": 1322.0,
        "wait_time": 0,
        "Landing_success_rate": 0.9638
    },
    {
        "model": 0,
        "sequence": 3,
        "status": 1,
        "fuel": 6328,
        "fault": 0.4125,
        "weapon": 0,
        "pilot_injury": 0.1257,
        "pilot_skill": 0.423,
        "mission_priority": 0.6426,
        "estimated_landing_time": 288.0,
        "wait_time": 0,
        "Landing_success_rate": 0.8865
    },
    {
        "model": 2,
        "sequence": 11,
        "status": 1,
        "fuel": 6700,
        "fault": 0.9432,
        "weapon": 0,
        "pilot_injury": 0.3791,
        "pilot_skill": 0.6304,
        "mission_priority": 0.4244,
        "estimated_landing_time": 1040.0,
        "wait_time": 0,
        "Landing_success_rate": 0.8551
    },
    {
        "model": 1,
        "sequence": 22,
        "status": 1,
        "fuel": 5623,
        "fault": 0.7611,
        "weapon": 1,
        "pilot_injury": 0.9131,
        "pilot_skill": 0.1686,
        "mission_priority": 0.4572,
        "estimated_landing_time": 2074.0,
        "wait_time": 0,
        "Landing_success_rate": 0.8522
    },
    {
        "model": 2,
        "sequence": 13,
        "status": 1,
        "fuel": 6533,
        "fault": 0.0328,
        "weapon": 1,
        "pilot_injury": 0.3572,
        "pilot_skill": 0.5496,
        "mission_priority": 0.6093,
        "estimated_landing_time": 1228.0,
        "wait_time": 0,
        "Landing_success_rate": 0.9249
    },
    {
        "model": 1,
        "sequence": 18,
        "status": 1,
        "fuel": 5590,
        "fault": 0.4676,
        "weapon": 1,
        "pilot_injury": 0.2468,
        "pilot_skill": 0.2066,
        "mission_priority": 0.2503,
        "estimated_landing_time": 1698.0,
        "wait_time": 0,
        "Landing_success_rate": 0.8536
    },
    {
        "model": 0,
        "sequence": 4,
        "status": 1,
        "fuel": 5982,
        "fault": 0.5334,
        "weapon": 1,
        "pilot_injury": 0.6469,
        "pilot_skill": 0.941,
        "mission_priority": 0.688,
        "estimated_landing_time": 382.0,
        "wait_time": 0,
        "Landing_success_rate": 0.8669
    },
    {
        "model": 0,
        "sequence": 10,
        "status": 1,
        "fuel": 6755,
        "fault": 0.2521,
        "weapon": 1,
        "pilot_injury": 0.5414,
        "pilot_skill": 0.8663,
        "mission_priority": 0.2025,
        "estimated_landing_time": 946.0,
        "wait_time": 0,
        "Landing_success_rate": 0.9204
    },
    {
        "model": 0,
        "sequence": 7,
        "status": 1,
        "fuel": 6588,
        "fault": 0.5222,
        "weapon": 0,
        "pilot_injury": 0.9312,
        "pilot_skill": 0.5362,
        "mission_priority": 0.7809,
        "estimated_landing_time": 664.0,
        "wait_time": 0,
        "Landing_success_rate": 0.889
    },
    {
        "model": 0,
        "sequence": 17,
        "status": 1,
        "fuel": 6345,
        "fault": 0.8818,
        "weapon": 1,
        "pilot_injury": 0.6114,
        "pilot_skill": 0.6776,
        "mission_priority": 0.8852,
        "estimated_landing_time": 1604.0,
        "wait_time": 0,
        "Landing_success_rate": 0.8575
    },
    {
        "model": 1,
        "sequence": 16,
        "status": 1,
        "fuel": 6191,
        "fault": 0.5873,
        "weapon": 0,
        "pilot_injury": 0.5391,
        "pilot_skill": 0.7115,
        "mission_priority": 0.7843,
        "estimated_landing_time": 1510.0,
        "wait_time": 0,
        "Landing_success_rate": 0.8714
    },
    {
        "model": 2,
        "sequence": 24,
        "status": 1,
        "fuel": 7114,
        "fault": 0.7165,
        "weapon": 0,
        "pilot_injury": 0.6609,
        "pilot_skill": 0.2003,
        "mission_priority": 0.3179,
        "estimated_landing_time": 2262.0,
        "wait_time": 0,
        "Landing_success_rate": 0.8843
    },
    {
        "model": 0,
        "sequence": 1,
        "status": 1,
        "fuel": 7235,
        "fault": 0.6991,
        "weapon": 0,
        "pilot_injury": 0.914,
        "pilot_skill": 0.0299,
        "mission_priority": 0.8135,
        "estimated_landing_time": 100.0,
        "wait_time": 0,
        "Landing_success_rate": 0.8892
    }
]