[
    {
        "model": 2,
        "sequence": 14,
        "status": 1,
        "fuel": 6086,
        "fault": 0.7285,
        "weapon": 0,
        "pilot_injury": 0.3585,
        "pilot_skill": 0.5162,
        "mission_priority": 0.632,
        "estimated_landing_time": 1322.0,
        "wait_time": 0,
        "Landing_success_rate": 0.8619
    },
    {
        "model": 0,
        "sequence": 9,
        "status": 1,
        "fuel": 5529,
        "fault": 0.2543,
        "weapon": 0,
        "pilot_injury": 0.6531,
        "pilot_skill": 0.9484,
        "mission_priority": 0.219,
        "estimated_landing_time": 852.0,
        "wait_time": 0,
        "Landing_success_rate": 0.8516
    },
    {
        "model": 1,
        "sequence": 24,
        "status": 1,
        "fuel": 6345,
        "fault": 0.8717,
        "weapon": 1,
        "pilot_injury": 0.8944,
        "pilot_skill": 0.2159,
        "mission_priority": 0.7192,
        "estimated_landing_time": 2262.0,
        "wait_time": 0,
        "Landing_success_rate": 0.8581
    },
    {
        "model": 2,
        "sequence": 3,
        "status": 1,
        "fuel": 7492,
        "fault": 0.3944,
        "weapon": 0,
        "pilot_injury": 0.1135,
        "pilot_skill": 0.3625,
        "mission_priority": 0.0616,
        "estimated_landing_time": 288.0,
        "wait_time": 0,
        "Landing_success_rate": 0.9405
    },
    {
        "model": 0,
        "sequence": 12,
        "status": 1,
        "fuel": 6809,
        "fault": 0.1442,
        "weapon": 0,
        "pilot_injury": 0.2683,
        "pilot_skill": 0.6516,
        "mission_priority": 0.0585,
        "estimated_landing_time": 1134.0,
        "wait_time": 0,
        "Landing_success_rate": 0.934
    },
    {
        "model": 2,
        "sequence": 11,
        "status": 1,
        "fuel": 5561,
        "fault": 0.9451,
        "weapon": 1,
        "pilot_injury": 0.4844,
        "pilot_skill": 0.0186,
        "mission_priority": 0.5899,
        "estimated_landing_time": 1040.0,
        "wait_time": 0,
        "Landing_success_rate": 0.8503
    },
    {
        "model": 0,
        "sequence": 5,
        "status": 1,
        "fuel": 7484,
        "fault": 0.0905,
        "weapon": 0,
        "pilot_injury": 0.7471,
        "pilot_skill": 0.1511,
        "mission_priority": 0.5296,
        "estimated_landing_time": 476.0,
        "wait_time": 0,
        "Landing_success_rate": 0.9853
    },
    {
        "model": 1,
        "sequence": 13,
        "status": 1,
        "fuel": 7201,
        "fault": 0.5485,
        "weapon": 1,
        "pilot_injury": 0.7797,
        "pilot_skill": 0.7211,
        "mission_priority": 0.121,
        "estimated_landing_time": 1228.0,
        "wait_time": 0,
        "Landing_success_rate": 0.9076
    },
    {
        "model": 0,
        "sequence": 21,
        "status": 1,
        "fuel": 6663,
        "fault": 0.3485,
        "weapon": 0,
        "pilot_injury": 0.4823,
        "pilot_skill": 0.7324,
        "mission_priority": 0.6815,
        "estimated_landing_time": 1980.0,
        "wait_time": 0,
        "Landing_success_rate": 0.9068
    },
    {
        "model": 1,
        "sequence": 10,
        "status": 1,
        "fuel": 6262,
        "fault": 0.6591,
        "weapon": 0,
        "pilot_injury": 0.5214,
        "pilot_skill": 0.8086,
        "mission_priority": 0.9622,
        "estimated_landing_time": 946.0,
        "wait_time": 0,
        "Landing_success_rate": 0.8695
    },
    {
        "model": 0,
        "sequence": 2,
        "status": 1,
        "fuel": 5677,
        "fault": 0.9512,
        "weapon": 1,
        "pilot_injury": 0.4753,
        "pilot_skill": 0.0298,
        "mission_priority": 0.3854,
        "estimated_landing_time": 194.0,
        "wait_time": 0,
        "Landing_success_rate": 0.8506
    },
    {
        "model": 1,
        "sequence": 4,
        "status": 1,
        "fuel": 6343,
        "fault": 0.2004,
        "weapon": 1,
        "pilot_injury": 0.0016,
        "pilot_skill": 0.2506,
        "mission_priority": 0.3199,
        "estimated_landing_time": 382.0,
        "wait_time": 0,
        "Landing_success_rate": 0.9006
    },
    {
        "model": 1,
        "sequence": 1,
        "status": 1,
        "fuel": 6912,
        "fault": 0.5293,
        "weapon": 1,
        "pilot_injury": 0.767,
        "pilot_skill": 0.7249,
        "mission_priority": 0.3263,
        "estimated_landing_time": 100.0,
        "wait_time": 0,
        "Landing_success_rate": 0.8998
    },
    {
        "model": 1,
        "sequence": 6,
        "status": 1,
        "fuel": 6097,
        "fault": 0.2727,
        "weapon": 1,
        "pilot_injury": 0.097,
        "pilot_skill": 0.204,
        "mission_priority": 0.4011,
        "estimated_landing_time": 570.0,
        "wait_time": 0,
        "Landing_success_rate": 0.8826
    },
    {
        "model": 1,
        "sequence": 17,
        "status": 1,
        "fuel": 7130,
        "fault": 0.8341,
        "weapon": 1,
        "pilot_injury": 0.4282,
        "pilot_skill": 0.5607,
        "mission_priority": 0.3555,
        "estimated_landing_time": 1604.0,
        "wait_time": 0,
        "Landing_success_rate": 0.8703
    },
    {
        "model": 2,
        "sequence": 15,
        "status": 1,
        "fuel": 6430,
        "fault": 0.5995,
        "weapon": 1,
        "pilot_injury": 0.0604,
        "pilot_skill": 0.4287,
        "mission_priority": 0.7811,
        "estimated_landing_time": 1416.0,
        "wait_time": 0,
        "Landing_success_rate": 0.8779
    },
    {
        "model": 2,
        "sequence": 19,
        "status": 1,
        "fuel": 7455,
        "fault": 0.2575,
        "weapon": 1,
        "pilot_injury": 0.7299,
        "pilot_skill": 0.6705,
        "mission_priority": 0.8376,
        "estimated_landing_time": 1792.0,
        "wait_time": 0,
        "Landing_success_rate": 0.9589
    },
    {
        "model": 0,
        "sequence": 23,
        "status": 1,
        "fuel": 6967,
        "fault": 0.6596,
        "weapon": 1,
        "pilot_injury": 0.6603,
        "pilot_skill": 0.6754,
        "mission_priority": 0.9224,
        "estimated_landing_time": 2168.0,
        "wait_time": 0,
        "Landing_success_rate": 0.8875
    },
    {
        "model": 2,
        "sequence": 20,
        "status": 1,
        "fuel": 6480,
        "fault": 0.3785,
        "weapon": 1,
        "pilot_injury": 0.786,
        "pilot_skill": 0.2689,
        "mission_priority": 0.2683,
        "estimated_landing_time": 1886.0,
        "wait_time": 0,
        "Landing_success_rate": 0.8957
    },
    {
        "model": 1,
        "sequence": 8,
        "status": 1,
        "fuel": 7011,
        "fault": 0.8881,
        "weapon": 1,
        "pilot_injury": 0.4144,
        "pilot_skill": 0.604,
        "mission_priority": 0.3166,
        "estimated_landing_time": 758.0,
        "wait_time": 0,
        "Landing_success_rate": 0.8627
    },
    {
        "model": 2,
        "sequence": 7,
        "status": 1,
        "fuel": 6852,
        "fault": 0.3302,
        "weapon": 0,
        "pilot_injury": 0.5273,
        "pilot_skill": 0.5596,
        "mission_priority": 0.8006,
        "estimated_landing_time": 664.0,
        "wait_time": 0,
        "Landing_success_rate": 0.9179
    },
    {
        "model": 1,
        "sequence": 22,
        "status": 1,
        "fuel": 6860,
        "fault": 0.9613,
        "weapon": 0,
        "pilot_injury": 0.27,
        "pilot_skill": 0.4639,
        "mission_priority": 0.5628,
        "estimated_landing_time": 2074.0,
        "wait_time": 0,
        "Landing_success_rate": 0.8539
    },
    {
        "model": 2,
        "sequence": 16,
        "status": 1,
        "fuel": 6931,
        "fault": 0.2295,
        "weapon": 1,
        "pilot_injury": 0.1086,
        "pilot_skill": 0.8335,
        "mission_priority": 0.4264,
        "estimated_landing_time": 1510.0,
        "wait_time": 0,
        "Landing_success_rate": 0.9327
    },
    {
        "model": 0,
        "sequence": 18,
        "status": 1,
        "fuel": 6412,
        "fault": 0.5881,
        "weapon": 0,
        "pilot_injury": 0.7297,
        "pilot_skill": 0.7345,
        "mission_priority": 0.698,
        "estimated_landing_time": 1698.0,
        "wait_time": 0,
        "Landing_success_rate": 0.8782
    }
]