[
    {
        "model": 2,
        "sequence": 20,
        "status": 1,
        "fuel": 7179,
        "fault": 0.7789,
        "weapon": 0,
        "pilot_injury": 0.2102,
        "pilot_skill": 0.8704,
        "mission_priority": 0.9178,
        "estimated_landing_time": 1886.0,
        "wait_time": 0,
        "Landing_success_rate": 0.8778
    },
    {
        "model": 0,
        "sequence": 16,
        "status": 1,
        "fuel": 7106,
        "fault": 0.3063,
        "weapon": 1,
        "pilot_injury": 0.2361,
        "pilot_skill": 0.8662,
        "mission_priority": 0.5768,
        "estimated_landing_time": 1510.0,
        "wait_time": 0,
        "Landing_success_rate": 0.9336
    },
    {
        "model": 2,
        "sequence": 4,
        "status": 1,
        "fuel": 6196,
        "fault": 0.3569,
        "weapon": 0,
        "pilot_injury": 0.8668,
        "pilot_skill": 0.137,
        "mission_priority": 0.0617,
        "estimated_landing_time": 382.0,
        "wait_time": 0,
        "Landing_success_rate": 0.8836
    },
    {
        "model": 1,
        "sequence": 7,
        "status": 1,
        "fuel": 7467,
        "fault": 0.3041,
        "weapon": 1,
        "pilot_injury": 0.512,
        "pilot_skill": 0.1143,
        "mission_priority": 0.7929,
        "estimated_landing_time": 664.0,
        "wait_time": 0,
        "Landing_success_rate": 0.9527
    },
    {
        "model": 0,
        "sequence": 13,
        "status": 1,
        "fuel": 7217,
        "fault": 0.2906,
        "weapon": 0,
        "pilot_injury": 0.84,
        "pilot_skill": 0.0635,
        "mission_priority": 0.0536,
        "estimated_landing_time": 1228.0,
        "wait_time": 0,
        "Landing_success_rate": 0.9414
    },
    {
        "model": 2,
        "sequence": 22,
        "status": 1,
        "fuel": 6697,
        "fault": 0.7801,
        "weapon": 1,
        "pilot_injury": 0.5718,
        "pilot_skill": 0.0792,
        "mission_priority": 0.4793,
        "estimated_landing_time": 2074.0,
        "wait_time": 0,
        "Landing_success_rate": 0.8697
    },
    {
        "model": 1,
        "sequence": 24,
        "status": 1,
        "fuel": 6166,
        "fault": 0.1719,
        "weapon": 0,
        "pilot_injury": 0.3562,
        "pilot_skill": 0.14,
        "mission_priority": 0.8421,
        "estimated_landing_time": 2262.0,
        "wait_time": 0,
        "Landing_success_rate": 0.8914
    },
    {
        "model": 0,
        "sequence": 18,
        "status": 1,
        "fuel": 6163,
        "fault": 0.3954,
        "weapon": 0,
        "pilot_injury": 0.5006,
        "pilot_skill": 0.8777,
        "mission_priority": 0.2807,
        "estimated_landing_time": 1698.0,
        "wait_time": 0,
        "Landing_success_rate": 0.8801
    },
    {
        "model": 1,
        "sequence": 1,
        "status": 1,
        "fuel": 6379,
        "fault": 0.1086,
        "weapon": 0,
        "pilot_injury": 0.0484,
        "pilot_skill": 0.8683,
        "mission_priority": 0.7589,
        "estimated_landing_time": 100.0,
        "wait_time": 0,
        "Landing_success_rate": 0.9088
    },
    {
        "model": 2,
        "sequence": 14,
        "status": 1,
        "fuel": 7416,
        "fault": 0.1929,
        "weapon": 0,
        "pilot_injury": 0.0106,
        "pilot_skill": 0.9857,
        "mission_priority": 0.4162,
        "estimated_landing_time": 1322.0,
        "wait_time": 0,
        "Landing_success_rate": 0.966
    },
    {
        "model": 2,
        "sequence": 19,
        "status": 1,
        "fuel": 7232,
        "fault": 0.017,
        "weapon": 1,
        "pilot_injury": 0.1038,
        "pilot_skill": 0.3433,
        "mission_priority": 0.4182,
        "estimated_landing_time": 1792.0,
        "wait_time": 0,
        "Landing_success_rate": 0.9777
    },
    {
        "model": 2,
        "sequence": 8,
        "status": 1,
        "fuel": 5792,
        "fault": 0.6468,
        "weapon": 0,
        "pilot_injury": 0.3165,
        "pilot_skill": 0.5393,
        "mission_priority": 0.2553,
        "estimated_landing_time": 758.0,
        "wait_time": 0,
        "Landing_success_rate": 0.8577
    },
    {
        "model": 2,
        "sequence": 12,
        "status": 1,
        "fuel": 5506,
        "fault": 0.4191,
        "weapon": 0,
        "pilot_injury": 0.1303,
        "pilot_skill": 0.4135,
        "mission_priority": 0.7077,
        "estimated_landing_time": 1134.0,
        "wait_time": 0,
        "Landing_success_rate": 0.8503
    },
    {
        "model": 0,
        "sequence": 23,
        "status": 1,
        "fuel": 6012,
        "fault": 0.8857,
        "weapon": 1,
        "pilot_injury": 0.1063,
        "pilot_skill": 0.4596,
        "mission_priority": 0.0974,
        "estimated_landing_time": 2168.0,
        "wait_time": 0,
        "Landing_success_rate": 0.8544
    },
    {
        "model": 0,
        "sequence": 3,
        "status": 1,
        "fuel": 6504,
        "fault": 0.6469,
        "weapon": 0,
        "pilot_injury": 0.6762,
        "pilot_skill": 0.7726,
        "mission_priority": 0.2435,
        "estimated_landing_time": 288.0,
        "wait_time": 0,
        "Landing_success_rate": 0.8766
    },
    {
        "model": 0,
        "sequence": 11,
        "status": 1,
        "fuel": 6764,
        "fault": 0.7162,
        "weapon": 1,
        "pilot_injury": 0.5605,
        "pilot_skill": 0.7679,
        "mission_priority": 0.4029,
        "estimated_landing_time": 1040.0,
        "wait_time": 0,
        "Landing_success_rate": 0.8769
    },
    {
        "model": 2,
        "sequence": 10,
        "status": 1,
        "fuel": 5785,
        "fault": 0.4369,
        "weapon": 0,
        "pilot_injury": 0.4497,
        "pilot_skill": 0.4472,
        "mission_priority": 0.41,
        "estimated_landing_time": 946.0,
        "wait_time": 0,
        "Landing_success_rate": 0.862
    },
    {
        "model": 2,
        "sequence": 6,
        "status": 1,
        "fuel": 6929,
        "fault": 0.8627,
        "weapon": 0,
        "pilot_injury": 0.2818,
        "pilot_skill": 0.3788,
        "mission_priority": 0.2823,
        "estimated_landing_time": 570.0,
        "wait_time": 0,
        "Landing_success_rate": 0.8647
    },
    {
        "model": 1,
        "sequence": 9,
        "status": 1,
        "fuel": 6251,
        "fault": 0.9322,
        "weapon": 0,
        "pilot_injury": 0.3903,
        "pilot_skill": 0.9682,
        "mission_priority": 0.6567,
        "estimated_landing_time": 852.0,
        "wait_time": 0,
        "Landing_success_rate": 0.8538
    },
    {
        "model": 1,
        "sequence": 21,
        "status": 1,
        "fuel": 6279,
        "fault": 0.346,
        "weapon": 1,
        "pilot_injury": 0.2244,
        "pilot_skill": 0.5768,
        "mission_priority": 0.9908,
        "estimated_landing_time": 1980.0,
        "wait_time": 0,
        "Landing_success_rate": 0.8882
    },
    {
        "model": 0,
        "sequence": 5,
        "status": 1,
        "fuel": 7225,
        "fault": 0.8243,
        "weapon": 1,
        "pilot_injury": 0.4501,
        "pilot_skill": 0.8795,
        "mission_priority": 0.697,
        "estimated_landing_time": 476.0,
        "wait_time": 0,
        "Landing_success_rate": 0.8727
    },
    {
        "model": 2,
        "sequence": 2,
        "status": 1,
        "fuel": 6635,
        "fault": 0.9382,
        "weapon": 1,
        "pilot_injury": 0.9577,
        "pilot_skill": 0.2504,
        "mission_priority": 0.5237,
        "estimated_landing_time": 194.0,
        "wait_time": 0,
        "Landing_success_rate": 0.8553
    },
    {
        "model": 2,
        "sequence": 15,
        "status": 1,
        "fuel": 7282,
        "fault": 0.8816,
        "weapon": 1,
        "pilot_injury": 0.1441,
        "pilot_skill": 0.2929,
        "mission_priority": 0.689,
        "estimated_landing_time": 1416.0,
        "wait_time": 0,
        "Landing_success_rate": 0.8658
    },
    {
        "model": 1,
        "sequence": 17,
        "status": 1,
        "fuel": 5831,
        "fault": 0.7538,
        "weapon": 0,
        "pilot_injury": 0.218,
        "pilot_skill": 0.0784,
        "mission_priority": 0.6867,
        "estimated_landing_time": 1604.0,
        "wait_time": 0,
        "Landing_success_rate": 0.8561
    }
]