[
    {
        "model": 2,
        "sequence": 11,
        "status": 1,
        "fuel": 6334,
        "fault": 0.6591,
        "weapon": 1,
        "pilot_injury": 0.9675,
        "pilot_skill": 0.4871,
        "mission_priority": 0.1339,
        "estimated_landing_time": 1040.0,
        "wait_time": 0,
        "Landing_success_rate": 0.8713
    },
    {
        "model": 0,
        "sequence": 14,
        "status": 1,
        "fuel": 6493,
        "fault": 0.692,
        "weapon": 1,
        "pilot_injury": 0.401,
        "pilot_skill": 0.2889,
        "mission_priority": 0.5505,
        "estimated_landing_time": 1322.0,
        "wait_time": 0,
        "Landing_success_rate": 0.8729
    },
    {
        "model": 0,
        "sequence": 10,
        "status": 1,
        "fuel": 5692,
        "fault": 0.412,
        "weapon": 0,
        "pilot_injury": 0.579,
        "pilot_skill": 0.7242,
        "mission_priority": 0.6624,
        "estimated_landing_time": 946.0,
        "wait_time": 0,
        "Landing_success_rate": 0.8585
    },
    {
        "model": 2,
        "sequence": 20,
        "status": 1,
        "fuel": 5714,
        "fault": 0.1814,
        "weapon": 0,
        "pilot_injury": 0.8721,
        "pilot_skill": 0.83,
        "mission_priority": 0.4701,
        "estimated_landing_time": 1886.0,
        "wait_time": 0,
        "Landing_success_rate": 0.8631
    },
    {
        "model": 2,
        "sequence": 13,
        "status": 1,
        "fuel": 5820,
        "fault": 0.1853,
        "weapon": 1,
        "pilot_injury": 0.5658,
        "pilot_skill": 0.4096,
        "mission_priority": 0.3485,
        "estimated_landing_time": 1228.0,
        "wait_time": 0,
        "Landing_success_rate": 0.8696
    },
    {
        "model": 1,
        "sequence": 19,
        "status": 1,
        "fuel": 6788,
        "fault": 0.5507,
        "weapon": 1,
        "pilot_injury": 0.0294,
        "pilot_skill": 0.9939,
        "mission_priority": 0.3627,
        "estimated_landing_time": 1792.0,
        "wait_time": 0,
        "Landing_success_rate": 0.8934
    },
    {
        "model": 0,
        "sequence": 9,
        "status": 1,
        "fuel": 5707,
        "fault": 0.4611,
        "weapon": 0,
        "pilot_injury": 0.675,
        "pilot_skill": 0.6808,
        "mission_priority": 0.9694,
        "estimated_landing_time": 852.0,
        "wait_time": 0,
        "Landing_success_rate": 0.8584
    },
    {
        "model": 0,
        "sequence": 3,
        "status": 1,
        "fuel": 7403,
        "fault": 0.0541,
        "weapon": 1,
        "pilot_injury": 0.9062,
        "pilot_skill": 0.4578,
        "mission_priority": 0.9528,
        "estimated_landing_time": 288.0,
        "wait_time": 0,
        "Landing_success_rate": 0.985
    },
    {
        "model": 2,
        "sequence": 12,
        "status": 1,
        "fuel": 6695,
        "fault": 0.8341,
        "weapon": 0,
        "pilot_injury": 0.7594,
        "pilot_skill": 0.9451,
        "mission_priority": 0.0779,
        "estimated_landing_time": 1134.0,
        "wait_time": 0,
        "Landing_success_rate": 0.8649
    },
    {
        "model": 2,
        "sequence": 2,
        "status": 1,
        "fuel": 6833,
        "fault": 0.7253,
        "weapon": 1,
        "pilot_injury": 0.103,
        "pilot_skill": 0.1831,
        "mission_priority": 0.6773,
        "estimated_landing_time": 194.0,
        "wait_time": 0,
        "Landing_success_rate": 0.8775
    },
    {
        "model": 0,
        "sequence": 18,
        "status": 1,
        "fuel": 6704,
        "fault": 0.8353,
        "weapon": 0,
        "pilot_injury": 0.9366,
        "pilot_skill": 0.3866,
        "mission_priority": 0.3414,
        "estimated_landing_time": 1698.0,
        "wait_time": 0,
        "Landing_success_rate": 0.8649
    },
    {
        "model": 1,
        "sequence": 23,
        "status": 1,
        "fuel": 7328,
        "fault": 0.3076,
        "weapon": 0,
        "pilot_injury": 0.442,
        "pilot_skill": 0.5448,
        "mission_priority": 0.7169,
        "estimated_landing_time": 2168.0,
        "wait_time": 0,
        "Landing_success_rate": 0.9449
    },
    {
        "model": 0,
        "sequence": 21,
        "status": 1,
        "fuel": 7144,
        "fault": 0.3196,
        "weapon": 1,
        "pilot_injury": 0.8605,
        "pilot_skill": 0.7325,
        "mission_priority": 0.0737,
        "estimated_landing_time": 1980.0,
        "wait_time": 0,
        "Landing_success_rate": 0.9339
    },
    {
        "model": 1,
        "sequence": 24,
        "status": 1,
        "fuel": 6536,
        "fault": 0.3475,
        "weapon": 1,
        "pilot_injury": 0.7929,
        "pilot_skill": 0.1438,
        "mission_priority": 0.1449,
        "estimated_landing_time": 2262.0,
        "wait_time": 0,
        "Landing_success_rate": 0.9007
    },
    {
        "model": 1,
        "sequence": 22,
        "status": 1,
        "fuel": 7433,
        "fault": 0.4708,
        "weapon": 1,
        "pilot_injury": 0.39,
        "pilot_skill": 0.8635,
        "mission_priority": 0.3981,
        "estimated_landing_time": 2074.0,
        "wait_time": 0,
        "Landing_success_rate": 0.9267
    },
    {
        "model": 1,
        "sequence": 16,
        "status": 1,
        "fuel": 6664,
        "fault": 0.7329,
        "weapon": 0,
        "pilot_injury": 0.7432,
        "pilot_skill": 0.0572,
        "mission_priority": 0.5495,
        "estimated_landing_time": 1510.0,
        "wait_time": 0,
        "Landing_success_rate": 0.8733
    },
    {
        "model": 0,
        "sequence": 7,
        "status": 1,
        "fuel": 6689,
        "fault": 0.1231,
        "weapon": 0,
        "pilot_injury": 0.2302,
        "pilot_skill": 0.3057,
        "mission_priority": 0.6892,
        "estimated_landing_time": 664.0,
        "wait_time": 0,
        "Landing_success_rate": 0.9282
    },
    {
        "model": 2,
        "sequence": 15,
        "status": 1,
        "fuel": 5925,
        "fault": 0.7447,
        "weapon": 1,
        "pilot_injury": 0.7729,
        "pilot_skill": 0.5995,
        "mission_priority": 0.6729,
        "estimated_landing_time": 1416.0,
        "wait_time": 0,
        "Landing_success_rate": 0.8581
    },
    {
        "model": 2,
        "sequence": 1,
        "status": 1,
        "fuel": 5565,
        "fault": 0.7541,
        "weapon": 0,
        "pilot_injury": 0.5318,
        "pilot_skill": 0.6978,
        "mission_priority": 0.8446,
        "estimated_landing_time": 100.0,
        "wait_time": 0,
        "Landing_success_rate": 0.8512
    },
    {
        "model": 0,
        "sequence": 4,
        "status": 1,
        "fuel": 7445,
        "fault": 0.6947,
        "weapon": 0,
        "pilot_injury": 0.6721,
        "pilot_skill": 0.3985,
        "mission_priority": 0.6619,
        "estimated_landing_time": 382.0,
        "wait_time": 0,
        "Landing_success_rate": 0.8945
    },
    {
        "model": 1,
        "sequence": 8,
        "status": 1,
        "fuel": 6691,
        "fault": 0.3825,
        "weapon": 0,
        "pilot_injury": 0.0062,
        "pilot_skill": 0.1226,
        "mission_priority": 0.9549,
        "estimated_landing_time": 758.0,
        "wait_time": 0,
        "Landing_success_rate": 0.9052
    },
    {
        "model": 0,
        "sequence": 6,
        "status": 1,
        "fuel": 6832,
        "fault": 0.4846,
        "weapon": 1,
        "pilot_injury": 0.6595,
        "pilot_skill": 0.9162,
        "mission_priority": 0.9161,
        "estimated_landing_time": 570.0,
        "wait_time": 0,
        "Landing_success_rate": 0.9015
    },
    {
        "model": 2,
        "sequence": 5,
        "status": 1,
        "fuel": 6741,
        "fault": 0.4957,
        "weapon": 0,
        "pilot_injury": 0.3941,
        "pilot_skill": 0.0721,
        "mission_priority": 0.5288,
        "estimated_landing_time": 476.0,
        "wait_time": 0,
        "Landing_success_rate": 0.8969
    },
    {
        "model": 1,
        "sequence": 17,
        "status": 1,
        "fuel": 5876,
        "fault": 0.7692,
        "weapon": 1,
        "pilot_injury": 0.1739,
        "pilot_skill": 0.7351,
        "mission_priority": 0.9483,
        "estimated_landing_time": 1604.0,
        "wait_time": 0,
        "Landing_success_rate": 0.8565
    }
]