[
    {
        "model": 2,
        "sequence": 5,
        "status": 1,
        "fuel": 6727,
        "fault": 0.9737,
        "weapon": 1,
        "pilot_injury": 0.9654,
        "pilot_skill": 0.8772,
        "mission_priority": 0.7399,
        "estimated_landing_time": 476.0,
        "wait_time": 0,
        "Landing_success_rate": 0.8524
    },
    {
        "model": 1,
        "sequence": 21,
        "status": 1,
        "fuel": 5542,
        "fault": 0.7202,
        "weapon": 0,
        "pilot_injury": 0.118,
        "pilot_skill": 0.1174,
        "mission_priority": 0.5372,
        "estimated_landing_time": 1980.0,
        "wait_time": 0,
        "Landing_success_rate": 0.8509
    },
    {
        "model": 2,
        "sequence": 19,
        "status": 1,
        "fuel": 5653,
        "fault": 0.6999,
        "weapon": 0,
        "pilot_injury": 0.4512,
        "pilot_skill": 0.9175,
        "mission_priority": 0.9903,
        "estimated_landing_time": 1792.0,
        "wait_time": 0,
        "Landing_success_rate": 0.8534
    },
    {
        "model": 2,
        "sequence": 23,
        "status": 1,
        "fuel": 6454,
        "fault": 0.0974,
        "weapon": 1,
        "pilot_injury": 0.7534,
        "pilot_skill": 0.5455,
        "mission_priority": 0.1988,
        "estimated_landing_time": 2168.0,
        "wait_time": 0,
        "Landing_success_rate": 0.9146
    },
    {
        "model": 0,
        "sequence": 15,
        "status": 1,
        "fuel": 5657,
        "fault": 0.5112,
        "weapon": 1,
        "pilot_injury": 0.3264,
        "pilot_skill": 0.6888,
        "mission_priority": 0.9139,
        "estimated_landing_time": 1416.0,
        "wait_time": 0,
        "Landing_success_rate": 0.8558
    },
    {
        "model": 2,
        "sequence": 2,
        "status": 1,
        "fuel": 5997,
        "fault": 0.1962,
        "weapon": 0,
        "pilot_injury": 0.4688,
        "pilot_skill": 0.1088,
        "mission_priority": 0.7603,
        "estimated_landing_time": 194.0,
        "wait_time": 0,
        "Landing_success_rate": 0.88
    },
    {
        "model": 0,
        "sequence": 7,
        "status": 1,
        "fuel": 6432,
        "fault": 0.6386,
        "weapon": 1,
        "pilot_injury": 0.8354,
        "pilot_skill": 0.2783,
        "mission_priority": 0.3126,
        "estimated_landing_time": 664.0,
        "wait_time": 0,
        "Landing_success_rate": 0.8753
    },
    {
        "model": 2,
        "sequence": 1,
        "status": 1,
        "fuel": 6276,
        "fault": 0.1249,
        "weapon": 1,
        "pilot_injury": 0.2511,
        "pilot_skill": 0.8211,
        "mission_priority": 0.153,
        "estimated_landing_time": 100.0,
        "wait_time": 0,
        "Landing_success_rate": 0.9009
    },
    {
        "model": 2,
        "sequence": 8,
        "status": 1,
        "fuel": 6928,
        "fault": 0.0489,
        "weapon": 0,
        "pilot_injury": 0.2009,
        "pilot_skill": 0.9698,
        "mission_priority": 0.8251,
        "estimated_landing_time": 758.0,
        "wait_time": 0,
        "Landing_success_rate": 0.9519
    },
    {
        "model": 0,
        "sequence": 20,
        "status": 1,
        "fuel": 7446,
        "fault": 0.6243,
        "weapon": 1,
        "pilot_injury": 0.0064,
        "pilot_skill": 0.2776,
        "mission_priority": 0.108,
        "estimated_landing_time": 1886.0,
        "wait_time": 0,
        "Landing_success_rate": 0.9048
    },
    {
        "model": 0,
        "sequence": 3,
        "status": 1,
        "fuel": 5915,
        "fault": 0.09,
        "weapon": 1,
        "pilot_injury": 0.1713,
        "pilot_skill": 0.2391,
        "mission_priority": 0.3927,
        "estimated_landing_time": 288.0,
        "wait_time": 0,
        "Landing_success_rate": 0.8783
    },
    {
        "model": 2,
        "sequence": 18,
        "status": 1,
        "fuel": 7469,
        "fault": 0.9714,
        "weapon": 0,
        "pilot_injury": 0.6015,
        "pilot_skill": 0.3493,
        "mission_priority": 0.2579,
        "estimated_landing_time": 1698.0,
        "wait_time": 0,
        "Landing_success_rate": 0.8542
    },
    {
        "model": 1,
        "sequence": 22,
        "status": 1,
        "fuel": 6623,
        "fault": 0.5453,
        "weapon": 0,
        "pilot_injury": 0.9184,
        "pilot_skill": 0.3056,
        "mission_priority": 0.5429,
        "estimated_landing_time": 2074.0,
        "wait_time": 0,
        "Landing_success_rate": 0.8883
    },
    {
        "model": 1,
        "sequence": 14,
        "status": 1,
        "fuel": 6093,
        "fault": 0.5823,
        "weapon": 0,
        "pilot_injury": 0.7955,
        "pilot_skill": 0.9714,
        "mission_priority": 0.8366,
        "estimated_landing_time": 1322.0,
        "wait_time": 0,
        "Landing_success_rate": 0.8686
    },
    {
        "model": 0,
        "sequence": 12,
        "status": 1,
        "fuel": 6551,
        "fault": 0.8961,
        "weapon": 0,
        "pilot_injury": 0.5919,
        "pilot_skill": 0.0568,
        "mission_priority": 0.0727,
        "estimated_landing_time": 1134.0,
        "wait_time": 0,
        "Landing_success_rate": 0.8582
    },
    {
        "model": 0,
        "sequence": 17,
        "status": 1,
        "fuel": 5539,
        "fault": 0.6312,
        "weapon": 1,
        "pilot_injury": 0.2855,
        "pilot_skill": 0.8741,
        "mission_priority": 0.645,
        "estimated_landing_time": 1604.0,
        "wait_time": 0,
        "Landing_success_rate": 0.8511
    },
    {
        "model": 2,
        "sequence": 24,
        "status": 1,
        "fuel": 6798,
        "fault": 0.6956,
        "weapon": 1,
        "pilot_injury": 0.3314,
        "pilot_skill": 0.9739,
        "mission_priority": 0.176,
        "estimated_landing_time": 2262.0,
        "wait_time": 0,
        "Landing_success_rate": 0.8796
    },
    {
        "model": 1,
        "sequence": 4,
        "status": 1,
        "fuel": 7385,
        "fault": 0.4648,
        "weapon": 0,
        "pilot_injury": 0.7116,
        "pilot_skill": 0.8358,
        "mission_priority": 0.1362,
        "estimated_landing_time": 382.0,
        "wait_time": 0,
        "Landing_success_rate": 0.9257
    },
    {
        "model": 1,
        "sequence": 13,
        "status": 1,
        "fuel": 7286,
        "fault": 0.1436,
        "weapon": 1,
        "pilot_injury": 0.9846,
        "pilot_skill": 0.7476,
        "mission_priority": 0.9518,
        "estimated_landing_time": 1228.0,
        "wait_time": 0,
        "Landing_success_rate": 0.9647
    },
    {
        "model": 2,
        "sequence": 6,
        "status": 1,
        "fuel": 6456,
        "fault": 0.0215,
        "weapon": 1,
        "pilot_injury": 0.9169,
        "pilot_skill": 0.5312,
        "mission_priority": 0.711,
        "estimated_landing_time": 570.0,
        "wait_time": 0,
        "Landing_success_rate": 0.9202
    },
    {
        "model": 1,
        "sequence": 9,
        "status": 1,
        "fuel": 7252,
        "fault": 0.4665,
        "weapon": 1,
        "pilot_injury": 0.8794,
        "pilot_skill": 0.9777,
        "mission_priority": 0.1117,
        "estimated_landing_time": 852.0,
        "wait_time": 0,
        "Landing_success_rate": 0.9201
    },
    {
        "model": 2,
        "sequence": 10,
        "status": 1,
        "fuel": 5944,
        "fault": 0.6139,
        "weapon": 0,
        "pilot_injury": 0.5161,
        "pilot_skill": 0.233,
        "mission_priority": 0.0417,
        "estimated_landing_time": 946.0,
        "wait_time": 0,
        "Landing_success_rate": 0.8629
    },
    {
        "model": 2,
        "sequence": 16,
        "status": 1,
        "fuel": 6711,
        "fault": 0.2564,
        "weapon": 1,
        "pilot_injury": 0.2991,
        "pilot_skill": 0.6428,
        "mission_priority": 0.4286,
        "estimated_landing_time": 1510.0,
        "wait_time": 0,
        "Landing_success_rate": 0.9175
    },
    {
        "model": 0,
        "sequence": 11,
        "status": 1,
        "fuel": 6631,
        "fault": 0.7994,
        "weapon": 0,
        "pilot_injury": 0.9919,
        "pilot_skill": 0.2844,
        "mission_priority": 0.11,
        "estimated_landing_time": 1040.0,
        "wait_time": 0,
        "Landing_success_rate": 0.867
    }
]