[
    {
        "model": 1,
        "sequence": 6,
        "status": 1,
        "fuel": 7254,
        "fault": 0.6141,
        "weapon": 0,
        "pilot_injury": 0.0308,
        "pilot_skill": 0.1506,
        "mission_priority": 0.2905,
        "estimated_landing_time": 570.0,
        "wait_time": 0,
        "Landing_success_rate": 0.9008
    },
    {
        "model": 1,
        "sequence": 22,
        "status": 1,
        "fuel": 6702,
        "fault": 0.1633,
        "weapon": 0,
        "pilot_injury": 0.213,
        "pilot_skill": 0.6486,
        "mission_priority": 0.0318,
        "estimated_landing_time": 2074.0,
        "wait_time": 0,
        "Landing_success_rate": 0.9254
    },
    {
        "model": 2,
        "sequence": 4,
        "status": 1,
        "fuel": 5932,
        "fault": 0.9319,
        "weapon": 1,
        "pilot_injury": 0.7038,
        "pilot_skill": 0.9144,
        "mission_priority": 0.4378,
        "estimated_landing_time": 382.0,
        "wait_time": 0,
        "Landing_success_rate": 0.8522
    },
    {
        "model": 2,
        "sequence": 20,
        "status": 1,
        "fuel": 7136,
        "fault": 0.2938,
        "weapon": 1,
        "pilot_injury": 0.4374,
        "pilot_skill": 0.4975,
        "mission_priority": 0.8544,
        "estimated_landing_time": 1886.0,
        "wait_time": 0,
        "Landing_success_rate": 0.9367
    },
    {
        "model": 0,
        "sequence": 10,
        "status": 1,
        "fuel": 5607,
        "fault": 0.5843,
        "weapon": 0,
        "pilot_injury": 0.5408,
        "pilot_skill": 0.6249,
        "mission_priority": 0.8898,
        "estimated_landing_time": 946.0,
        "wait_time": 0,
        "Landing_success_rate": 0.8533
    },
    {
        "model": 0,
        "sequence": 13,
        "status": 1,
        "fuel": 6693,
        "fault": 0.2187,
        "weapon": 1,
        "pilot_injury": 0.9205,
        "pilot_skill": 0.0455,
        "mission_priority": 0.1946,
        "estimated_landing_time": 1228.0,
        "wait_time": 0,
        "Landing_success_rate": 0.9199
    },
    {
        "model": 1,
        "sequence": 19,
        "status": 1,
        "fuel": 5525,
        "fault": 0.9808,
        "weapon": 0,
        "pilot_injury": 0.8418,
        "pilot_skill": 0.1992,
        "mission_priority": 0.2467,
        "estimated_landing_time": 1792.0,
        "wait_time": 0,
        "Landing_success_rate": 0.85
    },
    {
        "model": 0,
        "sequence": 14,
        "status": 1,
        "fuel": 6926,
        "fault": 0.7456,
        "weapon": 1,
        "pilot_injury": 0.2612,
        "pilot_skill": 0.7327,
        "mission_priority": 0.1662,
        "estimated_landing_time": 1322.0,
        "wait_time": 0,
        "Landing_success_rate": 0.8772
    },
    {
        "model": 2,
        "sequence": 8,
        "status": 1,
        "fuel": 5830,
        "fault": 0.391,
        "weapon": 1,
        "pilot_injury": 0.4476,
        "pilot_skill": 0.1353,
        "mission_priority": 0.6797,
        "estimated_landing_time": 758.0,
        "wait_time": 0,
        "Landing_success_rate": 0.8651
    },
    {
        "model": 0,
        "sequence": 1,
        "status": 1,
        "fuel": 6590,
        "fault": 0.8943,
        "weapon": 0,
        "pilot_injury": 0.3169,
        "pilot_skill": 0.6988,
        "mission_priority": 0.5099,
        "estimated_landing_time": 100.0,
        "wait_time": 0,
        "Landing_success_rate": 0.8586
    },
    {
        "model": 0,
        "sequence": 9,
        "status": 1,
        "fuel": 6521,
        "fault": 0.7596,
        "weapon": 0,
        "pilot_injury": 0.2373,
        "pilot_skill": 0.1013,
        "mission_priority": 0.2811,
        "estimated_landing_time": 852.0,
        "wait_time": 0,
        "Landing_success_rate": 0.8684
    },
    {
        "model": 0,
        "sequence": 3,
        "status": 1,
        "fuel": 7153,
        "fault": 0.1141,
        "weapon": 1,
        "pilot_injury": 0.0398,
        "pilot_skill": 0.4488,
        "mission_priority": 0.3474,
        "estimated_landing_time": 288.0,
        "wait_time": 0,
        "Landing_success_rate": 0.9598
    },
    {
        "model": 2,
        "sequence": 23,
        "status": 1,
        "fuel": 5581,
        "fault": 0.5645,
        "weapon": 0,
        "pilot_injury": 0.7661,
        "pilot_skill": 0.9609,
        "mission_priority": 0.2623,
        "estimated_landing_time": 2168.0,
        "wait_time": 0,
        "Landing_success_rate": 0.8526
    },
    {
        "model": 0,
        "sequence": 21,
        "status": 1,
        "fuel": 6919,
        "fault": 0.479,
        "weapon": 0,
        "pilot_injury": 0.7549,
        "pilot_skill": 0.6813,
        "mission_priority": 0.0522,
        "estimated_landing_time": 1980.0,
        "wait_time": 0,
        "Landing_success_rate": 0.9054
    },
    {
        "model": 0,
        "sequence": 15,
        "status": 1,
        "fuel": 5924,
        "fault": 0.3807,
        "weapon": 0,
        "pilot_injury": 0.9302,
        "pilot_skill": 0.6852,
        "mission_priority": 0.7866,
        "estimated_landing_time": 1416.0,
        "wait_time": 0,
        "Landing_success_rate": 0.8697
    },
    {
        "model": 2,
        "sequence": 24,
        "status": 1,
        "fuel": 5765,
        "fault": 0.5664,
        "weapon": 0,
        "pilot_injury": 0.2625,
        "pilot_skill": 0.5313,
        "mission_priority": 0.3862,
        "estimated_landing_time": 2262.0,
        "wait_time": 0,
        "Landing_success_rate": 0.8586
    },
    {
        "model": 2,
        "sequence": 7,
        "status": 1,
        "fuel": 5626,
        "fault": 0.4972,
        "weapon": 0,
        "pilot_injury": 0.775,
        "pilot_skill": 0.7136,
        "mission_priority": 0.7473,
        "estimated_landing_time": 664.0,
        "wait_time": 0,
        "Landing_success_rate": 0.8548
    },
    {
        "model": 0,
        "sequence": 11,
        "status": 1,
        "fuel": 7400,
        "fault": 0.2816,
        "weapon": 0,
        "pilot_injury": 0.7796,
        "pilot_skill": 0.0659,
        "mission_priority": 0.6232,
        "estimated_landing_time": 1040.0,
        "wait_time": 0,
        "Landing_success_rate": 0.9524
    },
    {
        "model": 0,
        "sequence": 17,
        "status": 1,
        "fuel": 6410,
        "fault": 0.599,
        "weapon": 0,
        "pilot_injury": 0.0611,
        "pilot_skill": 0.9832,
        "mission_priority": 0.6141,
        "estimated_landing_time": 1604.0,
        "wait_time": 0,
        "Landing_success_rate": 0.8774
    },
    {
        "model": 2,
        "sequence": 5,
        "status": 1,
        "fuel": 6864,
        "fault": 0.9851,
        "weapon": 0,
        "pilot_injury": 0.8267,
        "pilot_skill": 0.18,
        "mission_priority": 0.5368,
        "estimated_landing_time": 476.0,
        "wait_time": 0,
        "Landing_success_rate": 0.8515
    },
    {
        "model": 1,
        "sequence": 16,
        "status": 1,
        "fuel": 6337,
        "fault": 0.4885,
        "weapon": 0,
        "pilot_injury": 0.1946,
        "pilot_skill": 0.3872,
        "mission_priority": 0.5302,
        "estimated_landing_time": 1510.0,
        "wait_time": 0,
        "Landing_success_rate": 0.8821
    },
    {
        "model": 1,
        "sequence": 18,
        "status": 1,
        "fuel": 6901,
        "fault": 0.4584,
        "weapon": 1,
        "pilot_injury": 0.4688,
        "pilot_skill": 0.2318,
        "mission_priority": 0.7351,
        "estimated_landing_time": 1698.0,
        "wait_time": 0,
        "Landing_success_rate": 0.9069
    },
    {
        "model": 2,
        "sequence": 12,
        "status": 1,
        "fuel": 6482,
        "fault": 0.5626,
        "weapon": 0,
        "pilot_injury": 0.4311,
        "pilot_skill": 0.3595,
        "mission_priority": 0.9293,
        "estimated_landing_time": 1134.0,
        "wait_time": 0,
        "Landing_success_rate": 0.8822
    },
    {
        "model": 1,
        "sequence": 2,
        "status": 1,
        "fuel": 6827,
        "fault": 0.8024,
        "weapon": 1,
        "pilot_injury": 0.1775,
        "pilot_skill": 0.4655,
        "mission_priority": 0.9537,
        "estimated_landing_time": 194.0,
        "wait_time": 0,
        "Landing_success_rate": 0.8697
    }
]