[
    {
        "model": 0,
        "sequence": 15,
        "status": 1,
        "fuel": 7029,
        "fault": 0.1295,
        "weapon": 1,
        "pilot_injury": 0.9107,
        "pilot_skill": 0.1223,
        "mission_priority": 0.7956,
        "estimated_landing_time": 1416.0,
        "wait_time": 0,
        "Landing_success_rate": 0.9498
    },
    {
        "model": 0,
        "sequence": 20,
        "status": 1,
        "fuel": 5504,
        "fault": 0.6499,
        "weapon": 0,
        "pilot_injury": 0.9209,
        "pilot_skill": 0.0174,
        "mission_priority": 0.2741,
        "estimated_landing_time": 1886.0,
        "wait_time": 0,
        "Landing_success_rate": 0.8501
    },
    {
        "model": 1,
        "sequence": 8,
        "status": 1,
        "fuel": 6724,
        "fault": 0.6936,
        "weapon": 1,
        "pilot_injury": 0.5989,
        "pilot_skill": 0.7498,
        "mission_priority": 0.148,
        "estimated_landing_time": 758.0,
        "wait_time": 0,
        "Landing_success_rate": 0.8781
    },
    {
        "model": 2,
        "sequence": 2,
        "status": 1,
        "fuel": 7338,
        "fault": 0.561,
        "weapon": 0,
        "pilot_injury": 0.2375,
        "pilot_skill": 0.5392,
        "mission_priority": 0.2987,
        "estimated_landing_time": 194.0,
        "wait_time": 0,
        "Landing_success_rate": 0.9105
    },
    {
        "model": 2,
        "sequence": 13,
        "status": 1,
        "fuel": 6396,
        "fault": 0.7718,
        "weapon": 0,
        "pilot_injury": 0.1413,
        "pilot_skill": 0.6006,
        "mission_priority": 0.8116,
        "estimated_landing_time": 1228.0,
        "wait_time": 0,
        "Landing_success_rate": 0.8653
    },
    {
        "model": 0,
        "sequence": 11,
        "status": 1,
        "fuel": 6580,
        "fault": 0.8523,
        "weapon": 0,
        "pilot_injury": 0.2254,
        "pilot_skill": 0.3871,
        "mission_priority": 0.7512,
        "estimated_landing_time": 1040.0,
        "wait_time": 0,
        "Landing_success_rate": 0.862
    },
    {
        "model": 1,
        "sequence": 23,
        "status": 1,
        "fuel": 6090,
        "fault": 0.8385,
        "weapon": 0,
        "pilot_injury": 0.1951,
        "pilot_skill": 0.0419,
        "mission_priority": 0.9437,
        "estimated_landing_time": 2168.0,
        "wait_time": 0,
        "Landing_success_rate": 0.8571
    },
    {
        "model": 0,
        "sequence": 14,
        "status": 1,
        "fuel": 5569,
        "fault": 0.9575,
        "weapon": 0,
        "pilot_injury": 0.6602,
        "pilot_skill": 0.8909,
        "mission_priority": 0.2661,
        "estimated_landing_time": 1322.0,
        "wait_time": 0,
        "Landing_success_rate": 0.8502
    },
    {
        "model": 2,
        "sequence": 3,
        "status": 1,
        "fuel": 5852,
        "fault": 0.3324,
        "weapon": 1,
        "pilot_injury": 0.5856,
        "pilot_skill": 0.0714,
        "mission_priority": 0.1945,
        "estimated_landing_time": 288.0,
        "wait_time": 0,
        "Landing_success_rate": 0.8676
    },
    {
        "model": 1,
        "sequence": 6,
        "status": 1,
        "fuel": 7437,
        "fault": 0.6331,
        "weapon": 1,
        "pilot_injury": 0.2241,
        "pilot_skill": 0.8697,
        "mission_priority": 0.0781,
        "estimated_landing_time": 570.0,
        "wait_time": 0,
        "Landing_success_rate": 0.9033
    },
    {
        "model": 1,
        "sequence": 18,
        "status": 1,
        "fuel": 7360,
        "fault": 0.6042,
        "weapon": 1,
        "pilot_injury": 0.8989,
        "pilot_skill": 0.1762,
        "mission_priority": 0.2299,
        "estimated_landing_time": 1698.0,
        "wait_time": 0,
        "Landing_success_rate": 0.9052
    },
    {
        "model": 0,
        "sequence": 10,
        "status": 1,
        "fuel": 6182,
        "fault": 0.7624,
        "weapon": 0,
        "pilot_injury": 0.9453,
        "pilot_skill": 0.3621,
        "mission_priority": 0.4893,
        "estimated_landing_time": 946.0,
        "wait_time": 0,
        "Landing_success_rate": 0.8622
    },
    {
        "model": 1,
        "sequence": 4,
        "status": 1,
        "fuel": 6248,
        "fault": 0.5554,
        "weapon": 1,
        "pilot_injury": 0.4678,
        "pilot_skill": 0.1217,
        "mission_priority": 0.6303,
        "estimated_landing_time": 382.0,
        "wait_time": 0,
        "Landing_success_rate": 0.8749
    },
    {
        "model": 1,
        "sequence": 7,
        "status": 1,
        "fuel": 5606,
        "fault": 0.4723,
        "weapon": 0,
        "pilot_injury": 0.6122,
        "pilot_skill": 0.8156,
        "mission_priority": 0.4394,
        "estimated_landing_time": 664.0,
        "wait_time": 0,
        "Landing_success_rate": 0.8542
    },
    {
        "model": 1,
        "sequence": 19,
        "status": 1,
        "fuel": 6632,
        "fault": 0.532,
        "weapon": 1,
        "pilot_injury": 0.323,
        "pilot_skill": 0.2301,
        "mission_priority": 0.9962,
        "estimated_landing_time": 1792.0,
        "wait_time": 0,
        "Landing_success_rate": 0.8897
    },
    {
        "model": 1,
        "sequence": 5,
        "status": 1,
        "fuel": 6566,
        "fault": 0.8928,
        "weapon": 1,
        "pilot_injury": 0.8476,
        "pilot_skill": 0.93,
        "mission_priority": 0.9377,
        "estimated_landing_time": 476.0,
        "wait_time": 0,
        "Landing_success_rate": 0.8586
    },
    {
        "model": 0,
        "sequence": 21,
        "status": 1,
        "fuel": 5924,
        "fault": 0.9897,
        "weapon": 0,
        "pilot_injury": 0.3492,
        "pilot_skill": 0.6072,
        "mission_priority": 0.3027,
        "estimated_landing_time": 1980.0,
        "wait_time": 0,
        "Landing_success_rate": 0.8503
    },
    {
        "model": 1,
        "sequence": 17,
        "status": 1,
        "fuel": 7262,
        "fault": 0.0141,
        "weapon": 1,
        "pilot_injury": 0.8794,
        "pilot_skill": 0.1435,
        "mission_priority": 0.5718,
        "estimated_landing_time": 1604.0,
        "wait_time": 0,
        "Landing_success_rate": 0.9803
    },
    {
        "model": 2,
        "sequence": 16,
        "status": 1,
        "fuel": 6850,
        "fault": 0.1353,
        "weapon": 0,
        "pilot_injury": 0.028,
        "pilot_skill": 0.1485,
        "mission_priority": 0.968,
        "estimated_landing_time": 1510.0,
        "wait_time": 0,
        "Landing_success_rate": 0.9376
    },
    {
        "model": 0,
        "sequence": 9,
        "status": 1,
        "fuel": 6896,
        "fault": 0.0559,
        "weapon": 0,
        "pilot_injury": 0.3749,
        "pilot_skill": 0.4651,
        "mission_priority": 0.4781,
        "estimated_landing_time": 852.0,
        "wait_time": 0,
        "Landing_success_rate": 0.9488
    },
    {
        "model": 1,
        "sequence": 24,
        "status": 1,
        "fuel": 6691,
        "fault": 0.3843,
        "weapon": 1,
        "pilot_injury": 0.9085,
        "pilot_skill": 0.0189,
        "mission_priority": 0.65,
        "estimated_landing_time": 2262.0,
        "wait_time": 0,
        "Landing_success_rate": 0.905
    },
    {
        "model": 0,
        "sequence": 1,
        "status": 1,
        "fuel": 6051,
        "fault": 0.513,
        "weapon": 0,
        "pilot_injury": 0.8669,
        "pilot_skill": 0.6495,
        "mission_priority": 0.4689,
        "estimated_landing_time": 100.0,
        "wait_time": 0,
        "Landing_success_rate": 0.8701
    },
    {
        "model": 2,
        "sequence": 12,
        "status": 1,
        "fuel": 7429,
        "fault": 0.4303,
        "weapon": 1,
        "pilot_injury": 0.2493,
        "pilot_skill": 0.3869,
        "mission_priority": 0.7599,
        "estimated_landing_time": 1134.0,
        "wait_time": 0,
        "Landing_success_rate": 0.9324
    },
    {
        "model": 1,
        "sequence": 22,
        "status": 1,
        "fuel": 7386,
        "fault": 0.5002,
        "weapon": 0,
        "pilot_injury": 0.8594,
        "pilot_skill": 0.0429,
        "mission_priority": 0.6785,
        "estimated_landing_time": 2074.0,
        "wait_time": 0,
        "Landing_success_rate": 0.9207
    }
]