[
    {
        "model": 2,
        "sequence": 9,
        "status": 1,
        "fuel": 6792,
        "fault": 0.1387,
        "weapon": 1,
        "pilot_injury": 0.7066,
        "pilot_skill": 0.0463,
        "mission_priority": 0.9931,
        "estimated_landing_time": 852.0,
        "wait_time": 0,
        "Landing_success_rate": 0.9335
    },
    {
        "model": 1,
        "sequence": 5,
        "status": 1,
        "fuel": 7179,
        "fault": 0.2666,
        "weapon": 1,
        "pilot_injury": 0.6682,
        "pilot_skill": 0.2423,
        "mission_priority": 0.9264,
        "estimated_landing_time": 476.0,
        "wait_time": 0,
        "Landing_success_rate": 0.9424
    },
    {
        "model": 1,
        "sequence": 21,
        "status": 1,
        "fuel": 6808,
        "fault": 0.4131,
        "weapon": 0,
        "pilot_injury": 0.4291,
        "pilot_skill": 0.2846,
        "mission_priority": 0.5301,
        "estimated_landing_time": 1980.0,
        "wait_time": 0,
        "Landing_success_rate": 0.9076
    },
    {
        "model": 1,
        "sequence": 18,
        "status": 1,
        "fuel": 6818,
        "fault": 0.9935,
        "weapon": 1,
        "pilot_injury": 0.0288,
        "pilot_skill": 0.5301,
        "mission_priority": 0.8366,
        "estimated_landing_time": 1698.0,
        "wait_time": 0,
        "Landing_success_rate": 0.8506
    },
    {
        "model": 0,
        "sequence": 12,
        "status": 1,
        "fuel": 7038,
        "fault": 0.4453,
        "weapon": 0,
        "pilot_injury": 0.0515,
        "pilot_skill": 0.595,
        "mission_priority": 0.3167,
        "estimated_landing_time": 1134.0,
        "wait_time": 0,
        "Landing_success_rate": 0.914
    },
    {
        "model": 2,
        "sequence": 22,
        "status": 1,
        "fuel": 7098,
        "fault": 0.1824,
        "weapon": 1,
        "pilot_injury": 0.5618,
        "pilot_skill": 0.9172,
        "mission_priority": 0.2236,
        "estimated_landing_time": 2074.0,
        "wait_time": 0,
        "Landing_success_rate": 0.948
    },
    {
        "model": 2,
        "sequence": 14,
        "status": 1,
        "fuel": 6489,
        "fault": 0.6587,
        "weapon": 0,
        "pilot_injury": 0.0821,
        "pilot_skill": 0.9321,
        "mission_priority": 0.7002,
        "estimated_landing_time": 1322.0,
        "wait_time": 0,
        "Landing_success_rate": 0.8753
    },
    {
        "model": 2,
        "sequence": 3,
        "status": 1,
        "fuel": 7476,
        "fault": 0.3675,
        "weapon": 0,
        "pilot_injury": 0.4797,
        "pilot_skill": 0.8037,
        "mission_priority": 0.5776,
        "estimated_landing_time": 288.0,
        "wait_time": 0,
        "Landing_success_rate": 0.9437
    },
    {
        "model": 1,
        "sequence": 7,
        "status": 1,
        "fuel": 6643,
        "fault": 0.5868,
        "weapon": 0,
        "pilot_injury": 0.0138,
        "pilot_skill": 0.1859,
        "mission_priority": 0.128,
        "estimated_landing_time": 664.0,
        "wait_time": 0,
        "Landing_success_rate": 0.8854
    },
    {
        "model": 2,
        "sequence": 19,
        "status": 1,
        "fuel": 6362,
        "fault": 0.4709,
        "weapon": 0,
        "pilot_injury": 0.2202,
        "pilot_skill": 0.0963,
        "mission_priority": 0.4868,
        "estimated_landing_time": 1792.0,
        "wait_time": 0,
        "Landing_success_rate": 0.8842
    },
    {
        "model": 2,
        "sequence": 17,
        "status": 1,
        "fuel": 5652,
        "fault": 0.4979,
        "weapon": 0,
        "pilot_injury": 0.0889,
        "pilot_skill": 0.5169,
        "mission_priority": 0.1301,
        "estimated_landing_time": 1604.0,
        "wait_time": 0,
        "Landing_success_rate": 0.8557
    },
    {
        "model": 2,
        "sequence": 24,
        "status": 1,
        "fuel": 6744,
        "fault": 0.9945,
        "weapon": 0,
        "pilot_injury": 0.8744,
        "pilot_skill": 0.7885,
        "mission_priority": 0.9591,
        "estimated_landing_time": 2262.0,
        "wait_time": 0,
        "Landing_success_rate": 0.8505
    },
    {
        "model": 2,
        "sequence": 1,
        "status": 1,
        "fuel": 6342,
        "fault": 0.8221,
        "weapon": 1,
        "pilot_injury": 0.9709,
        "pilot_skill": 0.3818,
        "mission_priority": 0.0091,
        "estimated_landing_time": 100.0,
        "wait_time": 0,
        "Landing_success_rate": 0.8612
    },
    {
        "model": 1,
        "sequence": 20,
        "status": 1,
        "fuel": 6362,
        "fault": 0.859,
        "weapon": 1,
        "pilot_injury": 0.7179,
        "pilot_skill": 0.0151,
        "mission_priority": 0.111,
        "estimated_landing_time": 1886.0,
        "wait_time": 0,
        "Landing_success_rate": 0.8591
    },
    {
        "model": 0,
        "sequence": 13,
        "status": 1,
        "fuel": 6056,
        "fault": 0.467,
        "weapon": 1,
        "pilot_injury": 0.8886,
        "pilot_skill": 0.7499,
        "mission_priority": 0.3282,
        "estimated_landing_time": 1228.0,
        "wait_time": 0,
        "Landing_success_rate": 0.8722
    },
    {
        "model": 0,
        "sequence": 23,
        "status": 1,
        "fuel": 5770,
        "fault": 0.4539,
        "weapon": 0,
        "pilot_injury": 0.7554,
        "pilot_skill": 0.3957,
        "mission_priority": 0.8988,
        "estimated_landing_time": 2168.0,
        "wait_time": 0,
        "Landing_success_rate": 0.8611
    },
    {
        "model": 1,
        "sequence": 15,
        "status": 1,
        "fuel": 6984,
        "fault": 0.732,
        "weapon": 1,
        "pilot_injury": 0.9112,
        "pilot_skill": 0.7127,
        "mission_priority": 0.8881,
        "estimated_landing_time": 1416.0,
        "wait_time": 0,
        "Landing_success_rate": 0.8798
    },
    {
        "model": 0,
        "sequence": 11,
        "status": 1,
        "fuel": 6019,
        "fault": 0.842,
        "weapon": 0,
        "pilot_injury": 0.2354,
        "pilot_skill": 0.7511,
        "mission_priority": 0.5817,
        "estimated_landing_time": 1040.0,
        "wait_time": 0,
        "Landing_success_rate": 0.8562
    },
    {
        "model": 2,
        "sequence": 4,
        "status": 1,
        "fuel": 5504,
        "fault": 0.2105,
        "weapon": 0,
        "pilot_injury": 0.5523,
        "pilot_skill": 0.7654,
        "mission_priority": 0.8584,
        "estimated_landing_time": 382.0,
        "wait_time": 0,
        "Landing_success_rate": 0.8502
    },
    {
        "model": 0,
        "sequence": 8,
        "status": 1,
        "fuel": 5735,
        "fault": 0.2064,
        "weapon": 1,
        "pilot_injury": 0.9761,
        "pilot_skill": 0.6497,
        "mission_priority": 0.3235,
        "estimated_landing_time": 758.0,
        "wait_time": 0,
        "Landing_success_rate": 0.864
    },
    {
        "model": 0,
        "sequence": 16,
        "status": 1,
        "fuel": 6660,
        "fault": 0.3359,
        "weapon": 1,
        "pilot_injury": 0.599,
        "pilot_skill": 0.2275,
        "mission_priority": 0.4911,
        "estimated_landing_time": 1510.0,
        "wait_time": 0,
        "Landing_success_rate": 0.9078
    },
    {
        "model": 2,
        "sequence": 6,
        "status": 1,
        "fuel": 7193,
        "fault": 0.0513,
        "weapon": 1,
        "pilot_injury": 0.4927,
        "pilot_skill": 0.4847,
        "mission_priority": 0.7946,
        "estimated_landing_time": 570.0,
        "wait_time": 0,
        "Landing_success_rate": 0.9705
    },
    {
        "model": 2,
        "sequence": 10,
        "status": 1,
        "fuel": 7497,
        "fault": 0.0581,
        "weapon": 0,
        "pilot_injury": 0.7684,
        "pilot_skill": 0.9101,
        "mission_priority": 0.0457,
        "estimated_landing_time": 946.0,
        "wait_time": 0,
        "Landing_success_rate": 0.9911
    },
    {
        "model": 2,
        "sequence": 2,
        "status": 1,
        "fuel": 5782,
        "fault": 0.4828,
        "weapon": 1,
        "pilot_injury": 0.2891,
        "pilot_skill": 0.0392,
        "mission_priority": 0.2055,
        "estimated_landing_time": 194.0,
        "wait_time": 0,
        "Landing_success_rate": 0.8609
    }
]