[
    {
        "model": 1,
        "sequence": 17,
        "status": 1,
        "fuel": 7167,
        "fault": 0.5564,
        "weapon": 1,
        "pilot_injury": 0.6226,
        "pilot_skill": 0.2663,
        "mission_priority": 0.9671,
        "estimated_landing_time": 1604.0,
        "wait_time": 0,
        "Landing_success_rate": 0.9055
    },
    {
        "model": 0,
        "sequence": 10,
        "status": 1,
        "fuel": 6355,
        "fault": 0.2802,
        "weapon": 0,
        "pilot_injury": 0.0457,
        "pilot_skill": 0.795,
        "mission_priority": 0.094,
        "estimated_landing_time": 946.0,
        "wait_time": 0,
        "Landing_success_rate": 0.8962
    },
    {
        "model": 2,
        "sequence": 9,
        "status": 1,
        "fuel": 6625,
        "fault": 0.8334,
        "weapon": 1,
        "pilot_injury": 0.3535,
        "pilot_skill": 0.7658,
        "mission_priority": 0.9502,
        "estimated_landing_time": 852.0,
        "wait_time": 0,
        "Landing_success_rate": 0.8641
    },
    {
        "model": 1,
        "sequence": 5,
        "status": 1,
        "fuel": 5520,
        "fault": 0.7058,
        "weapon": 0,
        "pilot_injury": 0.4175,
        "pilot_skill": 0.8018,
        "mission_priority": 0.7772,
        "estimated_landing_time": 476.0,
        "wait_time": 0,
        "Landing_success_rate": 0.8504
    },
    {
        "model": 1,
        "sequence": 24,
        "status": 1,
        "fuel": 6514,
        "fault": 0.3065,
        "weapon": 1,
        "pilot_injury": 0.499,
        "pilot_skill": 0.9635,
        "mission_priority": 0.1079,
        "estimated_landing_time": 2262.0,
        "wait_time": 0,
        "Landing_success_rate": 0.9027
    },
    {
        "model": 1,
        "sequence": 22,
        "status": 1,
        "fuel": 6717,
        "fault": 0.3254,
        "weapon": 1,
        "pilot_injury": 0.4856,
        "pilot_skill": 0.304,
        "mission_priority": 0.4198,
        "estimated_landing_time": 2074.0,
        "wait_time": 0,
        "Landing_success_rate": 0.9116
    },
    {
        "model": 0,
        "sequence": 23,
        "status": 1,
        "fuel": 6545,
        "fault": 0.2017,
        "weapon": 0,
        "pilot_injury": 0.2975,
        "pilot_skill": 0.6284,
        "mission_priority": 0.4522,
        "estimated_landing_time": 2168.0,
        "wait_time": 0,
        "Landing_success_rate": 0.9126
    },
    {
        "model": 2,
        "sequence": 19,
        "status": 1,
        "fuel": 5895,
        "fault": 0.0952,
        "weapon": 0,
        "pilot_injury": 0.5845,
        "pilot_skill": 0.8494,
        "mission_priority": 0.9588,
        "estimated_landing_time": 1792.0,
        "wait_time": 0,
        "Landing_success_rate": 0.8768
    },
    {
        "model": 0,
        "sequence": 12,
        "status": 1,
        "fuel": 7272,
        "fault": 0.3682,
        "weapon": 1,
        "pilot_injury": 0.4638,
        "pilot_skill": 0.7645,
        "mission_priority": 0.0946,
        "estimated_landing_time": 1134.0,
        "wait_time": 0,
        "Landing_success_rate": 0.934
    },
    {
        "model": 1,
        "sequence": 4,
        "status": 1,
        "fuel": 5848,
        "fault": 0.0135,
        "weapon": 1,
        "pilot_injury": 0.7367,
        "pilot_skill": 0.4107,
        "mission_priority": 0.8815,
        "estimated_landing_time": 382.0,
        "wait_time": 0,
        "Landing_success_rate": 0.8757
    },
    {
        "model": 0,
        "sequence": 16,
        "status": 1,
        "fuel": 6902,
        "fault": 0.0617,
        "weapon": 1,
        "pilot_injury": 0.9541,
        "pilot_skill": 0.567,
        "mission_priority": 0.1595,
        "estimated_landing_time": 1510.0,
        "wait_time": 0,
        "Landing_success_rate": 0.9487
    },
    {
        "model": 2,
        "sequence": 1,
        "status": 1,
        "fuel": 7178,
        "fault": 0.4353,
        "weapon": 1,
        "pilot_injury": 0.8815,
        "pilot_skill": 0.2386,
        "mission_priority": 0.2785,
        "estimated_landing_time": 100.0,
        "wait_time": 0,
        "Landing_success_rate": 0.9211
    },
    {
        "model": 0,
        "sequence": 20,
        "status": 1,
        "fuel": 7411,
        "fault": 0.6272,
        "weapon": 1,
        "pilot_injury": 0.9922,
        "pilot_skill": 0.9561,
        "mission_priority": 0.9211,
        "estimated_landing_time": 1886.0,
        "wait_time": 0,
        "Landing_success_rate": 0.9034
    },
    {
        "model": 1,
        "sequence": 8,
        "status": 1,
        "fuel": 7456,
        "fault": 0.991,
        "weapon": 0,
        "pilot_injury": 0.8768,
        "pilot_skill": 0.3333,
        "mission_priority": 0.2196,
        "estimated_landing_time": 758.0,
        "wait_time": 0,
        "Landing_success_rate": 0.8513
    },
    {
        "model": 1,
        "sequence": 15,
        "status": 1,
        "fuel": 6658,
        "fault": 0.8504,
        "weapon": 1,
        "pilot_injury": 0.9409,
        "pilot_skill": 0.1561,
        "mission_priority": 0.4575,
        "estimated_landing_time": 1416.0,
        "wait_time": 0,
        "Landing_success_rate": 0.863
    },
    {
        "model": 0,
        "sequence": 2,
        "status": 1,
        "fuel": 6481,
        "fault": 0.4656,
        "weapon": 1,
        "pilot_injury": 0.776,
        "pilot_skill": 0.8392,
        "mission_priority": 0.9672,
        "estimated_landing_time": 194.0,
        "wait_time": 0,
        "Landing_success_rate": 0.8893
    },
    {
        "model": 2,
        "sequence": 13,
        "status": 1,
        "fuel": 6842,
        "fault": 0.6338,
        "weapon": 0,
        "pilot_injury": 0.7346,
        "pilot_skill": 0.5938,
        "mission_priority": 0.5065,
        "estimated_landing_time": 1228.0,
        "wait_time": 0,
        "Landing_success_rate": 0.8869
    },
    {
        "model": 2,
        "sequence": 14,
        "status": 1,
        "fuel": 6179,
        "fault": 0.355,
        "weapon": 0,
        "pilot_injury": 0.8598,
        "pilot_skill": 0.0959,
        "mission_priority": 0.5765,
        "estimated_landing_time": 1322.0,
        "wait_time": 0,
        "Landing_success_rate": 0.8828
    },
    {
        "model": 2,
        "sequence": 6,
        "status": 1,
        "fuel": 7316,
        "fault": 0.0387,
        "weapon": 0,
        "pilot_injury": 0.613,
        "pilot_skill": 0.8458,
        "mission_priority": 0.0319,
        "estimated_landing_time": 570.0,
        "wait_time": 0,
        "Landing_success_rate": 0.9809
    },
    {
        "model": 0,
        "sequence": 18,
        "status": 1,
        "fuel": 5617,
        "fault": 0.7111,
        "weapon": 0,
        "pilot_injury": 0.9673,
        "pilot_skill": 0.0554,
        "mission_priority": 0.3318,
        "estimated_landing_time": 1698.0,
        "wait_time": 0,
        "Landing_success_rate": 0.8525
    },
    {
        "model": 1,
        "sequence": 11,
        "status": 1,
        "fuel": 5967,
        "fault": 0.9725,
        "weapon": 1,
        "pilot_injury": 0.6819,
        "pilot_skill": 0.5648,
        "mission_priority": 0.6917,
        "estimated_landing_time": 1040.0,
        "wait_time": 0,
        "Landing_success_rate": 0.851
    },
    {
        "model": 0,
        "sequence": 21,
        "status": 1,
        "fuel": 7369,
        "fault": 0.6879,
        "weapon": 1,
        "pilot_injury": 0.7543,
        "pilot_skill": 0.7833,
        "mission_priority": 0.8542,
        "estimated_landing_time": 1980.0,
        "wait_time": 0,
        "Landing_success_rate": 0.8937
    },
    {
        "model": 1,
        "sequence": 3,
        "status": 1,
        "fuel": 7195,
        "fault": 0.1209,
        "weapon": 1,
        "pilot_injury": 0.0545,
        "pilot_skill": 0.0208,
        "mission_priority": 0.7399,
        "estimated_landing_time": 288.0,
        "wait_time": 0,
        "Landing_success_rate": 0.9618
    },
    {
        "model": 0,
        "sequence": 7,
        "status": 1,
        "fuel": 6324,
        "fault": 0.1647,
        "weapon": 1,
        "pilot_injury": 0.1362,
        "pilot_skill": 0.9689,
        "mission_priority": 0.3164,
        "estimated_landing_time": 664.0,
        "wait_time": 0,
        "Landing_success_rate": 0.9016
    }
]