[
    {
        "model": 2,
        "sequence": 1,
        "status": 1,
        "fuel": 6733,
        "fault": 0.2039,
        "weapon": 0,
        "pilot_injury": 0.6463,
        "pilot_skill": 0.2478,
        "mission_priority": 0.3325,
        "estimated_landing_time": 100.0,
        "wait_time": 0,
        "Landing_success_rate": 0.9236
    },
    {
        "model": 2,
        "sequence": 3,
        "status": 1,
        "fuel": 5754,
        "fault": 0.6021,
        "weapon": 1,
        "pilot_injury": 0.7747,
        "pilot_skill": 0.7996,
        "mission_priority": 0.8206,
        "estimated_landing_time": 288.0,
        "wait_time": 0,
        "Landing_success_rate": 0.8576
    },
    {
        "model": 1,
        "sequence": 7,
        "status": 1,
        "fuel": 5524,
        "fault": 0.1766,
        "weapon": 1,
        "pilot_injury": 0.7439,
        "pilot_skill": 0.5887,
        "mission_priority": 0.2267,
        "estimated_landing_time": 664.0,
        "wait_time": 0,
        "Landing_success_rate": 0.8515
    },
    {
        "model": 0,
        "sequence": 20,
        "status": 1,
        "fuel": 6015,
        "fault": 0.0301,
        "weapon": 0,
        "pilot_injury": 0.1931,
        "pilot_skill": 0.7579,
        "mission_priority": 0.9477,
        "estimated_landing_time": 1886.0,
        "wait_time": 0,
        "Landing_success_rate": 0.8875
    },
    {
        "model": 1,
        "sequence": 16,
        "status": 1,
        "fuel": 7058,
        "fault": 0.1396,
        "weapon": 0,
        "pilot_injury": 0.0437,
        "pilot_skill": 0.0321,
        "mission_priority": 0.6835,
        "estimated_landing_time": 1510.0,
        "wait_time": 0,
        "Landing_success_rate": 0.9505
    },
    {
        "model": 0,
        "sequence": 17,
        "status": 1,
        "fuel": 5974,
        "fault": 0.2841,
        "weapon": 1,
        "pilot_injury": 0.4722,
        "pilot_skill": 0.9244,
        "mission_priority": 0.2499,
        "estimated_landing_time": 1604.0,
        "wait_time": 0,
        "Landing_success_rate": 0.8755
    },
    {
        "model": 0,
        "sequence": 6,
        "status": 1,
        "fuel": 6946,
        "fault": 0.8757,
        "weapon": 1,
        "pilot_injury": 0.2873,
        "pilot_skill": 0.3673,
        "mission_priority": 0.5515,
        "estimated_landing_time": 570.0,
        "wait_time": 0,
        "Landing_success_rate": 0.8635
    },
    {
        "model": 1,
        "sequence": 9,
        "status": 1,
        "fuel": 7175,
        "fault": 0.1325,
        "weapon": 1,
        "pilot_injury": 0.456,
        "pilot_skill": 0.666,
        "mission_priority": 0.0813,
        "estimated_landing_time": 852.0,
        "wait_time": 0,
        "Landing_success_rate": 0.959
    },
    {
        "model": 2,
        "sequence": 22,
        "status": 1,
        "fuel": 7039,
        "fault": 0.2608,
        "weapon": 0,
        "pilot_injury": 0.3381,
        "pilot_skill": 0.0087,
        "mission_priority": 0.816,
        "estimated_landing_time": 2074.0,
        "wait_time": 0,
        "Landing_success_rate": 0.9353
    },
    {
        "model": 1,
        "sequence": 2,
        "status": 1,
        "fuel": 7314,
        "fault": 0.3202,
        "weapon": 1,
        "pilot_injury": 0.4518,
        "pilot_skill": 0.844,
        "mission_priority": 0.7672,
        "estimated_landing_time": 194.0,
        "wait_time": 0,
        "Landing_success_rate": 0.9425
    },
    {
        "model": 0,
        "sequence": 23,
        "status": 1,
        "fuel": 6227,
        "fault": 0.0988,
        "weapon": 0,
        "pilot_injury": 0.3327,
        "pilot_skill": 0.9485,
        "mission_priority": 0.8557,
        "estimated_landing_time": 2168.0,
        "wait_time": 0,
        "Landing_success_rate": 0.8991
    },
    {
        "model": 2,
        "sequence": 5,
        "status": 1,
        "fuel": 6898,
        "fault": 0.2,
        "weapon": 1,
        "pilot_injury": 0.4447,
        "pilot_skill": 0.9609,
        "mission_priority": 0.7953,
        "estimated_landing_time": 476.0,
        "wait_time": 0,
        "Landing_success_rate": 0.9339
    },
    {
        "model": 1,
        "sequence": 11,
        "status": 1,
        "fuel": 6522,
        "fault": 0.4101,
        "weapon": 1,
        "pilot_injury": 0.6955,
        "pilot_skill": 0.3202,
        "mission_priority": 0.8245,
        "estimated_landing_time": 1040.0,
        "wait_time": 0,
        "Landing_success_rate": 0.8952
    },
    {
        "model": 2,
        "sequence": 21,
        "status": 1,
        "fuel": 6296,
        "fault": 0.934,
        "weapon": 0,
        "pilot_injury": 0.5287,
        "pilot_skill": 0.8725,
        "mission_priority": 0.905,
        "estimated_landing_time": 1980.0,
        "wait_time": 0,
        "Landing_success_rate": 0.8539
    },
    {
        "model": 1,
        "sequence": 19,
        "status": 1,
        "fuel": 6296,
        "fault": 0.8503,
        "weapon": 1,
        "pilot_injury": 0.6285,
        "pilot_skill": 0.2102,
        "mission_priority": 0.1249,
        "estimated_landing_time": 1792.0,
        "wait_time": 0,
        "Landing_success_rate": 0.8589
    },
    {
        "model": 1,
        "sequence": 12,
        "status": 1,
        "fuel": 6699,
        "fault": 0.717,
        "weapon": 1,
        "pilot_injury": 0.2426,
        "pilot_skill": 0.9176,
        "mission_priority": 0.9162,
        "estimated_landing_time": 1134.0,
        "wait_time": 0,
        "Landing_success_rate": 0.8754
    },
    {
        "model": 2,
        "sequence": 18,
        "status": 1,
        "fuel": 6765,
        "fault": 0.416,
        "weapon": 0,
        "pilot_injury": 0.4545,
        "pilot_skill": 0.664,
        "mission_priority": 0.1379,
        "estimated_landing_time": 1698.0,
        "wait_time": 0,
        "Landing_success_rate": 0.9054
    },
    {
        "model": 2,
        "sequence": 8,
        "status": 1,
        "fuel": 6665,
        "fault": 0.5021,
        "weapon": 0,
        "pilot_injury": 0.1134,
        "pilot_skill": 0.6364,
        "mission_priority": 0.2042,
        "estimated_landing_time": 758.0,
        "wait_time": 0,
        "Landing_success_rate": 0.8935
    },
    {
        "model": 2,
        "sequence": 13,
        "status": 1,
        "fuel": 6806,
        "fault": 0.5053,
        "weapon": 1,
        "pilot_injury": 0.3642,
        "pilot_skill": 0.9213,
        "mission_priority": 0.1087,
        "estimated_landing_time": 1228.0,
        "wait_time": 0,
        "Landing_success_rate": 0.8985
    },
    {
        "model": 2,
        "sequence": 24,
        "status": 1,
        "fuel": 6497,
        "fault": 0.5794,
        "weapon": 0,
        "pilot_injury": 0.5398,
        "pilot_skill": 0.7583,
        "mission_priority": 0.4372,
        "estimated_landing_time": 2262.0,
        "wait_time": 0,
        "Landing_success_rate": 0.8815
    },
    {
        "model": 1,
        "sequence": 15,
        "status": 1,
        "fuel": 6530,
        "fault": 0.6436,
        "weapon": 1,
        "pilot_injury": 0.9031,
        "pilot_skill": 0.7885,
        "mission_priority": 0.7326,
        "estimated_landing_time": 1416.0,
        "wait_time": 0,
        "Landing_success_rate": 0.8775
    },
    {
        "model": 2,
        "sequence": 10,
        "status": 1,
        "fuel": 6635,
        "fault": 0.9122,
        "weapon": 0,
        "pilot_injury": 0.1899,
        "pilot_skill": 0.3548,
        "mission_priority": 0.0387,
        "estimated_landing_time": 946.0,
        "wait_time": 0,
        "Landing_success_rate": 0.8575
    },
    {
        "model": 1,
        "sequence": 14,
        "status": 1,
        "fuel": 5983,
        "fault": 0.0686,
        "weapon": 1,
        "pilot_injury": 0.8465,
        "pilot_skill": 0.9303,
        "mission_priority": 0.7222,
        "estimated_landing_time": 1322.0,
        "wait_time": 0,
        "Landing_success_rate": 0.8837
    },
    {
        "model": 2,
        "sequence": 4,
        "status": 1,
        "fuel": 7268,
        "fault": 0.5389,
        "weapon": 0,
        "pilot_injury": 0.6777,
        "pilot_skill": 0.9768,
        "mission_priority": 0.6108,
        "estimated_landing_time": 382.0,
        "wait_time": 0,
        "Landing_success_rate": 0.9111
    }
]