[
    {
        "model": 1,
        "sequence": 13,
        "status": 1,
        "fuel": 6565,
        "fault": 0.1383,
        "weapon": 1,
        "pilot_injury": 0.2938,
        "pilot_skill": 0.9105,
        "mission_priority": 0.6104,
        "estimated_landing_time": 1228.0,
        "wait_time": 0,
        "Landing_success_rate": 0.9188
    },
    {
        "model": 1,
        "sequence": 8,
        "status": 1,
        "fuel": 7431,
        "fault": 0.1561,
        "weapon": 1,
        "pilot_injury": 0.273,
        "pilot_skill": 0.8985,
        "mission_priority": 0.6146,
        "estimated_landing_time": 758.0,
        "wait_time": 0,
        "Landing_success_rate": 0.9722
    },
    {
        "model": 0,
        "sequence": 3,
        "status": 1,
        "fuel": 7475,
        "fault": 0.1321,
        "weapon": 1,
        "pilot_injury": 0.1189,
        "pilot_skill": 0.2448,
        "mission_priority": 0.331,
        "estimated_landing_time": 288.0,
        "wait_time": 0,
        "Landing_success_rate": 0.9786
    },
    {
        "model": 1,
        "sequence": 24,
        "status": 1,
        "fuel": 7024,
        "fault": 0.5931,
        "weapon": 0,
        "pilot_injury": 0.5798,
        "pilot_skill": 0.4752,
        "mission_priority": 0.1065,
        "estimated_landing_time": 2262.0,
        "wait_time": 0,
        "Landing_success_rate": 0.8965
    },
    {
        "model": 0,
        "sequence": 20,
        "status": 1,
        "fuel": 6039,
        "fault": 0.3109,
        "weapon": 0,
        "pilot_injury": 0.9315,
        "pilot_skill": 0.2591,
        "mission_priority": 0.7248,
        "estimated_landing_time": 1886.0,
        "wait_time": 0,
        "Landing_success_rate": 0.8779
    },
    {
        "model": 2,
        "sequence": 4,
        "status": 1,
        "fuel": 7429,
        "fault": 0.0114,
        "weapon": 1,
        "pilot_injury": 0.9333,
        "pilot_skill": 0.8717,
        "mission_priority": 0.7789,
        "estimated_landing_time": 382.0,
        "wait_time": 0,
        "Landing_success_rate": 0.993
    },
    {
        "model": 0,
        "sequence": 15,
        "status": 1,
        "fuel": 5605,
        "fault": 0.6395,
        "weapon": 1,
        "pilot_injury": 0.7426,
        "pilot_skill": 0.8969,
        "mission_priority": 0.3502,
        "estimated_landing_time": 1416.0,
        "wait_time": 0,
        "Landing_success_rate": 0.8528
    },
    {
        "model": 2,
        "sequence": 5,
        "status": 1,
        "fuel": 6890,
        "fault": 0.0505,
        "weapon": 0,
        "pilot_injury": 0.1978,
        "pilot_skill": 0.5033,
        "mission_priority": 0.1241,
        "estimated_landing_time": 476.0,
        "wait_time": 0,
        "Landing_success_rate": 0.949
    },
    {
        "model": 1,
        "sequence": 1,
        "status": 1,
        "fuel": 6462,
        "fault": 0.3532,
        "weapon": 1,
        "pilot_injury": 0.5034,
        "pilot_skill": 0.4616,
        "mission_priority": 0.1118,
        "estimated_landing_time": 100.0,
        "wait_time": 0,
        "Landing_success_rate": 0.8967
    },
    {
        "model": 1,
        "sequence": 14,
        "status": 1,
        "fuel": 7259,
        "fault": 0.8265,
        "weapon": 1,
        "pilot_injury": 0.5947,
        "pilot_skill": 0.458,
        "mission_priority": 0.3649,
        "estimated_landing_time": 1322.0,
        "wait_time": 0,
        "Landing_success_rate": 0.8729
    },
    {
        "model": 2,
        "sequence": 10,
        "status": 1,
        "fuel": 5506,
        "fault": 0.0557,
        "weapon": 1,
        "pilot_injury": 0.4027,
        "pilot_skill": 0.4165,
        "mission_priority": 0.1283,
        "estimated_landing_time": 946.0,
        "wait_time": 0,
        "Landing_success_rate": 0.8504
    },
    {
        "model": 1,
        "sequence": 2,
        "status": 1,
        "fuel": 5921,
        "fault": 0.4514,
        "weapon": 1,
        "pilot_injury": 0.253,
        "pilot_skill": 0.3133,
        "mission_priority": 0.2362,
        "estimated_landing_time": 194.0,
        "wait_time": 0,
        "Landing_success_rate": 0.8673
    },
    {
        "model": 2,
        "sequence": 22,
        "status": 1,
        "fuel": 6912,
        "fault": 0.2918,
        "weapon": 0,
        "pilot_injury": 0.8235,
        "pilot_skill": 0.8501,
        "mission_priority": 0.7491,
        "estimated_landing_time": 2074.0,
        "wait_time": 0,
        "Landing_success_rate": 0.925
    },
    {
        "model": 0,
        "sequence": 19,
        "status": 1,
        "fuel": 6110,
        "fault": 0.7085,
        "weapon": 1,
        "pilot_injury": 0.1433,
        "pilot_skill": 0.6969,
        "mission_priority": 0.7406,
        "estimated_landing_time": 1792.0,
        "wait_time": 0,
        "Landing_success_rate": 0.8633
    },
    {
        "model": 2,
        "sequence": 18,
        "status": 1,
        "fuel": 6412,
        "fault": 0.3355,
        "weapon": 1,
        "pilot_injury": 0.153,
        "pilot_skill": 0.9231,
        "mission_priority": 0.6642,
        "estimated_landing_time": 1698.0,
        "wait_time": 0,
        "Landing_success_rate": 0.8955
    },
    {
        "model": 0,
        "sequence": 16,
        "status": 1,
        "fuel": 7089,
        "fault": 0.5001,
        "weapon": 0,
        "pilot_injury": 0.4125,
        "pilot_skill": 0.0633,
        "mission_priority": 0.6578,
        "estimated_landing_time": 1510.0,
        "wait_time": 0,
        "Landing_success_rate": 0.9096
    },
    {
        "model": 1,
        "sequence": 17,
        "status": 1,
        "fuel": 6932,
        "fault": 0.4302,
        "weapon": 0,
        "pilot_injury": 0.9029,
        "pilot_skill": 0.7401,
        "mission_priority": 0.9643,
        "estimated_landing_time": 1604.0,
        "wait_time": 0,
        "Landing_success_rate": 0.9112
    },
    {
        "model": 0,
        "sequence": 23,
        "status": 1,
        "fuel": 7276,
        "fault": 0.8367,
        "weapon": 1,
        "pilot_injury": 0.6302,
        "pilot_skill": 0.0265,
        "mission_priority": 0.7871,
        "estimated_landing_time": 2168.0,
        "wait_time": 0,
        "Landing_success_rate": 0.8718
    },
    {
        "model": 0,
        "sequence": 9,
        "status": 1,
        "fuel": 7043,
        "fault": 0.8362,
        "weapon": 1,
        "pilot_injury": 0.0378,
        "pilot_skill": 0.6137,
        "mission_priority": 0.5208,
        "estimated_landing_time": 852.0,
        "wait_time": 0,
        "Landing_success_rate": 0.869
    },
    {
        "model": 1,
        "sequence": 7,
        "status": 1,
        "fuel": 5976,
        "fault": 0.1441,
        "weapon": 0,
        "pilot_injury": 0.4202,
        "pilot_skill": 0.4769,
        "mission_priority": 0.2977,
        "estimated_landing_time": 664.0,
        "wait_time": 0,
        "Landing_success_rate": 0.8806
    },
    {
        "model": 1,
        "sequence": 6,
        "status": 1,
        "fuel": 7328,
        "fault": 0.9363,
        "weapon": 0,
        "pilot_injury": 0.2999,
        "pilot_skill": 0.7787,
        "mission_priority": 0.7516,
        "estimated_landing_time": 570.0,
        "wait_time": 0,
        "Landing_success_rate": 0.8587
    },
    {
        "model": 0,
        "sequence": 21,
        "status": 1,
        "fuel": 6282,
        "fault": 0.9381,
        "weapon": 0,
        "pilot_injury": 0.3381,
        "pilot_skill": 0.145,
        "mission_priority": 0.3909,
        "estimated_landing_time": 1980.0,
        "wait_time": 0,
        "Landing_success_rate": 0.8536
    },
    {
        "model": 2,
        "sequence": 11,
        "status": 1,
        "fuel": 6807,
        "fault": 0.1789,
        "weapon": 0,
        "pilot_injury": 0.8396,
        "pilot_skill": 0.499,
        "mission_priority": 0.0235,
        "estimated_landing_time": 1040.0,
        "wait_time": 0,
        "Landing_success_rate": 0.9305
    },
    {
        "model": 0,
        "sequence": 12,
        "status": 1,
        "fuel": 6855,
        "fault": 0.0818,
        "weapon": 1,
        "pilot_injury": 0.6506,
        "pilot_skill": 0.6954,
        "mission_priority": 0.6488,
        "estimated_landing_time": 1134.0,
        "wait_time": 0,
        "Landing_success_rate": 0.9433
    }
]