[
    {
        "model": 2,
        "sequence": 6,
        "status": 1,
        "fuel": 6493,
        "fault": 0.8265,
        "weapon": 0,
        "pilot_injury": 0.2846,
        "pilot_skill": 0.6898,
        "mission_priority": 0.2124,
        "estimated_landing_time": 570.0,
        "wait_time": 0,
        "Landing_success_rate": 0.8629
    },
    {
        "model": 2,
        "sequence": 15,
        "status": 1,
        "fuel": 6703,
        "fault": 0.0088,
        "weapon": 0,
        "pilot_injury": 0.4793,
        "pilot_skill": 0.2502,
        "mission_priority": 0.4332,
        "estimated_landing_time": 1416.0,
        "wait_time": 0,
        "Landing_success_rate": 0.9394
    },
    {
        "model": 1,
        "sequence": 22,
        "status": 1,
        "fuel": 5547,
        "fault": 0.4319,
        "weapon": 0,
        "pilot_injury": 0.2191,
        "pilot_skill": 0.3061,
        "mission_priority": 0.9524,
        "estimated_landing_time": 2074.0,
        "wait_time": 0,
        "Landing_success_rate": 0.852
    },
    {
        "model": 0,
        "sequence": 9,
        "status": 1,
        "fuel": 6010,
        "fault": 0.7885,
        "weapon": 0,
        "pilot_injury": 0.1416,
        "pilot_skill": 0.5867,
        "mission_priority": 0.092,
        "estimated_landing_time": 852.0,
        "wait_time": 0,
        "Landing_success_rate": 0.8581
    },
    {
        "model": 0,
        "sequence": 2,
        "status": 1,
        "fuel": 6009,
        "fault": 0.7726,
        "weapon": 1,
        "pilot_injury": 0.6426,
        "pilot_skill": 0.2077,
        "mission_priority": 0.8088,
        "estimated_landing_time": 194.0,
        "wait_time": 0,
        "Landing_success_rate": 0.8587
    },
    {
        "model": 2,
        "sequence": 19,
        "status": 1,
        "fuel": 6928,
        "fault": 0.9283,
        "weapon": 0,
        "pilot_injury": 0.2288,
        "pilot_skill": 0.1213,
        "mission_priority": 0.6349,
        "estimated_landing_time": 1792.0,
        "wait_time": 0,
        "Landing_success_rate": 0.8577
    },
    {
        "model": 2,
        "sequence": 20,
        "status": 1,
        "fuel": 5728,
        "fault": 0.9574,
        "weapon": 0,
        "pilot_injury": 0.4111,
        "pilot_skill": 0.4317,
        "mission_priority": 0.3326,
        "estimated_landing_time": 1886.0,
        "wait_time": 0,
        "Landing_success_rate": 0.8507
    },
    {
        "model": 1,
        "sequence": 3,
        "status": 1,
        "fuel": 6500,
        "fault": 0.4687,
        "weapon": 1,
        "pilot_injury": 0.2674,
        "pilot_skill": 0.3207,
        "mission_priority": 0.7398,
        "estimated_landing_time": 288.0,
        "wait_time": 0,
        "Landing_success_rate": 0.8898
    },
    {
        "model": 0,
        "sequence": 11,
        "status": 1,
        "fuel": 6777,
        "fault": 0.9667,
        "weapon": 1,
        "pilot_injury": 0.1555,
        "pilot_skill": 0.8266,
        "mission_priority": 0.5564,
        "estimated_landing_time": 1040.0,
        "wait_time": 0,
        "Landing_success_rate": 0.8532
    },
    {
        "model": 0,
        "sequence": 16,
        "status": 1,
        "fuel": 6055,
        "fault": 0.1522,
        "weapon": 0,
        "pilot_injury": 0.429,
        "pilot_skill": 0.6806,
        "mission_priority": 0.0599,
        "estimated_landing_time": 1510.0,
        "wait_time": 0,
        "Landing_success_rate": 0.8853
    },
    {
        "model": 1,
        "sequence": 18,
        "status": 1,
        "fuel": 6385,
        "fault": 0.2762,
        "weapon": 1,
        "pilot_injury": 0.4206,
        "pilot_skill": 0.1176,
        "mission_priority": 0.487,
        "estimated_landing_time": 1698.0,
        "wait_time": 0,
        "Landing_success_rate": 0.898
    },
    {
        "model": 0,
        "sequence": 4,
        "status": 1,
        "fuel": 6556,
        "fault": 0.1836,
        "weapon": 0,
        "pilot_injury": 0.8186,
        "pilot_skill": 0.5855,
        "mission_priority": 0.7241,
        "estimated_landing_time": 382.0,
        "wait_time": 0,
        "Landing_success_rate": 0.9147
    },
    {
        "model": 2,
        "sequence": 5,
        "status": 1,
        "fuel": 6494,
        "fault": 0.725,
        "weapon": 0,
        "pilot_injury": 0.8449,
        "pilot_skill": 0.1404,
        "mission_priority": 0.7784,
        "estimated_landing_time": 476.0,
        "wait_time": 0,
        "Landing_success_rate": 0.8705
    },
    {
        "model": 2,
        "sequence": 24,
        "status": 1,
        "fuel": 6934,
        "fault": 0.32,
        "weapon": 1,
        "pilot_injury": 0.081,
        "pilot_skill": 0.117,
        "mission_priority": 0.0226,
        "estimated_landing_time": 2262.0,
        "wait_time": 0,
        "Landing_success_rate": 0.9231
    },
    {
        "model": 0,
        "sequence": 12,
        "status": 1,
        "fuel": 5763,
        "fault": 0.5389,
        "weapon": 0,
        "pilot_injury": 0.5678,
        "pilot_skill": 0.8923,
        "mission_priority": 0.327,
        "estimated_landing_time": 1134.0,
        "wait_time": 0,
        "Landing_success_rate": 0.8591
    },
    {
        "model": 2,
        "sequence": 10,
        "status": 1,
        "fuel": 7266,
        "fault": 0.3632,
        "weapon": 1,
        "pilot_injury": 0.6219,
        "pilot_skill": 0.2015,
        "mission_priority": 0.6924,
        "estimated_landing_time": 946.0,
        "wait_time": 0,
        "Landing_success_rate": 0.9343
    },
    {
        "model": 0,
        "sequence": 13,
        "status": 1,
        "fuel": 7103,
        "fault": 0.3447,
        "weapon": 0,
        "pilot_injury": 0.2121,
        "pilot_skill": 0.9924,
        "mission_priority": 0.643,
        "estimated_landing_time": 1228.0,
        "wait_time": 0,
        "Landing_success_rate": 0.9288
    },
    {
        "model": 0,
        "sequence": 14,
        "status": 1,
        "fuel": 6123,
        "fault": 0.6062,
        "weapon": 1,
        "pilot_injury": 0.2474,
        "pilot_skill": 0.8131,
        "mission_priority": 0.4747,
        "estimated_landing_time": 1322.0,
        "wait_time": 0,
        "Landing_success_rate": 0.8684
    },
    {
        "model": 1,
        "sequence": 8,
        "status": 1,
        "fuel": 7073,
        "fault": 0.1857,
        "weapon": 0,
        "pilot_injury": 0.9807,
        "pilot_skill": 0.7679,
        "mission_priority": 0.0047,
        "estimated_landing_time": 758.0,
        "wait_time": 0,
        "Landing_success_rate": 0.9461
    },
    {
        "model": 1,
        "sequence": 1,
        "status": 1,
        "fuel": 6818,
        "fault": 0.1655,
        "weapon": 1,
        "pilot_injury": 0.3308,
        "pilot_skill": 0.1184,
        "mission_priority": 0.0106,
        "estimated_landing_time": 100.0,
        "wait_time": 0,
        "Landing_success_rate": 0.9325
    },
    {
        "model": 0,
        "sequence": 23,
        "status": 1,
        "fuel": 6561,
        "fault": 0.5825,
        "weapon": 0,
        "pilot_injury": 0.3602,
        "pilot_skill": 0.169,
        "mission_priority": 0.8065,
        "estimated_landing_time": 2168.0,
        "wait_time": 0,
        "Landing_success_rate": 0.8832
    },
    {
        "model": 2,
        "sequence": 21,
        "status": 1,
        "fuel": 5791,
        "fault": 0.6342,
        "weapon": 0,
        "pilot_injury": 0.4694,
        "pilot_skill": 0.9197,
        "mission_priority": 0.9877,
        "estimated_landing_time": 1980.0,
        "wait_time": 0,
        "Landing_success_rate": 0.858
    },
    {
        "model": 1,
        "sequence": 7,
        "status": 1,
        "fuel": 7398,
        "fault": 0.3186,
        "weapon": 1,
        "pilot_injury": 0.4307,
        "pilot_skill": 0.1306,
        "mission_priority": 0.8699,
        "estimated_landing_time": 664.0,
        "wait_time": 0,
        "Landing_success_rate": 0.947
    },
    {
        "model": 2,
        "sequence": 17,
        "status": 1,
        "fuel": 6735,
        "fault": 0.6506,
        "weapon": 0,
        "pilot_injury": 0.088,
        "pilot_skill": 0.6743,
        "mission_priority": 0.9059,
        "estimated_landing_time": 1604.0,
        "wait_time": 0,
        "Landing_success_rate": 0.8824
    }
]