[
    {
        "model": 2,
        "sequence": 11,
        "status": 1,
        "fuel": 6681,
        "fault": 0.3939,
        "weapon": 1,
        "pilot_injury": 0.4866,
        "pilot_skill": 0.6172,
        "mission_priority": 0.376,
        "estimated_landing_time": 1040.0,
        "wait_time": 0,
        "Landing_success_rate": 0.9037
    },
    {
        "model": 2,
        "sequence": 13,
        "status": 1,
        "fuel": 5634,
        "fault": 0.8216,
        "weapon": 0,
        "pilot_injury": 0.5281,
        "pilot_skill": 0.9445,
        "mission_priority": 0.6498,
        "estimated_landing_time": 1228.0,
        "wait_time": 0,
        "Landing_success_rate": 0.8518
    },
    {
        "model": 0,
        "sequence": 15,
        "status": 1,
        "fuel": 6173,
        "fault": 0.6656,
        "weapon": 1,
        "pilot_injury": 0.7609,
        "pilot_skill": 0.9828,
        "mission_priority": 0.6575,
        "estimated_landing_time": 1416.0,
        "wait_time": 0,
        "Landing_success_rate": 0.8669
    },
    {
        "model": 2,
        "sequence": 9,
        "status": 1,
        "fuel": 6141,
        "fault": 0.6985,
        "weapon": 0,
        "pilot_injury": 0.3913,
        "pilot_skill": 0.8242,
        "mission_priority": 0.3997,
        "estimated_landing_time": 852.0,
        "wait_time": 0,
        "Landing_success_rate": 0.8645
    },
    {
        "model": 1,
        "sequence": 16,
        "status": 1,
        "fuel": 5683,
        "fault": 0.0419,
        "weapon": 0,
        "pilot_injury": 0.2564,
        "pilot_skill": 0.9928,
        "mission_priority": 0.3292,
        "estimated_landing_time": 1510.0,
        "wait_time": 0,
        "Landing_success_rate": 0.8631
    },
    {
        "model": 2,
        "sequence": 17,
        "status": 1,
        "fuel": 5578,
        "fault": 0.7161,
        "weapon": 1,
        "pilot_injury": 0.856,
        "pilot_skill": 0.3139,
        "mission_priority": 0.6114,
        "estimated_landing_time": 1604.0,
        "wait_time": 0,
        "Landing_success_rate": 0.8517
    },
    {
        "model": 1,
        "sequence": 22,
        "status": 1,
        "fuel": 6828,
        "fault": 0.6493,
        "weapon": 0,
        "pilot_injury": 0.1314,
        "pilot_skill": 0.0968,
        "mission_priority": 0.4404,
        "estimated_landing_time": 2074.0,
        "wait_time": 0,
        "Landing_success_rate": 0.8849
    },
    {
        "model": 0,
        "sequence": 10,
        "status": 1,
        "fuel": 5628,
        "fault": 0.2867,
        "weapon": 1,
        "pilot_injury": 0.8627,
        "pilot_skill": 0.7775,
        "mission_priority": 0.5817,
        "estimated_landing_time": 946.0,
        "wait_time": 0,
        "Landing_success_rate": 0.8568
    },
    {
        "model": 2,
        "sequence": 14,
        "status": 1,
        "fuel": 6019,
        "fault": 0.6113,
        "weapon": 0,
        "pilot_injury": 0.6094,
        "pilot_skill": 0.1156,
        "mission_priority": 0.4821,
        "estimated_landing_time": 1322.0,
        "wait_time": 0,
        "Landing_success_rate": 0.8651
    },
    {
        "model": 1,
        "sequence": 24,
        "status": 1,
        "fuel": 5601,
        "fault": 0.3045,
        "weapon": 1,
        "pilot_injury": 0.8299,
        "pilot_skill": 0.2282,
        "mission_priority": 0.5519,
        "estimated_landing_time": 2262.0,
        "wait_time": 0,
        "Landing_success_rate": 0.8553
    },
    {
        "model": 1,
        "sequence": 1,
        "status": 1,
        "fuel": 6212,
        "fault": 0.0323,
        "weapon": 0,
        "pilot_injury": 0.0335,
        "pilot_skill": 0.6967,
        "mission_priority": 0.0127,
        "estimated_landing_time": 100.0,
        "wait_time": 0,
        "Landing_success_rate": 0.9017
    },
    {
        "model": 0,
        "sequence": 20,
        "status": 1,
        "fuel": 5923,
        "fault": 0.4576,
        "weapon": 0,
        "pilot_injury": 0.12,
        "pilot_skill": 0.417,
        "mission_priority": 0.5594,
        "estimated_landing_time": 1886.0,
        "wait_time": 0,
        "Landing_success_rate": 0.8672
    },
    {
        "model": 2,
        "sequence": 7,
        "status": 1,
        "fuel": 6850,
        "fault": 0.8922,
        "weapon": 1,
        "pilot_injury": 0.0183,
        "pilot_skill": 0.7038,
        "mission_priority": 0.8864,
        "estimated_landing_time": 664.0,
        "wait_time": 0,
        "Landing_success_rate": 0.8609
    },
    {
        "model": 0,
        "sequence": 5,
        "status": 1,
        "fuel": 7416,
        "fault": 0.5753,
        "weapon": 0,
        "pilot_injury": 0.0202,
        "pilot_skill": 0.8851,
        "mission_priority": 0.4447,
        "estimated_landing_time": 476.0,
        "wait_time": 0,
        "Landing_success_rate": 0.911
    },
    {
        "model": 1,
        "sequence": 8,
        "status": 1,
        "fuel": 5658,
        "fault": 0.4681,
        "weapon": 0,
        "pilot_injury": 0.6556,
        "pilot_skill": 0.4093,
        "mission_priority": 0.1018,
        "estimated_landing_time": 758.0,
        "wait_time": 0,
        "Landing_success_rate": 0.8563
    },
    {
        "model": 0,
        "sequence": 19,
        "status": 1,
        "fuel": 6391,
        "fault": 0.6664,
        "weapon": 1,
        "pilot_injury": 0.7972,
        "pilot_skill": 0.8423,
        "mission_priority": 0.3627,
        "estimated_landing_time": 1792.0,
        "wait_time": 0,
        "Landing_success_rate": 0.8723
    },
    {
        "model": 1,
        "sequence": 3,
        "status": 1,
        "fuel": 5678,
        "fault": 0.8992,
        "weapon": 1,
        "pilot_injury": 0.1536,
        "pilot_skill": 0.0673,
        "mission_priority": 0.5449,
        "estimated_landing_time": 288.0,
        "wait_time": 0,
        "Landing_success_rate": 0.8513
    },
    {
        "model": 2,
        "sequence": 6,
        "status": 1,
        "fuel": 7383,
        "fault": 0.4211,
        "weapon": 1,
        "pilot_injury": 0.0226,
        "pilot_skill": 0.5783,
        "mission_priority": 0.9899,
        "estimated_landing_time": 570.0,
        "wait_time": 0,
        "Landing_success_rate": 0.9318
    },
    {
        "model": 1,
        "sequence": 4,
        "status": 1,
        "fuel": 6861,
        "fault": 0.2695,
        "weapon": 1,
        "pilot_injury": 0.0872,
        "pilot_skill": 0.8143,
        "mission_priority": 0.8098,
        "estimated_landing_time": 382.0,
        "wait_time": 0,
        "Landing_success_rate": 0.9246
    },
    {
        "model": 2,
        "sequence": 18,
        "status": 1,
        "fuel": 7494,
        "fault": 0.541,
        "weapon": 0,
        "pilot_injury": 0.7663,
        "pilot_skill": 0.4119,
        "mission_priority": 0.8164,
        "estimated_landing_time": 1698.0,
        "wait_time": 0,
        "Landing_success_rate": 0.9186
    },
    {
        "model": 1,
        "sequence": 21,
        "status": 1,
        "fuel": 5698,
        "fault": 0.7673,
        "weapon": 0,
        "pilot_injury": 0.5264,
        "pilot_skill": 0.3696,
        "mission_priority": 0.9899,
        "estimated_landing_time": 1980.0,
        "wait_time": 0,
        "Landing_success_rate": 0.8535
    },
    {
        "model": 0,
        "sequence": 23,
        "status": 1,
        "fuel": 6937,
        "fault": 0.3474,
        "weapon": 1,
        "pilot_injury": 0.2411,
        "pilot_skill": 0.3847,
        "mission_priority": 0.1108,
        "estimated_landing_time": 2168.0,
        "wait_time": 0,
        "Landing_success_rate": 0.9203
    },
    {
        "model": 0,
        "sequence": 12,
        "status": 1,
        "fuel": 7003,
        "fault": 0.187,
        "weapon": 1,
        "pilot_injury": 0.1006,
        "pilot_skill": 0.2052,
        "mission_priority": 0.5716,
        "estimated_landing_time": 1134.0,
        "wait_time": 0,
        "Landing_success_rate": 0.9416
    },
    {
        "model": 1,
        "sequence": 2,
        "status": 1,
        "fuel": 6719,
        "fault": 0.3104,
        "weapon": 1,
        "pilot_injury": 0.4683,
        "pilot_skill": 0.6705,
        "mission_priority": 0.6648,
        "estimated_landing_time": 194.0,
        "wait_time": 0,
        "Landing_success_rate": 0.913
    }
]