[
    {
        "model": 0,
        "sequence": 3,
        "status": 1,
        "fuel": 7414,
        "fault": 0.6696,
        "weapon": 0,
        "pilot_injury": 0.5517,
        "pilot_skill": 0.4329,
        "mission_priority": 0.275,
        "estimated_landing_time": 288.0,
        "wait_time": 0,
        "Landing_success_rate": 0.8974
    },
    {
        "model": 0,
        "sequence": 4,
        "status": 1,
        "fuel": 6774,
        "fault": 0.7518,
        "weapon": 0,
        "pilot_injury": 0.0711,
        "pilot_skill": 0.2235,
        "mission_priority": 0.5741,
        "estimated_landing_time": 382.0,
        "wait_time": 0,
        "Landing_success_rate": 0.8737
    },
    {
        "model": 2,
        "sequence": 18,
        "status": 1,
        "fuel": 6419,
        "fault": 0.1462,
        "weapon": 0,
        "pilot_injury": 0.8183,
        "pilot_skill": 0.3142,
        "mission_priority": 0.2189,
        "estimated_landing_time": 1698.0,
        "wait_time": 0,
        "Landing_success_rate": 0.9088
    },
    {
        "model": 2,
        "sequence": 20,
        "status": 1,
        "fuel": 5651,
        "fault": 0.7073,
        "weapon": 0,
        "pilot_injury": 0.8585,
        "pilot_skill": 0.2164,
        "mission_priority": 0.5703,
        "estimated_landing_time": 1886.0,
        "wait_time": 0,
        "Landing_success_rate": 0.8533
    },
    {
        "model": 1,
        "sequence": 7,
        "status": 1,
        "fuel": 6600,
        "fault": 0.7121,
        "weapon": 0,
        "pilot_injury": 0.4169,
        "pilot_skill": 0.3465,
        "mission_priority": 0.6004,
        "estimated_landing_time": 664.0,
        "wait_time": 0,
        "Landing_success_rate": 0.8738
    },
    {
        "model": 2,
        "sequence": 13,
        "status": 1,
        "fuel": 6738,
        "fault": 0.6248,
        "weapon": 1,
        "pilot_injury": 0.8694,
        "pilot_skill": 0.4528,
        "mission_priority": 0.0792,
        "estimated_landing_time": 1228.0,
        "wait_time": 0,
        "Landing_success_rate": 0.8848
    },
    {
        "model": 0,
        "sequence": 8,
        "status": 1,
        "fuel": 7476,
        "fault": 0.2227,
        "weapon": 1,
        "pilot_injury": 0.3627,
        "pilot_skill": 0.4816,
        "mission_priority": 0.8206,
        "estimated_landing_time": 758.0,
        "wait_time": 0,
        "Landing_success_rate": 0.9652
    },
    {
        "model": 1,
        "sequence": 24,
        "status": 1,
        "fuel": 5516,
        "fault": 0.8729,
        "weapon": 1,
        "pilot_injury": 0.5107,
        "pilot_skill": 0.8498,
        "mission_priority": 0.0876,
        "estimated_landing_time": 2262.0,
        "wait_time": 0,
        "Landing_success_rate": 0.8502
    },
    {
        "model": 1,
        "sequence": 1,
        "status": 1,
        "fuel": 5906,
        "fault": 0.5029,
        "weapon": 0,
        "pilot_injury": 0.3244,
        "pilot_skill": 0.9924,
        "mission_priority": 0.4521,
        "estimated_landing_time": 100.0,
        "wait_time": 0,
        "Landing_success_rate": 0.8651
    },
    {
        "model": 2,
        "sequence": 17,
        "status": 1,
        "fuel": 5917,
        "fault": 0.0532,
        "weapon": 0,
        "pilot_injury": 0.2594,
        "pilot_skill": 0.3265,
        "mission_priority": 0.3241,
        "estimated_landing_time": 1604.0,
        "wait_time": 0,
        "Landing_success_rate": 0.8796
    },
    {
        "model": 2,
        "sequence": 15,
        "status": 1,
        "fuel": 6711,
        "fault": 0.7082,
        "weapon": 1,
        "pilot_injury": 0.8074,
        "pilot_skill": 0.1309,
        "mission_priority": 0.8937,
        "estimated_landing_time": 1416.0,
        "wait_time": 0,
        "Landing_success_rate": 0.8765
    },
    {
        "model": 0,
        "sequence": 9,
        "status": 1,
        "fuel": 6817,
        "fault": 0.6501,
        "weapon": 1,
        "pilot_injury": 0.6608,
        "pilot_skill": 0.9331,
        "mission_priority": 0.2967,
        "estimated_landing_time": 852.0,
        "wait_time": 0,
        "Landing_success_rate": 0.8846
    },
    {
        "model": 2,
        "sequence": 12,
        "status": 1,
        "fuel": 6861,
        "fault": 0.3035,
        "weapon": 1,
        "pilot_injury": 0.4868,
        "pilot_skill": 0.0757,
        "mission_priority": 0.68,
        "estimated_landing_time": 1134.0,
        "wait_time": 0,
        "Landing_success_rate": 0.9211
    },
    {
        "model": 1,
        "sequence": 19,
        "status": 1,
        "fuel": 7348,
        "fault": 0.8577,
        "weapon": 0,
        "pilot_injury": 0.2496,
        "pilot_skill": 0.8406,
        "mission_priority": 0.3981,
        "estimated_landing_time": 1792.0,
        "wait_time": 0,
        "Landing_success_rate": 0.8697
    },
    {
        "model": 0,
        "sequence": 23,
        "status": 1,
        "fuel": 5991,
        "fault": 0.2925,
        "weapon": 0,
        "pilot_injury": 0.8163,
        "pilot_skill": 0.2997,
        "mission_priority": 0.9217,
        "estimated_landing_time": 2168.0,
        "wait_time": 0,
        "Landing_success_rate": 0.8761
    },
    {
        "model": 0,
        "sequence": 22,
        "status": 1,
        "fuel": 5921,
        "fault": 0.8479,
        "weapon": 0,
        "pilot_injury": 0.6112,
        "pilot_skill": 0.5566,
        "mission_priority": 0.4214,
        "estimated_landing_time": 2074.0,
        "wait_time": 0,
        "Landing_success_rate": 0.8548
    },
    {
        "model": 1,
        "sequence": 21,
        "status": 1,
        "fuel": 6612,
        "fault": 0.7006,
        "weapon": 1,
        "pilot_injury": 0.1362,
        "pilot_skill": 0.0286,
        "mission_priority": 0.8922,
        "estimated_landing_time": 1980.0,
        "wait_time": 0,
        "Landing_success_rate": 0.875
    },
    {
        "model": 1,
        "sequence": 14,
        "status": 1,
        "fuel": 6813,
        "fault": 0.4049,
        "weapon": 0,
        "pilot_injury": 0.1147,
        "pilot_skill": 0.4894,
        "mission_priority": 0.5334,
        "estimated_landing_time": 1322.0,
        "wait_time": 0,
        "Landing_success_rate": 0.9086
    },
    {
        "model": 1,
        "sequence": 10,
        "status": 1,
        "fuel": 7137,
        "fault": 0.505,
        "weapon": 0,
        "pilot_injury": 0.5714,
        "pilot_skill": 0.9744,
        "mission_priority": 0.1533,
        "estimated_landing_time": 946.0,
        "wait_time": 0,
        "Landing_success_rate": 0.9108
    },
    {
        "model": 1,
        "sequence": 16,
        "status": 1,
        "fuel": 5750,
        "fault": 0.2104,
        "weapon": 1,
        "pilot_injury": 0.2961,
        "pilot_skill": 0.7457,
        "mission_priority": 0.5563,
        "estimated_landing_time": 1510.0,
        "wait_time": 0,
        "Landing_success_rate": 0.8648
    },
    {
        "model": 2,
        "sequence": 6,
        "status": 1,
        "fuel": 7388,
        "fault": 0.3445,
        "weapon": 1,
        "pilot_injury": 0.6799,
        "pilot_skill": 0.2941,
        "mission_priority": 0.3558,
        "estimated_landing_time": 570.0,
        "wait_time": 0,
        "Landing_success_rate": 0.9428
    },
    {
        "model": 1,
        "sequence": 5,
        "status": 1,
        "fuel": 6533,
        "fault": 0.5769,
        "weapon": 0,
        "pilot_injury": 0.8866,
        "pilot_skill": 0.5004,
        "mission_priority": 0.1785,
        "estimated_landing_time": 476.0,
        "wait_time": 0,
        "Landing_success_rate": 0.8828
    },
    {
        "model": 2,
        "sequence": 11,
        "status": 1,
        "fuel": 5863,
        "fault": 0.1087,
        "weapon": 1,
        "pilot_injury": 0.3468,
        "pilot_skill": 0.3007,
        "mission_priority": 0.4209,
        "estimated_landing_time": 1040.0,
        "wait_time": 0,
        "Landing_success_rate": 0.8743
    },
    {
        "model": 1,
        "sequence": 2,
        "status": 1,
        "fuel": 6186,
        "fault": 0.5765,
        "weapon": 0,
        "pilot_injury": 0.2787,
        "pilot_skill": 0.8269,
        "mission_priority": 0.7313,
        "estimated_landing_time": 194.0,
        "wait_time": 0,
        "Landing_success_rate": 0.8718
    }
]