[
    {
        "model": 2,
        "sequence": 20,
        "status": 1,
        "fuel": 6430,
        "fault": 0.6133,
        "weapon": 1,
        "pilot_injury": 0.6326,
        "pilot_skill": 0.8113,
        "mission_priority": 0.1278,
        "estimated_landing_time": 1886.0,
        "wait_time": 0,
        "Landing_success_rate": 0.877
    },
    {
        "model": 1,
        "sequence": 9,
        "status": 1,
        "fuel": 7072,
        "fault": 0.03,
        "weapon": 1,
        "pilot_injury": 0.7779,
        "pilot_skill": 0.5206,
        "mission_priority": 0.81,
        "estimated_landing_time": 852.0,
        "wait_time": 0,
        "Landing_success_rate": 0.9644
    },
    {
        "model": 0,
        "sequence": 21,
        "status": 1,
        "fuel": 6439,
        "fault": 0.4413,
        "weapon": 0,
        "pilot_injury": 0.4969,
        "pilot_skill": 0.0283,
        "mission_priority": 0.5235,
        "estimated_landing_time": 1980.0,
        "wait_time": 0,
        "Landing_success_rate": 0.8893
    },
    {
        "model": 2,
        "sequence": 15,
        "status": 1,
        "fuel": 6765,
        "fault": 0.0442,
        "weapon": 1,
        "pilot_injury": 0.9865,
        "pilot_skill": 0.9748,
        "mission_priority": 0.2828,
        "estimated_landing_time": 1416.0,
        "wait_time": 0,
        "Landing_success_rate": 0.9407
    },
    {
        "model": 1,
        "sequence": 23,
        "status": 1,
        "fuel": 6091,
        "fault": 0.6073,
        "weapon": 0,
        "pilot_injury": 0.6658,
        "pilot_skill": 0.624,
        "mission_priority": 0.8222,
        "estimated_landing_time": 2168.0,
        "wait_time": 0,
        "Landing_success_rate": 0.8674
    },
    {
        "model": 2,
        "sequence": 4,
        "status": 1,
        "fuel": 7202,
        "fault": 0.6379,
        "weapon": 0,
        "pilot_injury": 0.858,
        "pilot_skill": 0.6696,
        "mission_priority": 0.4723,
        "estimated_landing_time": 382.0,
        "wait_time": 0,
        "Landing_success_rate": 0.8962
    },
    {
        "model": 0,
        "sequence": 18,
        "status": 1,
        "fuel": 6313,
        "fault": 0.6235,
        "weapon": 0,
        "pilot_injury": 0.9753,
        "pilot_skill": 0.1217,
        "mission_priority": 0.3131,
        "estimated_landing_time": 1698.0,
        "wait_time": 0,
        "Landing_success_rate": 0.873
    },
    {
        "model": 0,
        "sequence": 16,
        "status": 1,
        "fuel": 7085,
        "fault": 0.7671,
        "weapon": 1,
        "pilot_injury": 0.6725,
        "pilot_skill": 0.1331,
        "mission_priority": 0.7092,
        "estimated_landing_time": 1510.0,
        "wait_time": 0,
        "Landing_success_rate": 0.8777
    },
    {
        "model": 2,
        "sequence": 17,
        "status": 1,
        "fuel": 6083,
        "fault": 0.2733,
        "weapon": 0,
        "pilot_injury": 0.7652,
        "pilot_skill": 0.8801,
        "mission_priority": 0.8293,
        "estimated_landing_time": 1604.0,
        "wait_time": 0,
        "Landing_success_rate": 0.8818
    },
    {
        "model": 0,
        "sequence": 8,
        "status": 1,
        "fuel": 6058,
        "fault": 0.2445,
        "weapon": 1,
        "pilot_injury": 0.4498,
        "pilot_skill": 0.3339,
        "mission_priority": 0.8796,
        "estimated_landing_time": 758.0,
        "wait_time": 0,
        "Landing_success_rate": 0.8816
    },
    {
        "model": 0,
        "sequence": 2,
        "status": 1,
        "fuel": 5506,
        "fault": 0.9155,
        "weapon": 0,
        "pilot_injury": 0.7846,
        "pilot_skill": 0.5533,
        "mission_priority": 0.858,
        "estimated_landing_time": 194.0,
        "wait_time": 0,
        "Landing_success_rate": 0.85
    },
    {
        "model": 1,
        "sequence": 5,
        "status": 1,
        "fuel": 7425,
        "fault": 0.1956,
        "weapon": 1,
        "pilot_injury": 0.1638,
        "pilot_skill": 0.2252,
        "mission_priority": 0.1795,
        "estimated_landing_time": 476.0,
        "wait_time": 0,
        "Landing_success_rate": 0.9661
    },
    {
        "model": 2,
        "sequence": 10,
        "status": 1,
        "fuel": 7178,
        "fault": 0.1753,
        "weapon": 1,
        "pilot_injury": 0.6553,
        "pilot_skill": 0.2298,
        "mission_priority": 0.2702,
        "estimated_landing_time": 946.0,
        "wait_time": 0,
        "Landing_success_rate": 0.9538
    },
    {
        "model": 2,
        "sequence": 12,
        "status": 1,
        "fuel": 7236,
        "fault": 0.1982,
        "weapon": 0,
        "pilot_injury": 0.3786,
        "pilot_skill": 0.1458,
        "mission_priority": 0.8346,
        "estimated_landing_time": 1134.0,
        "wait_time": 0,
        "Landing_success_rate": 0.9544
    },
    {
        "model": 1,
        "sequence": 24,
        "status": 1,
        "fuel": 6337,
        "fault": 0.3356,
        "weapon": 1,
        "pilot_injury": 0.2664,
        "pilot_skill": 0.7361,
        "mission_priority": 0.87,
        "estimated_landing_time": 2262.0,
        "wait_time": 0,
        "Landing_success_rate": 0.8917
    },
    {
        "model": 0,
        "sequence": 7,
        "status": 1,
        "fuel": 5791,
        "fault": 0.6848,
        "weapon": 1,
        "pilot_injury": 0.0616,
        "pilot_skill": 0.6338,
        "mission_priority": 0.0221,
        "estimated_landing_time": 664.0,
        "wait_time": 0,
        "Landing_success_rate": 0.8569
    },
    {
        "model": 2,
        "sequence": 19,
        "status": 1,
        "fuel": 7240,
        "fault": 0.2004,
        "weapon": 0,
        "pilot_injury": 0.6488,
        "pilot_skill": 0.1846,
        "mission_priority": 0.3213,
        "estimated_landing_time": 1792.0,
        "wait_time": 0,
        "Landing_success_rate": 0.9543
    },
    {
        "model": 2,
        "sequence": 22,
        "status": 1,
        "fuel": 6527,
        "fault": 0.4208,
        "weapon": 0,
        "pilot_injury": 0.9921,
        "pilot_skill": 0.8097,
        "mission_priority": 0.8472,
        "estimated_landing_time": 2074.0,
        "wait_time": 0,
        "Landing_success_rate": 0.8946
    },
    {
        "model": 1,
        "sequence": 14,
        "status": 1,
        "fuel": 5988,
        "fault": 0.6208,
        "weapon": 0,
        "pilot_injury": 0.1702,
        "pilot_skill": 0.0527,
        "mission_priority": 0.5012,
        "estimated_landing_time": 1322.0,
        "wait_time": 0,
        "Landing_success_rate": 0.8639
    },
    {
        "model": 0,
        "sequence": 1,
        "status": 1,
        "fuel": 6782,
        "fault": 0.7769,
        "weapon": 1,
        "pilot_injury": 0.5554,
        "pilot_skill": 0.8267,
        "mission_priority": 0.9289,
        "estimated_landing_time": 100.0,
        "wait_time": 0,
        "Landing_success_rate": 0.8715
    },
    {
        "model": 1,
        "sequence": 3,
        "status": 1,
        "fuel": 6531,
        "fault": 0.0579,
        "weapon": 0,
        "pilot_injury": 0.1752,
        "pilot_skill": 0.5034,
        "mission_priority": 0.3646,
        "estimated_landing_time": 288.0,
        "wait_time": 0,
        "Landing_success_rate": 0.9228
    },
    {
        "model": 2,
        "sequence": 11,
        "status": 1,
        "fuel": 6943,
        "fault": 0.8253,
        "weapon": 1,
        "pilot_injury": 0.894,
        "pilot_skill": 0.4504,
        "mission_priority": 0.5303,
        "estimated_landing_time": 1040.0,
        "wait_time": 0,
        "Landing_success_rate": 0.8689
    },
    {
        "model": 0,
        "sequence": 13,
        "status": 1,
        "fuel": 6583,
        "fault": 0.9323,
        "weapon": 1,
        "pilot_injury": 0.6112,
        "pilot_skill": 0.0007,
        "mission_priority": 0.2679,
        "estimated_landing_time": 1228.0,
        "wait_time": 0,
        "Landing_success_rate": 0.8555
    },
    {
        "model": 0,
        "sequence": 6,
        "status": 1,
        "fuel": 7162,
        "fault": 0.2233,
        "weapon": 1,
        "pilot_injury": 0.5446,
        "pilot_skill": 0.5641,
        "mission_priority": 0.9016,
        "estimated_landing_time": 570.0,
        "wait_time": 0,
        "Landing_success_rate": 0.9468
    }
]