[
    {
        "model": 1,
        "sequence": 20,
        "status": 1,
        "fuel": 7151,
        "fault": 0.9973,
        "weapon": 1,
        "pilot_injury": 0.7662,
        "pilot_skill": 0.5707,
        "mission_priority": 0.8798,
        "estimated_landing_time": 1886.0,
        "wait_time": 0,
        "Landing_success_rate": 0.8503
    },
    {
        "model": 1,
        "sequence": 18,
        "status": 1,
        "fuel": 6102,
        "fault": 0.3355,
        "weapon": 0,
        "pilot_injury": 0.8583,
        "pilot_skill": 0.5504,
        "mission_priority": 0.9228,
        "estimated_landing_time": 1698.0,
        "wait_time": 0,
        "Landing_success_rate": 0.88
    },
    {
        "model": 2,
        "sequence": 9,
        "status": 1,
        "fuel": 6601,
        "fault": 0.3422,
        "weapon": 0,
        "pilot_injury": 0.1713,
        "pilot_skill": 0.8954,
        "mission_priority": 0.2481,
        "estimated_landing_time": 852.0,
        "wait_time": 0,
        "Landing_success_rate": 0.9043
    },
    {
        "model": 2,
        "sequence": 7,
        "status": 1,
        "fuel": 6367,
        "fault": 0.5087,
        "weapon": 0,
        "pilot_injury": 0.6818,
        "pilot_skill": 0.1501,
        "mission_priority": 0.7708,
        "estimated_landing_time": 664.0,
        "wait_time": 0,
        "Landing_success_rate": 0.8819
    },
    {
        "model": 0,
        "sequence": 24,
        "status": 1,
        "fuel": 6552,
        "fault": 0.3537,
        "weapon": 0,
        "pilot_injury": 0.7151,
        "pilot_skill": 0.7683,
        "mission_priority": 0.1205,
        "estimated_landing_time": 2262.0,
        "wait_time": 0,
        "Landing_success_rate": 0.901
    },
    {
        "model": 0,
        "sequence": 14,
        "status": 1,
        "fuel": 6618,
        "fault": 0.2644,
        "weapon": 1,
        "pilot_injury": 0.2258,
        "pilot_skill": 0.8669,
        "mission_priority": 0.1425,
        "estimated_landing_time": 1322.0,
        "wait_time": 0,
        "Landing_success_rate": 0.9117
    },
    {
        "model": 2,
        "sequence": 5,
        "status": 1,
        "fuel": 5960,
        "fault": 0.088,
        "weapon": 1,
        "pilot_injury": 0.8397,
        "pilot_skill": 0.0542,
        "mission_priority": 0.4481,
        "estimated_landing_time": 476.0,
        "wait_time": 0,
        "Landing_success_rate": 0.8815
    },
    {
        "model": 2,
        "sequence": 23,
        "status": 1,
        "fuel": 5843,
        "fault": 0.5528,
        "weapon": 1,
        "pilot_injury": 0.1073,
        "pilot_skill": 0.6452,
        "mission_priority": 0.105,
        "estimated_landing_time": 2168.0,
        "wait_time": 0,
        "Landing_success_rate": 0.8615
    },
    {
        "model": 0,
        "sequence": 10,
        "status": 1,
        "fuel": 5572,
        "fault": 0.3076,
        "weapon": 0,
        "pilot_injury": 0.8603,
        "pilot_skill": 0.9574,
        "mission_priority": 0.5122,
        "estimated_landing_time": 946.0,
        "wait_time": 0,
        "Landing_success_rate": 0.8537
    },
    {
        "model": 0,
        "sequence": 8,
        "status": 1,
        "fuel": 5848,
        "fault": 0.8406,
        "weapon": 1,
        "pilot_injury": 0.1925,
        "pilot_skill": 0.9409,
        "mission_priority": 0.0012,
        "estimated_landing_time": 758.0,
        "wait_time": 0,
        "Landing_success_rate": 0.8542
    },
    {
        "model": 1,
        "sequence": 1,
        "status": 1,
        "fuel": 5553,
        "fault": 0.1654,
        "weapon": 0,
        "pilot_injury": 0.3415,
        "pilot_skill": 0.3981,
        "mission_priority": 0.2214,
        "estimated_landing_time": 100.0,
        "wait_time": 0,
        "Landing_success_rate": 0.8533
    },
    {
        "model": 0,
        "sequence": 22,
        "status": 1,
        "fuel": 6749,
        "fault": 0.254,
        "weapon": 1,
        "pilot_injury": 0.6992,
        "pilot_skill": 0.0947,
        "mission_priority": 0.0567,
        "estimated_landing_time": 2074.0,
        "wait_time": 0,
        "Landing_success_rate": 0.9199
    },
    {
        "model": 2,
        "sequence": 12,
        "status": 1,
        "fuel": 5994,
        "fault": 0.2073,
        "weapon": 0,
        "pilot_injury": 0.6645,
        "pilot_skill": 0.8641,
        "mission_priority": 0.1333,
        "estimated_landing_time": 1134.0,
        "wait_time": 0,
        "Landing_success_rate": 0.8794
    },
    {
        "model": 1,
        "sequence": 17,
        "status": 1,
        "fuel": 6219,
        "fault": 0.6517,
        "weapon": 1,
        "pilot_injury": 0.9378,
        "pilot_skill": 0.1009,
        "mission_priority": 0.2396,
        "estimated_landing_time": 1604.0,
        "wait_time": 0,
        "Landing_success_rate": 0.8688
    },
    {
        "model": 1,
        "sequence": 3,
        "status": 1,
        "fuel": 5767,
        "fault": 0.3932,
        "weapon": 1,
        "pilot_injury": 0.4086,
        "pilot_skill": 0.8611,
        "mission_priority": 0.9505,
        "estimated_landing_time": 288.0,
        "wait_time": 0,
        "Landing_success_rate": 0.8622
    },
    {
        "model": 1,
        "sequence": 13,
        "status": 1,
        "fuel": 6745,
        "fault": 0.0261,
        "weapon": 0,
        "pilot_injury": 0.1143,
        "pilot_skill": 0.898,
        "mission_priority": 0.1421,
        "estimated_landing_time": 1228.0,
        "wait_time": 0,
        "Landing_success_rate": 0.9409
    },
    {
        "model": 1,
        "sequence": 19,
        "status": 1,
        "fuel": 6966,
        "fault": 0.698,
        "weapon": 0,
        "pilot_injury": 0.3819,
        "pilot_skill": 0.5863,
        "mission_priority": 0.3944,
        "estimated_landing_time": 1792.0,
        "wait_time": 0,
        "Landing_success_rate": 0.8832
    },
    {
        "model": 2,
        "sequence": 6,
        "status": 1,
        "fuel": 5844,
        "fault": 0.6646,
        "weapon": 1,
        "pilot_injury": 0.7284,
        "pilot_skill": 0.9453,
        "mission_priority": 0.4091,
        "estimated_landing_time": 570.0,
        "wait_time": 0,
        "Landing_success_rate": 0.8587
    },
    {
        "model": 2,
        "sequence": 21,
        "status": 1,
        "fuel": 5733,
        "fault": 0.8908,
        "weapon": 1,
        "pilot_injury": 0.8314,
        "pilot_skill": 0.0343,
        "mission_priority": 0.3557,
        "estimated_landing_time": 1980.0,
        "wait_time": 0,
        "Landing_success_rate": 0.8519
    },
    {
        "model": 0,
        "sequence": 2,
        "status": 1,
        "fuel": 6193,
        "fault": 0.6808,
        "weapon": 0,
        "pilot_injury": 0.8651,
        "pilot_skill": 0.8149,
        "mission_priority": 0.8112,
        "estimated_landing_time": 194.0,
        "wait_time": 0,
        "Landing_success_rate": 0.8666
    },
    {
        "model": 0,
        "sequence": 15,
        "status": 1,
        "fuel": 6669,
        "fault": 0.2584,
        "weapon": 0,
        "pilot_injury": 0.1724,
        "pilot_skill": 0.6707,
        "mission_priority": 0.1338,
        "estimated_landing_time": 1416.0,
        "wait_time": 0,
        "Landing_success_rate": 0.915
    },
    {
        "model": 2,
        "sequence": 16,
        "status": 1,
        "fuel": 6796,
        "fault": 0.7739,
        "weapon": 1,
        "pilot_injury": 0.0945,
        "pilot_skill": 0.3298,
        "mission_priority": 0.9697,
        "estimated_landing_time": 1510.0,
        "wait_time": 0,
        "Landing_success_rate": 0.872
    },
    {
        "model": 2,
        "sequence": 11,
        "status": 1,
        "fuel": 6532,
        "fault": 0.4922,
        "weapon": 0,
        "pilot_injury": 0.9936,
        "pilot_skill": 0.4364,
        "mission_priority": 0.9431,
        "estimated_landing_time": 1040.0,
        "wait_time": 0,
        "Landing_success_rate": 0.8893
    },
    {
        "model": 0,
        "sequence": 4,
        "status": 1,
        "fuel": 6481,
        "fault": 0.9259,
        "weapon": 1,
        "pilot_injury": 0.8616,
        "pilot_skill": 0.8847,
        "mission_priority": 0.1304,
        "estimated_landing_time": 382.0,
        "wait_time": 0,
        "Landing_success_rate": 0.8555
    }
]