[
    {
        "model": 1,
        "sequence": 10,
        "status": 1,
        "fuel": 6117,
        "fault": 0.9997,
        "weapon": 0,
        "pilot_injury": 0.2052,
        "pilot_skill": 0.8095,
        "mission_priority": 0.6064,
        "estimated_landing_time": 946.0,
        "wait_time": 0,
        "Landing_success_rate": 0.85
    },
    {
        "model": 0,
        "sequence": 13,
        "status": 1,
        "fuel": 6244,
        "fault": 0.803,
        "weapon": 0,
        "pilot_injury": 0.5407,
        "pilot_skill": 0.2079,
        "mission_priority": 0.8429,
        "estimated_landing_time": 1228.0,
        "wait_time": 0,
        "Landing_success_rate": 0.861
    },
    {
        "model": 2,
        "sequence": 8,
        "status": 1,
        "fuel": 5672,
        "fault": 0.671,
        "weapon": 0,
        "pilot_injury": 0.3999,
        "pilot_skill": 0.7495,
        "mission_priority": 0.4235,
        "estimated_landing_time": 758.0,
        "wait_time": 0,
        "Landing_success_rate": 0.8542
    },
    {
        "model": 2,
        "sequence": 12,
        "status": 1,
        "fuel": 7450,
        "fault": 0.524,
        "weapon": 1,
        "pilot_injury": 0.7587,
        "pilot_skill": 0.8276,
        "mission_priority": 0.3129,
        "estimated_landing_time": 1134.0,
        "wait_time": 0,
        "Landing_success_rate": 0.9196
    },
    {
        "model": 2,
        "sequence": 2,
        "status": 1,
        "fuel": 7347,
        "fault": 0.7179,
        "weapon": 0,
        "pilot_injury": 0.4467,
        "pilot_skill": 0.997,
        "mission_priority": 0.5895,
        "estimated_landing_time": 194.0,
        "wait_time": 0,
        "Landing_success_rate": 0.8891
    },
    {
        "model": 2,
        "sequence": 11,
        "status": 1,
        "fuel": 5935,
        "fault": 0.7375,
        "weapon": 0,
        "pilot_injury": 0.4478,
        "pilot_skill": 0.8588,
        "mission_priority": 0.0817,
        "estimated_landing_time": 1040.0,
        "wait_time": 0,
        "Landing_success_rate": 0.8586
    },
    {
        "model": 0,
        "sequence": 22,
        "status": 1,
        "fuel": 6585,
        "fault": 0.4558,
        "weapon": 0,
        "pilot_injury": 0.8801,
        "pilot_skill": 0.4158,
        "mission_priority": 0.295,
        "estimated_landing_time": 2074.0,
        "wait_time": 0,
        "Landing_success_rate": 0.8943
    },
    {
        "model": 2,
        "sequence": 21,
        "status": 1,
        "fuel": 6263,
        "fault": 0.4007,
        "weapon": 0,
        "pilot_injury": 0.171,
        "pilot_skill": 0.1582,
        "mission_priority": 0.2636,
        "estimated_landing_time": 1980.0,
        "wait_time": 0,
        "Landing_success_rate": 0.8843
    },
    {
        "model": 1,
        "sequence": 17,
        "status": 1,
        "fuel": 6126,
        "fault": 0.5241,
        "weapon": 1,
        "pilot_injury": 0.5307,
        "pilot_skill": 0.5478,
        "mission_priority": 0.0147,
        "estimated_landing_time": 1604.0,
        "wait_time": 0,
        "Landing_success_rate": 0.8723
    },
    {
        "model": 0,
        "sequence": 18,
        "status": 1,
        "fuel": 5810,
        "fault": 0.9693,
        "weapon": 0,
        "pilot_injury": 0.4437,
        "pilot_skill": 0.0669,
        "mission_priority": 0.6943,
        "estimated_landing_time": 1698.0,
        "wait_time": 0,
        "Landing_success_rate": 0.8507
    },
    {
        "model": 1,
        "sequence": 14,
        "status": 1,
        "fuel": 5691,
        "fault": 0.7352,
        "weapon": 1,
        "pilot_injury": 0.6776,
        "pilot_skill": 0.1547,
        "mission_priority": 0.3288,
        "estimated_landing_time": 1322.0,
        "wait_time": 0,
        "Landing_success_rate": 0.8538
    },
    {
        "model": 1,
        "sequence": 6,
        "status": 1,
        "fuel": 6574,
        "fault": 0.6585,
        "weapon": 0,
        "pilot_injury": 0.8065,
        "pilot_skill": 0.9288,
        "mission_priority": 0.0441,
        "estimated_landing_time": 570.0,
        "wait_time": 0,
        "Landing_success_rate": 0.8775
    },
    {
        "model": 2,
        "sequence": 5,
        "status": 1,
        "fuel": 6950,
        "fault": 0.0246,
        "weapon": 0,
        "pilot_injury": 0.1037,
        "pilot_skill": 0.7771,
        "mission_priority": 0.6475,
        "estimated_landing_time": 476.0,
        "wait_time": 0,
        "Landing_success_rate": 0.9561
    },
    {
        "model": 1,
        "sequence": 23,
        "status": 1,
        "fuel": 6844,
        "fault": 0.1409,
        "weapon": 0,
        "pilot_injury": 0.9191,
        "pilot_skill": 0.2165,
        "mission_priority": 0.1444,
        "estimated_landing_time": 2168.0,
        "wait_time": 0,
        "Landing_success_rate": 0.9366
    },
    {
        "model": 0,
        "sequence": 9,
        "status": 1,
        "fuel": 6231,
        "fault": 0.1193,
        "weapon": 1,
        "pilot_injury": 0.0544,
        "pilot_skill": 0.528,
        "mission_priority": 0.6785,
        "estimated_landing_time": 852.0,
        "wait_time": 0,
        "Landing_success_rate": 0.8983
    },
    {
        "model": 2,
        "sequence": 15,
        "status": 1,
        "fuel": 5824,
        "fault": 0.8603,
        "weapon": 0,
        "pilot_injury": 0.5749,
        "pilot_skill": 0.4537,
        "mission_priority": 0.7233,
        "estimated_landing_time": 1416.0,
        "wait_time": 0,
        "Landing_success_rate": 0.8534
    },
    {
        "model": 0,
        "sequence": 7,
        "status": 1,
        "fuel": 7266,
        "fault": 0.2384,
        "weapon": 0,
        "pilot_injury": 0.2628,
        "pilot_skill": 0.6534,
        "mission_priority": 0.9246,
        "estimated_landing_time": 664.0,
        "wait_time": 0,
        "Landing_success_rate": 0.9509
    },
    {
        "model": 0,
        "sequence": 19,
        "status": 1,
        "fuel": 6473,
        "fault": 0.4369,
        "weapon": 0,
        "pilot_injury": 0.7157,
        "pilot_skill": 0.0091,
        "mission_priority": 0.8342,
        "estimated_landing_time": 1792.0,
        "wait_time": 0,
        "Landing_success_rate": 0.8911
    },
    {
        "model": 1,
        "sequence": 4,
        "status": 1,
        "fuel": 5816,
        "fault": 0.0187,
        "weapon": 0,
        "pilot_injury": 0.7086,
        "pilot_skill": 0.7927,
        "mission_priority": 0.1712,
        "estimated_landing_time": 382.0,
        "wait_time": 0,
        "Landing_success_rate": 0.8733
    },
    {
        "model": 1,
        "sequence": 3,
        "status": 1,
        "fuel": 6091,
        "fault": 0.5037,
        "weapon": 1,
        "pilot_injury": 0.7151,
        "pilot_skill": 0.0227,
        "mission_priority": 0.6192,
        "estimated_landing_time": 288.0,
        "wait_time": 0,
        "Landing_success_rate": 0.872
    },
    {
        "model": 0,
        "sequence": 20,
        "status": 1,
        "fuel": 6413,
        "fault": 0.0596,
        "weapon": 0,
        "pilot_injury": 0.2907,
        "pilot_skill": 0.2079,
        "mission_priority": 0.9981,
        "estimated_landing_time": 1886.0,
        "wait_time": 0,
        "Landing_success_rate": 0.9144
    },
    {
        "model": 2,
        "sequence": 1,
        "status": 1,
        "fuel": 5623,
        "fault": 0.0712,
        "weapon": 1,
        "pilot_injury": 0.1948,
        "pilot_skill": 0.023,
        "mission_priority": 0.5662,
        "estimated_landing_time": 100.0,
        "wait_time": 0,
        "Landing_success_rate": 0.8586
    },
    {
        "model": 0,
        "sequence": 16,
        "status": 1,
        "fuel": 7475,
        "fault": 0.1284,
        "weapon": 0,
        "pilot_injury": 0.26,
        "pilot_skill": 0.2033,
        "mission_priority": 0.0557,
        "estimated_landing_time": 1510.0,
        "wait_time": 0,
        "Landing_success_rate": 0.9791
    },
    {
        "model": 1,
        "sequence": 24,
        "status": 1,
        "fuel": 6795,
        "fault": 0.7117,
        "weapon": 1,
        "pilot_injury": 0.0887,
        "pilot_skill": 0.3545,
        "mission_priority": 0.1485,
        "estimated_landing_time": 2262.0,
        "wait_time": 0,
        "Landing_success_rate": 0.878
    }
]