[
    {
        "model": 1,
        "sequence": 14,
        "status": 1,
        "fuel": 5720,
        "fault": 0.892,
        "weapon": 1,
        "pilot_injury": 0.6541,
        "pilot_skill": 0.2015,
        "mission_priority": 0.701,
        "estimated_landing_time": 1322.0,
        "wait_time": 0,
        "Landing_success_rate": 0.8518
    },
    {
        "model": 1,
        "sequence": 3,
        "status": 1,
        "fuel": 7258,
        "fault": 0.1088,
        "weapon": 1,
        "pilot_injury": 0.2428,
        "pilot_skill": 0.1532,
        "mission_priority": 0.7841,
        "estimated_landing_time": 288.0,
        "wait_time": 0,
        "Landing_success_rate": 0.9675
    },
    {
        "model": 1,
        "sequence": 4,
        "status": 1,
        "fuel": 6800,
        "fault": 0.409,
        "weapon": 1,
        "pilot_injury": 0.8482,
        "pilot_skill": 0.6569,
        "mission_priority": 0.6567,
        "estimated_landing_time": 382.0,
        "wait_time": 0,
        "Landing_success_rate": 0.9076
    },
    {
        "model": 0,
        "sequence": 11,
        "status": 1,
        "fuel": 5809,
        "fault": 0.2853,
        "weapon": 0,
        "pilot_injury": 0.937,
        "pilot_skill": 0.3558,
        "mission_priority": 0.8026,
        "estimated_landing_time": 1040.0,
        "wait_time": 0,
        "Landing_success_rate": 0.8666
    },
    {
        "model": 2,
        "sequence": 7,
        "status": 1,
        "fuel": 7046,
        "fault": 0.764,
        "weapon": 1,
        "pilot_injury": 0.3267,
        "pilot_skill": 0.9974,
        "mission_priority": 0.3006,
        "estimated_landing_time": 664.0,
        "wait_time": 0,
        "Landing_success_rate": 0.8774
    },
    {
        "model": 0,
        "sequence": 22,
        "status": 1,
        "fuel": 7237,
        "fault": 0.0205,
        "weapon": 1,
        "pilot_injury": 0.155,
        "pilot_skill": 0.2664,
        "mission_priority": 0.7281,
        "estimated_landing_time": 2074.0,
        "wait_time": 0,
        "Landing_success_rate": 0.9776
    },
    {
        "model": 0,
        "sequence": 13,
        "status": 1,
        "fuel": 6876,
        "fault": 0.456,
        "weapon": 1,
        "pilot_injury": 0.8623,
        "pilot_skill": 0.0375,
        "mission_priority": 0.577,
        "estimated_landing_time": 1228.0,
        "wait_time": 0,
        "Landing_success_rate": 0.9061
    },
    {
        "model": 2,
        "sequence": 18,
        "status": 1,
        "fuel": 6708,
        "fault": 0.4485,
        "weapon": 1,
        "pilot_injury": 0.6765,
        "pilot_skill": 0.203,
        "mission_priority": 0.8611,
        "estimated_landing_time": 1698.0,
        "wait_time": 0,
        "Landing_success_rate": 0.9
    },
    {
        "model": 2,
        "sequence": 8,
        "status": 1,
        "fuel": 6724,
        "fault": 0.0468,
        "weapon": 0,
        "pilot_injury": 0.4266,
        "pilot_skill": 0.8243,
        "mission_priority": 0.465,
        "estimated_landing_time": 758.0,
        "wait_time": 0,
        "Landing_success_rate": 0.9375
    },
    {
        "model": 1,
        "sequence": 10,
        "status": 1,
        "fuel": 7388,
        "fault": 0.5562,
        "weapon": 1,
        "pilot_injury": 0.5798,
        "pilot_skill": 0.748,
        "mission_priority": 0.265,
        "estimated_landing_time": 946.0,
        "wait_time": 0,
        "Landing_success_rate": 0.9128
    },
    {
        "model": 1,
        "sequence": 19,
        "status": 1,
        "fuel": 7467,
        "fault": 0.6212,
        "weapon": 0,
        "pilot_injury": 0.9539,
        "pilot_skill": 0.446,
        "mission_priority": 0.8982,
        "estimated_landing_time": 1792.0,
        "wait_time": 0,
        "Landing_success_rate": 0.9059
    },
    {
        "model": 0,
        "sequence": 5,
        "status": 1,
        "fuel": 5770,
        "fault": 0.2042,
        "weapon": 0,
        "pilot_injury": 0.792,
        "pilot_skill": 0.8596,
        "mission_priority": 0.6796,
        "estimated_landing_time": 476.0,
        "wait_time": 0,
        "Landing_success_rate": 0.8661
    },
    {
        "model": 1,
        "sequence": 15,
        "status": 1,
        "fuel": 7426,
        "fault": 0.2909,
        "weapon": 0,
        "pilot_injury": 0.5673,
        "pilot_skill": 0.8737,
        "mission_priority": 0.0151,
        "estimated_landing_time": 1416.0,
        "wait_time": 0,
        "Landing_success_rate": 0.9524
    },
    {
        "model": 2,
        "sequence": 23,
        "status": 1,
        "fuel": 5777,
        "fault": 0.5822,
        "weapon": 1,
        "pilot_injury": 0.1961,
        "pilot_skill": 0.958,
        "mission_priority": 0.7406,
        "estimated_landing_time": 2168.0,
        "wait_time": 0,
        "Landing_success_rate": 0.8587
    },
    {
        "model": 2,
        "sequence": 9,
        "status": 1,
        "fuel": 7216,
        "fault": 0.4582,
        "weapon": 1,
        "pilot_injury": 0.4475,
        "pilot_skill": 0.461,
        "mission_priority": 0.8391,
        "estimated_landing_time": 852.0,
        "wait_time": 0,
        "Landing_success_rate": 0.9197
    },
    {
        "model": 1,
        "sequence": 12,
        "status": 1,
        "fuel": 6211,
        "fault": 0.5505,
        "weapon": 1,
        "pilot_injury": 0.3099,
        "pilot_skill": 0.9843,
        "mission_priority": 0.0037,
        "estimated_landing_time": 1134.0,
        "wait_time": 0,
        "Landing_success_rate": 0.874
    },
    {
        "model": 0,
        "sequence": 24,
        "status": 1,
        "fuel": 7089,
        "fault": 0.2793,
        "weapon": 1,
        "pilot_injury": 0.5438,
        "pilot_skill": 0.1385,
        "mission_priority": 0.4486,
        "estimated_landing_time": 2262.0,
        "wait_time": 0,
        "Landing_success_rate": 0.9359
    },
    {
        "model": 1,
        "sequence": 21,
        "status": 1,
        "fuel": 7379,
        "fault": 0.3326,
        "weapon": 1,
        "pilot_injury": 0.6876,
        "pilot_skill": 0.1305,
        "mission_priority": 0.5364,
        "estimated_landing_time": 1980.0,
        "wait_time": 0,
        "Landing_success_rate": 0.9441
    },
    {
        "model": 2,
        "sequence": 20,
        "status": 1,
        "fuel": 6347,
        "fault": 0.84,
        "weapon": 1,
        "pilot_injury": 0.7272,
        "pilot_skill": 0.5622,
        "mission_priority": 0.966,
        "estimated_landing_time": 1886.0,
        "wait_time": 0,
        "Landing_success_rate": 0.8602
    },
    {
        "model": 2,
        "sequence": 17,
        "status": 1,
        "fuel": 7297,
        "fault": 0.4841,
        "weapon": 0,
        "pilot_injury": 0.0003,
        "pilot_skill": 0.6627,
        "mission_priority": 0.4756,
        "estimated_landing_time": 1604.0,
        "wait_time": 0,
        "Landing_success_rate": 0.9195
    },
    {
        "model": 0,
        "sequence": 1,
        "status": 1,
        "fuel": 7105,
        "fault": 0.7771,
        "weapon": 0,
        "pilot_injury": 0.9785,
        "pilot_skill": 0.9306,
        "mission_priority": 0.5002,
        "estimated_landing_time": 100.0,
        "wait_time": 0,
        "Landing_success_rate": 0.8768
    },
    {
        "model": 2,
        "sequence": 6,
        "status": 1,
        "fuel": 7205,
        "fault": 0.2467,
        "weapon": 0,
        "pilot_injury": 0.9509,
        "pilot_skill": 0.2837,
        "mission_priority": 0.1927,
        "estimated_landing_time": 570.0,
        "wait_time": 0,
        "Landing_success_rate": 0.9463
    },
    {
        "model": 0,
        "sequence": 2,
        "status": 1,
        "fuel": 6853,
        "fault": 0.0873,
        "weapon": 1,
        "pilot_injury": 0.9485,
        "pilot_skill": 0.1356,
        "mission_priority": 0.1208,
        "estimated_landing_time": 194.0,
        "wait_time": 0,
        "Landing_success_rate": 0.9426
    },
    {
        "model": 0,
        "sequence": 16,
        "status": 1,
        "fuel": 6854,
        "fault": 0.8556,
        "weapon": 1,
        "pilot_injury": 0.5478,
        "pilot_skill": 0.0962,
        "mission_priority": 0.4423,
        "estimated_landing_time": 1510.0,
        "wait_time": 0,
        "Landing_success_rate": 0.8647
    }
]