[
    {
        "model": 1,
        "sequence": 22,
        "status": 1,
        "fuel": 6780,
        "fault": 0.8735,
        "weapon": 0,
        "pilot_injury": 0.7205,
        "pilot_skill": 0.1242,
        "mission_priority": 0.8519,
        "estimated_landing_time": 2074.0,
        "wait_time": 0,
        "Landing_success_rate": 0.8621
    },
    {
        "model": 1,
        "sequence": 19,
        "status": 1,
        "fuel": 7105,
        "fault": 0.9406,
        "weapon": 1,
        "pilot_injury": 0.7936,
        "pilot_skill": 0.3744,
        "mission_priority": 0.1016,
        "estimated_landing_time": 1792.0,
        "wait_time": 0,
        "Landing_success_rate": 0.8572
    },
    {
        "model": 1,
        "sequence": 14,
        "status": 1,
        "fuel": 7435,
        "fault": 0.3446,
        "weapon": 0,
        "pilot_injury": 0.5654,
        "pilot_skill": 0.4526,
        "mission_priority": 0.3629,
        "estimated_landing_time": 1322.0,
        "wait_time": 0,
        "Landing_success_rate": 0.9451
    },
    {
        "model": 0,
        "sequence": 21,
        "status": 1,
        "fuel": 7447,
        "fault": 0.089,
        "weapon": 0,
        "pilot_injury": 0.7632,
        "pilot_skill": 0.9209,
        "mission_priority": 0.1677,
        "estimated_landing_time": 1980.0,
        "wait_time": 0,
        "Landing_success_rate": 0.983
    },
    {
        "model": 0,
        "sequence": 10,
        "status": 1,
        "fuel": 6015,
        "fault": 0.2597,
        "weapon": 0,
        "pilot_injury": 0.1777,
        "pilot_skill": 0.7891,
        "mission_priority": 0.2869,
        "estimated_landing_time": 946.0,
        "wait_time": 0,
        "Landing_success_rate": 0.8786
    },
    {
        "model": 2,
        "sequence": 12,
        "status": 1,
        "fuel": 5590,
        "fault": 0.8289,
        "weapon": 0,
        "pilot_injury": 0.6555,
        "pilot_skill": 0.6103,
        "mission_priority": 0.0992,
        "estimated_landing_time": 1134.0,
        "wait_time": 0,
        "Landing_success_rate": 0.8512
    },
    {
        "model": 2,
        "sequence": 9,
        "status": 1,
        "fuel": 5854,
        "fault": 0.8168,
        "weapon": 0,
        "pilot_injury": 0.9254,
        "pilot_skill": 0.4837,
        "mission_priority": 0.103,
        "estimated_landing_time": 852.0,
        "wait_time": 0,
        "Landing_success_rate": 0.8549
    },
    {
        "model": 2,
        "sequence": 8,
        "status": 1,
        "fuel": 6624,
        "fault": 0.8046,
        "weapon": 0,
        "pilot_injury": 0.998,
        "pilot_skill": 0.8859,
        "mission_priority": 0.9802,
        "estimated_landing_time": 758.0,
        "wait_time": 0,
        "Landing_success_rate": 0.8665
    },
    {
        "model": 1,
        "sequence": 24,
        "status": 1,
        "fuel": 6592,
        "fault": 0.296,
        "weapon": 1,
        "pilot_injury": 0.5192,
        "pilot_skill": 0.0296,
        "mission_priority": 0.1418,
        "estimated_landing_time": 2262.0,
        "wait_time": 0,
        "Landing_success_rate": 0.9077
    },
    {
        "model": 2,
        "sequence": 18,
        "status": 1,
        "fuel": 6591,
        "fault": 0.108,
        "weapon": 1,
        "pilot_injury": 0.6949,
        "pilot_skill": 0.7208,
        "mission_priority": 0.4505,
        "estimated_landing_time": 1698.0,
        "wait_time": 0,
        "Landing_success_rate": 0.923
    },
    {
        "model": 2,
        "sequence": 16,
        "status": 1,
        "fuel": 7460,
        "fault": 0.7926,
        "weapon": 1,
        "pilot_injury": 0.0409,
        "pilot_skill": 0.5853,
        "mission_priority": 0.348,
        "estimated_landing_time": 1510.0,
        "wait_time": 0,
        "Landing_success_rate": 0.8805
    },
    {
        "model": 1,
        "sequence": 1,
        "status": 1,
        "fuel": 7314,
        "fault": 0.9343,
        "weapon": 1,
        "pilot_injury": 0.6677,
        "pilot_skill": 0.7788,
        "mission_priority": 0.1799,
        "estimated_landing_time": 100.0,
        "wait_time": 0,
        "Landing_success_rate": 0.8589
    },
    {
        "model": 2,
        "sequence": 13,
        "status": 1,
        "fuel": 6396,
        "fault": 0.1973,
        "weapon": 0,
        "pilot_injury": 0.7681,
        "pilot_skill": 0.4438,
        "mission_priority": 0.2139,
        "estimated_landing_time": 1228.0,
        "wait_time": 0,
        "Landing_success_rate": 0.9039
    },
    {
        "model": 1,
        "sequence": 4,
        "status": 1,
        "fuel": 5926,
        "fault": 0.2902,
        "weapon": 1,
        "pilot_injury": 0.3689,
        "pilot_skill": 0.9771,
        "mission_priority": 0.1336,
        "estimated_landing_time": 382.0,
        "wait_time": 0,
        "Landing_success_rate": 0.8727
    },
    {
        "model": 1,
        "sequence": 7,
        "status": 1,
        "fuel": 6381,
        "fault": 0.5041,
        "weapon": 0,
        "pilot_injury": 0.9408,
        "pilot_skill": 0.834,
        "mission_priority": 0.2894,
        "estimated_landing_time": 664.0,
        "wait_time": 0,
        "Landing_success_rate": 0.8828
    },
    {
        "model": 2,
        "sequence": 3,
        "status": 1,
        "fuel": 6303,
        "fault": 0.0977,
        "weapon": 0,
        "pilot_injury": 0.5848,
        "pilot_skill": 0.6194,
        "mission_priority": 0.2707,
        "estimated_landing_time": 288.0,
        "wait_time": 0,
        "Landing_success_rate": 0.9043
    },
    {
        "model": 2,
        "sequence": 20,
        "status": 1,
        "fuel": 6696,
        "fault": 0.1182,
        "weapon": 1,
        "pilot_injury": 0.7932,
        "pilot_skill": 0.0583,
        "mission_priority": 0.5721,
        "estimated_landing_time": 1886.0,
        "wait_time": 0,
        "Landing_success_rate": 0.9291
    },
    {
        "model": 2,
        "sequence": 5,
        "status": 1,
        "fuel": 7204,
        "fault": 0.9879,
        "weapon": 0,
        "pilot_injury": 0.1915,
        "pilot_skill": 0.0688,
        "mission_priority": 0.9398,
        "estimated_landing_time": 476.0,
        "wait_time": 0,
        "Landing_success_rate": 0.8515
    },
    {
        "model": 0,
        "sequence": 11,
        "status": 1,
        "fuel": 6174,
        "fault": 0.408,
        "weapon": 0,
        "pilot_injury": 0.2645,
        "pilot_skill": 0.2424,
        "mission_priority": 0.1575,
        "estimated_landing_time": 1040.0,
        "wait_time": 0,
        "Landing_success_rate": 0.8799
    },
    {
        "model": 2,
        "sequence": 6,
        "status": 1,
        "fuel": 6256,
        "fault": 0.9406,
        "weapon": 0,
        "pilot_injury": 0.8755,
        "pilot_skill": 0.3675,
        "mission_priority": 0.7456,
        "estimated_landing_time": 570.0,
        "wait_time": 0,
        "Landing_success_rate": 0.8534
    },
    {
        "model": 0,
        "sequence": 23,
        "status": 1,
        "fuel": 7003,
        "fault": 0.9041,
        "weapon": 1,
        "pilot_injury": 0.286,
        "pilot_skill": 0.4615,
        "mission_priority": 0.2926,
        "estimated_landing_time": 2168.0,
        "wait_time": 0,
        "Landing_success_rate": 0.8608
    },
    {
        "model": 1,
        "sequence": 2,
        "status": 1,
        "fuel": 5845,
        "fault": 0.3938,
        "weapon": 0,
        "pilot_injury": 0.3881,
        "pilot_skill": 0.3142,
        "mission_priority": 0.878,
        "estimated_landing_time": 194.0,
        "wait_time": 0,
        "Landing_success_rate": 0.8657
    },
    {
        "model": 1,
        "sequence": 17,
        "status": 1,
        "fuel": 5776,
        "fault": 0.7043,
        "weapon": 1,
        "pilot_injury": 0.6186,
        "pilot_skill": 0.0752,
        "mission_priority": 0.0593,
        "estimated_landing_time": 1604.0,
        "wait_time": 0,
        "Landing_success_rate": 0.8561
    },
    {
        "model": 2,
        "sequence": 15,
        "status": 1,
        "fuel": 7374,
        "fault": 0.1229,
        "weapon": 0,
        "pilot_injury": 0.5247,
        "pilot_skill": 0.8759,
        "mission_priority": 0.0965,
        "estimated_landing_time": 1416.0,
        "wait_time": 0,
        "Landing_success_rate": 0.9733
    }
]