[
    {
        "model": 1,
        "sequence": 20,
        "status": 1,
        "fuel": 6965,
        "fault": 0.2903,
        "weapon": 0,
        "pilot_injury": 0.6039,
        "pilot_skill": 0.4536,
        "mission_priority": 0.1445,
        "estimated_landing_time": 1886.0,
        "wait_time": 0,
        "Landing_success_rate": 0.928
    },
    {
        "model": 2,
        "sequence": 10,
        "status": 1,
        "fuel": 7425,
        "fault": 0.595,
        "weapon": 0,
        "pilot_injury": 0.6256,
        "pilot_skill": 0.374,
        "mission_priority": 0.2007,
        "estimated_landing_time": 946.0,
        "wait_time": 0,
        "Landing_success_rate": 0.9085
    },
    {
        "model": 0,
        "sequence": 5,
        "status": 1,
        "fuel": 7205,
        "fault": 0.6224,
        "weapon": 1,
        "pilot_injury": 0.8667,
        "pilot_skill": 0.9657,
        "mission_priority": 0.83,
        "estimated_landing_time": 476.0,
        "wait_time": 0,
        "Landing_success_rate": 0.8983
    },
    {
        "model": 1,
        "sequence": 7,
        "status": 1,
        "fuel": 7463,
        "fault": 0.3093,
        "weapon": 1,
        "pilot_injury": 0.5194,
        "pilot_skill": 0.2414,
        "mission_priority": 0.0932,
        "estimated_landing_time": 664.0,
        "wait_time": 0,
        "Landing_success_rate": 0.9517
    },
    {
        "model": 2,
        "sequence": 3,
        "status": 1,
        "fuel": 6439,
        "fault": 0.8337,
        "weapon": 0,
        "pilot_injury": 0.0256,
        "pilot_skill": 0.9878,
        "mission_priority": 0.8315,
        "estimated_landing_time": 288.0,
        "wait_time": 0,
        "Landing_success_rate": 0.8617
    },
    {
        "model": 2,
        "sequence": 19,
        "status": 1,
        "fuel": 7398,
        "fault": 0.2001,
        "weapon": 0,
        "pilot_injury": 0.0277,
        "pilot_skill": 0.4852,
        "mission_priority": 0.7417,
        "estimated_landing_time": 1792.0,
        "wait_time": 0,
        "Landing_success_rate": 0.9639
    },
    {
        "model": 2,
        "sequence": 17,
        "status": 1,
        "fuel": 6135,
        "fault": 0.3437,
        "weapon": 0,
        "pilot_injury": 0.8935,
        "pilot_skill": 0.2387,
        "mission_priority": 0.1553,
        "estimated_landing_time": 1604.0,
        "wait_time": 0,
        "Landing_success_rate": 0.8813
    },
    {
        "model": 2,
        "sequence": 11,
        "status": 1,
        "fuel": 5571,
        "fault": 0.2218,
        "weapon": 0,
        "pilot_injury": 0.7985,
        "pilot_skill": 0.903,
        "mission_priority": 0.3073,
        "estimated_landing_time": 1040.0,
        "wait_time": 0,
        "Landing_success_rate": 0.8541
    },
    {
        "model": 2,
        "sequence": 18,
        "status": 1,
        "fuel": 6512,
        "fault": 0.8978,
        "weapon": 1,
        "pilot_injury": 0.6774,
        "pilot_skill": 0.5275,
        "mission_priority": 0.2767,
        "estimated_landing_time": 1698.0,
        "wait_time": 0,
        "Landing_success_rate": 0.8578
    },
    {
        "model": 1,
        "sequence": 24,
        "status": 1,
        "fuel": 6451,
        "fault": 0.6638,
        "weapon": 1,
        "pilot_injury": 0.4161,
        "pilot_skill": 0.7099,
        "mission_priority": 0.3382,
        "estimated_landing_time": 2262.0,
        "wait_time": 0,
        "Landing_success_rate": 0.874
    },
    {
        "model": 0,
        "sequence": 13,
        "status": 1,
        "fuel": 6146,
        "fault": 0.7315,
        "weapon": 1,
        "pilot_injury": 0.2025,
        "pilot_skill": 0.4404,
        "mission_priority": 0.432,
        "estimated_landing_time": 1228.0,
        "wait_time": 0,
        "Landing_success_rate": 0.863
    },
    {
        "model": 1,
        "sequence": 8,
        "status": 1,
        "fuel": 6059,
        "fault": 0.502,
        "weapon": 1,
        "pilot_injury": 0.7163,
        "pilot_skill": 0.6202,
        "mission_priority": 0.8642,
        "estimated_landing_time": 758.0,
        "wait_time": 0,
        "Landing_success_rate": 0.8709
    },
    {
        "model": 0,
        "sequence": 12,
        "status": 1,
        "fuel": 6018,
        "fault": 0.6851,
        "weapon": 1,
        "pilot_injury": 0.2098,
        "pilot_skill": 0.5202,
        "mission_priority": 0.9881,
        "estimated_landing_time": 1134.0,
        "wait_time": 0,
        "Landing_success_rate": 0.8622
    },
    {
        "model": 1,
        "sequence": 4,
        "status": 1,
        "fuel": 6391,
        "fault": 0.9526,
        "weapon": 1,
        "pilot_injury": 0.1113,
        "pilot_skill": 0.8746,
        "mission_priority": 0.9226,
        "estimated_landing_time": 382.0,
        "wait_time": 0,
        "Landing_success_rate": 0.8532
    },
    {
        "model": 2,
        "sequence": 23,
        "status": 1,
        "fuel": 6041,
        "fault": 0.7338,
        "weapon": 1,
        "pilot_injury": 0.4463,
        "pilot_skill": 0.0117,
        "mission_priority": 0.9431,
        "estimated_landing_time": 2168.0,
        "wait_time": 0,
        "Landing_success_rate": 0.8608
    },
    {
        "model": 1,
        "sequence": 1,
        "status": 1,
        "fuel": 6676,
        "fault": 0.118,
        "weapon": 1,
        "pilot_injury": 0.9635,
        "pilot_skill": 0.2146,
        "mission_priority": 0.5556,
        "estimated_landing_time": 100.0,
        "wait_time": 0,
        "Landing_success_rate": 0.9278
    },
    {
        "model": 0,
        "sequence": 6,
        "status": 1,
        "fuel": 6474,
        "fault": 0.1323,
        "weapon": 0,
        "pilot_injury": 0.1741,
        "pilot_skill": 0.5135,
        "mission_priority": 0.007,
        "estimated_landing_time": 570.0,
        "wait_time": 0,
        "Landing_success_rate": 0.9134
    },
    {
        "model": 2,
        "sequence": 22,
        "status": 1,
        "fuel": 7268,
        "fault": 0.4457,
        "weapon": 1,
        "pilot_injury": 0.4152,
        "pilot_skill": 0.1502,
        "mission_priority": 0.6314,
        "estimated_landing_time": 2074.0,
        "wait_time": 0,
        "Landing_success_rate": 0.9235
    },
    {
        "model": 0,
        "sequence": 14,
        "status": 1,
        "fuel": 6317,
        "fault": 0.4139,
        "weapon": 0,
        "pilot_injury": 0.6708,
        "pilot_skill": 0.3687,
        "mission_priority": 0.3812,
        "estimated_landing_time": 1322.0,
        "wait_time": 0,
        "Landing_success_rate": 0.8859
    },
    {
        "model": 2,
        "sequence": 15,
        "status": 1,
        "fuel": 6585,
        "fault": 0.842,
        "weapon": 1,
        "pilot_injury": 0.95,
        "pilot_skill": 0.4536,
        "mission_priority": 0.8507,
        "estimated_landing_time": 1416.0,
        "wait_time": 0,
        "Landing_success_rate": 0.8629
    },
    {
        "model": 2,
        "sequence": 9,
        "status": 1,
        "fuel": 7498,
        "fault": 0.6929,
        "weapon": 1,
        "pilot_injury": 0.5074,
        "pilot_skill": 0.6082,
        "mission_priority": 0.5095,
        "estimated_landing_time": 852.0,
        "wait_time": 0,
        "Landing_success_rate": 0.896
    },
    {
        "model": 2,
        "sequence": 16,
        "status": 1,
        "fuel": 5816,
        "fault": 0.1857,
        "weapon": 0,
        "pilot_injury": 0.9411,
        "pilot_skill": 0.5097,
        "mission_priority": 0.9419,
        "estimated_landing_time": 1510.0,
        "wait_time": 0,
        "Landing_success_rate": 0.8693
    },
    {
        "model": 0,
        "sequence": 2,
        "status": 1,
        "fuel": 6685,
        "fault": 0.7326,
        "weapon": 0,
        "pilot_injury": 0.2016,
        "pilot_skill": 0.7677,
        "mission_priority": 0.1778,
        "estimated_landing_time": 194.0,
        "wait_time": 0,
        "Landing_success_rate": 0.8738
    },
    {
        "model": 0,
        "sequence": 21,
        "status": 1,
        "fuel": 5567,
        "fault": 0.4587,
        "weapon": 0,
        "pilot_injury": 0.4767,
        "pilot_skill": 0.1633,
        "mission_priority": 0.045,
        "estimated_landing_time": 1980.0,
        "wait_time": 0,
        "Landing_success_rate": 0.8527
    }
]