[
    {
        "model": 0,
        "sequence": 22,
        "status": 1,
        "fuel": 6473,
        "fault": 0.9353,
        "weapon": 0,
        "pilot_injury": 0.7159,
        "pilot_skill": 0.794,
        "mission_priority": 0.269,
        "estimated_landing_time": 2074.0,
        "wait_time": 0,
        "Landing_success_rate": 0.8547
    },
    {
        "model": 2,
        "sequence": 4,
        "status": 1,
        "fuel": 6756,
        "fault": 0.1634,
        "weapon": 1,
        "pilot_injury": 0.3086,
        "pilot_skill": 0.9685,
        "mission_priority": 0.4457,
        "estimated_landing_time": 382.0,
        "wait_time": 0,
        "Landing_success_rate": 0.9288
    },
    {
        "model": 2,
        "sequence": 15,
        "status": 1,
        "fuel": 6453,
        "fault": 0.5709,
        "weapon": 0,
        "pilot_injury": 0.4445,
        "pilot_skill": 0.9922,
        "mission_priority": 0.8408,
        "estimated_landing_time": 1416.0,
        "wait_time": 0,
        "Landing_success_rate": 0.8807
    },
    {
        "model": 0,
        "sequence": 12,
        "status": 1,
        "fuel": 7358,
        "fault": 0.2557,
        "weapon": 0,
        "pilot_injury": 0.0753,
        "pilot_skill": 0.4648,
        "mission_priority": 0.36,
        "estimated_landing_time": 1134.0,
        "wait_time": 0,
        "Landing_success_rate": 0.9537
    },
    {
        "model": 0,
        "sequence": 5,
        "status": 1,
        "fuel": 6452,
        "fault": 0.0204,
        "weapon": 1,
        "pilot_injury": 0.8314,
        "pilot_skill": 0.4166,
        "mission_priority": 0.4697,
        "estimated_landing_time": 476.0,
        "wait_time": 0,
        "Landing_success_rate": 0.9199
    },
    {
        "model": 1,
        "sequence": 8,
        "status": 1,
        "fuel": 7129,
        "fault": 0.3796,
        "weapon": 1,
        "pilot_injury": 0.3984,
        "pilot_skill": 0.8427,
        "mission_priority": 0.2375,
        "estimated_landing_time": 758.0,
        "wait_time": 0,
        "Landing_success_rate": 0.9258
    },
    {
        "model": 0,
        "sequence": 21,
        "status": 1,
        "fuel": 6357,
        "fault": 0.4643,
        "weapon": 0,
        "pilot_injury": 0.9844,
        "pilot_skill": 0.6469,
        "mission_priority": 0.6087,
        "estimated_landing_time": 1980.0,
        "wait_time": 0,
        "Landing_success_rate": 0.8844
    },
    {
        "model": 2,
        "sequence": 11,
        "status": 1,
        "fuel": 5592,
        "fault": 0.2251,
        "weapon": 1,
        "pilot_injury": 0.4308,
        "pilot_skill": 0.149,
        "mission_priority": 0.2619,
        "estimated_landing_time": 1040.0,
        "wait_time": 0,
        "Landing_success_rate": 0.8553
    },
    {
        "model": 1,
        "sequence": 24,
        "status": 1,
        "fuel": 6129,
        "fault": 0.7702,
        "weapon": 0,
        "pilot_injury": 0.7915,
        "pilot_skill": 0.0116,
        "mission_priority": 0.3216,
        "estimated_landing_time": 2262.0,
        "wait_time": 0,
        "Landing_success_rate": 0.8608
    },
    {
        "model": 1,
        "sequence": 16,
        "status": 1,
        "fuel": 6842,
        "fault": 0.186,
        "weapon": 0,
        "pilot_injury": 0.5735,
        "pilot_skill": 0.2949,
        "mission_priority": 0.3522,
        "estimated_landing_time": 1510.0,
        "wait_time": 0,
        "Landing_success_rate": 0.9319
    },
    {
        "model": 0,
        "sequence": 13,
        "status": 1,
        "fuel": 7282,
        "fault": 0.7257,
        "weapon": 0,
        "pilot_injury": 0.1448,
        "pilot_skill": 0.4806,
        "mission_priority": 0.2703,
        "estimated_landing_time": 1228.0,
        "wait_time": 0,
        "Landing_success_rate": 0.8867
    },
    {
        "model": 0,
        "sequence": 23,
        "status": 1,
        "fuel": 6435,
        "fault": 0.1035,
        "weapon": 1,
        "pilot_injury": 0.5207,
        "pilot_skill": 0.2569,
        "mission_priority": 0.2377,
        "estimated_landing_time": 2168.0,
        "wait_time": 0,
        "Landing_success_rate": 0.9129
    },
    {
        "model": 0,
        "sequence": 3,
        "status": 1,
        "fuel": 5526,
        "fault": 0.7293,
        "weapon": 0,
        "pilot_injury": 0.2412,
        "pilot_skill": 0.4721,
        "mission_priority": 0.7646,
        "estimated_landing_time": 288.0,
        "wait_time": 0,
        "Landing_success_rate": 0.8505
    },
    {
        "model": 1,
        "sequence": 1,
        "status": 1,
        "fuel": 5698,
        "fault": 0.1274,
        "weapon": 1,
        "pilot_injury": 0.3601,
        "pilot_skill": 0.7233,
        "mission_priority": 0.1794,
        "estimated_landing_time": 100.0,
        "wait_time": 0,
        "Landing_success_rate": 0.863
    },
    {
        "model": 1,
        "sequence": 10,
        "status": 1,
        "fuel": 5673,
        "fault": 0.2969,
        "weapon": 0,
        "pilot_injury": 0.2838,
        "pilot_skill": 0.3238,
        "mission_priority": 0.5228,
        "estimated_landing_time": 946.0,
        "wait_time": 0,
        "Landing_success_rate": 0.8591
    },
    {
        "model": 0,
        "sequence": 2,
        "status": 1,
        "fuel": 6813,
        "fault": 0.0947,
        "weapon": 0,
        "pilot_injury": 0.8934,
        "pilot_skill": 0.1066,
        "mission_priority": 0.7541,
        "estimated_landing_time": 194.0,
        "wait_time": 0,
        "Landing_success_rate": 0.9391
    },
    {
        "model": 1,
        "sequence": 7,
        "status": 1,
        "fuel": 7398,
        "fault": 0.1808,
        "weapon": 1,
        "pilot_injury": 0.3164,
        "pilot_skill": 0.4821,
        "mission_priority": 0.8236,
        "estimated_landing_time": 664.0,
        "wait_time": 0,
        "Landing_success_rate": 0.9666
    },
    {
        "model": 1,
        "sequence": 17,
        "status": 1,
        "fuel": 6608,
        "fault": 0.376,
        "weapon": 0,
        "pilot_injury": 0.45,
        "pilot_skill": 0.8486,
        "mission_priority": 0.4099,
        "estimated_landing_time": 1604.0,
        "wait_time": 0,
        "Landing_success_rate": 0.9019
    },
    {
        "model": 1,
        "sequence": 18,
        "status": 1,
        "fuel": 6493,
        "fault": 0.0309,
        "weapon": 1,
        "pilot_injury": 0.5212,
        "pilot_skill": 0.6565,
        "mission_priority": 0.2921,
        "estimated_landing_time": 1698.0,
        "wait_time": 0,
        "Landing_success_rate": 0.9222
    },
    {
        "model": 1,
        "sequence": 6,
        "status": 1,
        "fuel": 6246,
        "fault": 0.628,
        "weapon": 1,
        "pilot_injury": 0.384,
        "pilot_skill": 0.6536,
        "mission_priority": 0.6635,
        "estimated_landing_time": 570.0,
        "wait_time": 0,
        "Landing_success_rate": 0.8708
    },
    {
        "model": 1,
        "sequence": 20,
        "status": 1,
        "fuel": 7083,
        "fault": 0.1589,
        "weapon": 1,
        "pilot_injury": 0.9025,
        "pilot_skill": 0.9931,
        "mission_priority": 0.1692,
        "estimated_landing_time": 1886.0,
        "wait_time": 0,
        "Landing_success_rate": 0.9499
    },
    {
        "model": 2,
        "sequence": 9,
        "status": 1,
        "fuel": 5734,
        "fault": 0.7259,
        "weapon": 0,
        "pilot_injury": 0.4561,
        "pilot_skill": 0.3038,
        "mission_priority": 0.0272,
        "estimated_landing_time": 852.0,
        "wait_time": 0,
        "Landing_success_rate": 0.8548
    },
    {
        "model": 1,
        "sequence": 19,
        "status": 1,
        "fuel": 7264,
        "fault": 0.9389,
        "weapon": 0,
        "pilot_injury": 0.5522,
        "pilot_skill": 0.1221,
        "mission_priority": 0.0443,
        "estimated_landing_time": 1792.0,
        "wait_time": 0,
        "Landing_success_rate": 0.8581
    },
    {
        "model": 0,
        "sequence": 14,
        "status": 1,
        "fuel": 6470,
        "fault": 0.6512,
        "weapon": 1,
        "pilot_injury": 0.1374,
        "pilot_skill": 0.5706,
        "mission_priority": 0.7311,
        "estimated_landing_time": 1322.0,
        "wait_time": 0,
        "Landing_success_rate": 0.8754
    }
]