[
    {
        "model": 1,
        "sequence": 22,
        "status": 1,
        "fuel": 7029,
        "fault": 0.0588,
        "weapon": 1,
        "pilot_injury": 0.7762,
        "pilot_skill": 0.0976,
        "mission_priority": 0.1938,
        "estimated_landing_time": 2074.0,
        "wait_time": 0,
        "Landing_success_rate": 0.9579
    },
    {
        "model": 0,
        "sequence": 16,
        "status": 1,
        "fuel": 5995,
        "fault": 0.9071,
        "weapon": 0,
        "pilot_injury": 0.0059,
        "pilot_skill": 0.9051,
        "mission_priority": 0.9835,
        "estimated_landing_time": 1510.0,
        "wait_time": 0,
        "Landing_success_rate": 0.8534
    },
    {
        "model": 2,
        "sequence": 18,
        "status": 1,
        "fuel": 6592,
        "fault": 0.0155,
        "weapon": 0,
        "pilot_injury": 0.1336,
        "pilot_skill": 0.7662,
        "mission_priority": 0.099,
        "estimated_landing_time": 1698.0,
        "wait_time": 0,
        "Landing_success_rate": 0.9306
    },
    {
        "model": 2,
        "sequence": 14,
        "status": 1,
        "fuel": 6958,
        "fault": 0.9402,
        "weapon": 0,
        "pilot_injury": 0.1412,
        "pilot_skill": 0.0887,
        "mission_priority": 0.4401,
        "estimated_landing_time": 1322.0,
        "wait_time": 0,
        "Landing_success_rate": 0.8565
    },
    {
        "model": 1,
        "sequence": 15,
        "status": 1,
        "fuel": 5748,
        "fault": 0.4099,
        "weapon": 0,
        "pilot_injury": 0.1707,
        "pilot_skill": 0.4195,
        "mission_priority": 0.6067,
        "estimated_landing_time": 1416.0,
        "wait_time": 0,
        "Landing_success_rate": 0.861
    },
    {
        "model": 2,
        "sequence": 4,
        "status": 1,
        "fuel": 5736,
        "fault": 0.0475,
        "weapon": 1,
        "pilot_injury": 0.1786,
        "pilot_skill": 0.4718,
        "mission_priority": 0.3226,
        "estimated_landing_time": 382.0,
        "wait_time": 0,
        "Landing_success_rate": 0.8669
    },
    {
        "model": 0,
        "sequence": 3,
        "status": 1,
        "fuel": 5803,
        "fault": 0.0949,
        "weapon": 1,
        "pilot_injury": 0.6088,
        "pilot_skill": 0.1021,
        "mission_priority": 0.165,
        "estimated_landing_time": 288.0,
        "wait_time": 0,
        "Landing_success_rate": 0.8706
    },
    {
        "model": 0,
        "sequence": 11,
        "status": 1,
        "fuel": 7397,
        "fault": 0.2978,
        "weapon": 0,
        "pilot_injury": 0.9364,
        "pilot_skill": 0.8383,
        "mission_priority": 0.2315,
        "estimated_landing_time": 1040.0,
        "wait_time": 0,
        "Landing_success_rate": 0.9499
    },
    {
        "model": 1,
        "sequence": 24,
        "status": 1,
        "fuel": 6126,
        "fault": 0.7908,
        "weapon": 1,
        "pilot_injury": 0.3665,
        "pilot_skill": 0.7391,
        "mission_priority": 0.8687,
        "estimated_landing_time": 2262.0,
        "wait_time": 0,
        "Landing_success_rate": 0.8598
    },
    {
        "model": 1,
        "sequence": 6,
        "status": 1,
        "fuel": 7365,
        "fault": 0.6435,
        "weapon": 0,
        "pilot_injury": 0.21,
        "pilot_skill": 0.9014,
        "mission_priority": 0.8055,
        "estimated_landing_time": 570.0,
        "wait_time": 0,
        "Landing_success_rate": 0.8999
    },
    {
        "model": 2,
        "sequence": 23,
        "status": 1,
        "fuel": 7346,
        "fault": 0.906,
        "weapon": 0,
        "pilot_injury": 0.6636,
        "pilot_skill": 0.4007,
        "mission_priority": 0.6046,
        "estimated_landing_time": 2168.0,
        "wait_time": 0,
        "Landing_success_rate": 0.863
    },
    {
        "model": 1,
        "sequence": 21,
        "status": 1,
        "fuel": 7100,
        "fault": 0.3969,
        "weapon": 1,
        "pilot_injury": 0.3513,
        "pilot_skill": 0.7184,
        "mission_priority": 0.5529,
        "estimated_landing_time": 1980.0,
        "wait_time": 0,
        "Landing_success_rate": 0.9224
    },
    {
        "model": 1,
        "sequence": 5,
        "status": 1,
        "fuel": 6679,
        "fault": 0.7143,
        "weapon": 1,
        "pilot_injury": 0.94,
        "pilot_skill": 0.1799,
        "mission_priority": 0.2368,
        "estimated_landing_time": 476.0,
        "wait_time": 0,
        "Landing_success_rate": 0.8753
    },
    {
        "model": 1,
        "sequence": 12,
        "status": 1,
        "fuel": 7326,
        "fault": 0.0358,
        "weapon": 0,
        "pilot_injury": 0.1217,
        "pilot_skill": 0.3127,
        "mission_priority": 0.5394,
        "estimated_landing_time": 1134.0,
        "wait_time": 0,
        "Landing_success_rate": 0.982
    },
    {
        "model": 0,
        "sequence": 17,
        "status": 1,
        "fuel": 5632,
        "fault": 0.0044,
        "weapon": 0,
        "pilot_injury": 0.1627,
        "pilot_skill": 0.6145,
        "mission_priority": 0.3583,
        "estimated_landing_time": 1604.0,
        "wait_time": 0,
        "Landing_success_rate": 0.8599
    },
    {
        "model": 2,
        "sequence": 19,
        "status": 1,
        "fuel": 7106,
        "fault": 0.6931,
        "weapon": 0,
        "pilot_injury": 0.9766,
        "pilot_skill": 0.6148,
        "mission_priority": 0.429,
        "estimated_landing_time": 1792.0,
        "wait_time": 0,
        "Landing_success_rate": 0.887
    },
    {
        "model": 1,
        "sequence": 1,
        "status": 1,
        "fuel": 7204,
        "fault": 0.073,
        "weapon": 1,
        "pilot_injury": 0.6801,
        "pilot_skill": 0.9631,
        "mission_priority": 0.515,
        "estimated_landing_time": 100.0,
        "wait_time": 0,
        "Landing_success_rate": 0.9685
    },
    {
        "model": 1,
        "sequence": 20,
        "status": 1,
        "fuel": 7410,
        "fault": 0.576,
        "weapon": 1,
        "pilot_injury": 0.6377,
        "pilot_skill": 0.6779,
        "mission_priority": 0.3117,
        "estimated_landing_time": 1886.0,
        "wait_time": 0,
        "Landing_success_rate": 0.9107
    },
    {
        "model": 1,
        "sequence": 13,
        "status": 1,
        "fuel": 5765,
        "fault": 0.8744,
        "weapon": 1,
        "pilot_injury": 0.6119,
        "pilot_skill": 0.7815,
        "mission_priority": 0.726,
        "estimated_landing_time": 1228.0,
        "wait_time": 0,
        "Landing_success_rate": 0.8525
    },
    {
        "model": 0,
        "sequence": 7,
        "status": 1,
        "fuel": 6564,
        "fault": 0.354,
        "weapon": 0,
        "pilot_injury": 0.6627,
        "pilot_skill": 0.3449,
        "mission_priority": 0.469,
        "estimated_landing_time": 664.0,
        "wait_time": 0,
        "Landing_success_rate": 0.9016
    },
    {
        "model": 0,
        "sequence": 9,
        "status": 1,
        "fuel": 6635,
        "fault": 0.2822,
        "weapon": 1,
        "pilot_injury": 0.6943,
        "pilot_skill": 0.232,
        "mission_priority": 0.3177,
        "estimated_landing_time": 852.0,
        "wait_time": 0,
        "Landing_success_rate": 0.9111
    },
    {
        "model": 1,
        "sequence": 8,
        "status": 1,
        "fuel": 7350,
        "fault": 0.3693,
        "weapon": 0,
        "pilot_injury": 0.9299,
        "pilot_skill": 0.8109,
        "mission_priority": 0.5436,
        "estimated_landing_time": 758.0,
        "wait_time": 0,
        "Landing_success_rate": 0.9375
    },
    {
        "model": 2,
        "sequence": 10,
        "status": 1,
        "fuel": 6022,
        "fault": 0.8517,
        "weapon": 0,
        "pilot_injury": 0.3611,
        "pilot_skill": 0.5498,
        "mission_priority": 0.296,
        "estimated_landing_time": 946.0,
        "wait_time": 0,
        "Landing_success_rate": 0.8558
    },
    {
        "model": 0,
        "sequence": 2,
        "status": 1,
        "fuel": 7016,
        "fault": 0.2453,
        "weapon": 0,
        "pilot_injury": 0.7501,
        "pilot_skill": 0.6342,
        "mission_priority": 0.9268,
        "estimated_landing_time": 194.0,
        "wait_time": 0,
        "Landing_success_rate": 0.9358
    }
]