[
    {
        "model": 0,
        "sequence": 18,
        "status": 1,
        "fuel": 6178,
        "fault": 0.0052,
        "weapon": 1,
        "pilot_injury": 0.3176,
        "pilot_skill": 0.279,
        "mission_priority": 0.8652,
        "estimated_landing_time": 1698.0,
        "wait_time": 0,
        "Landing_success_rate": 0.9006
    },
    {
        "model": 2,
        "sequence": 20,
        "status": 1,
        "fuel": 6359,
        "fault": 0.2182,
        "weapon": 1,
        "pilot_injury": 0.3574,
        "pilot_skill": 0.9432,
        "mission_priority": 0.5515,
        "estimated_landing_time": 1886.0,
        "wait_time": 0,
        "Landing_success_rate": 0.9004
    },
    {
        "model": 1,
        "sequence": 22,
        "status": 1,
        "fuel": 7250,
        "fault": 0.2129,
        "weapon": 0,
        "pilot_injury": 0.2357,
        "pilot_skill": 0.6213,
        "mission_priority": 0.2453,
        "estimated_landing_time": 2074.0,
        "wait_time": 0,
        "Landing_success_rate": 0.9533
    },
    {
        "model": 1,
        "sequence": 7,
        "status": 1,
        "fuel": 6380,
        "fault": 0.7204,
        "weapon": 1,
        "pilot_injury": 0.3007,
        "pilot_skill": 0.3939,
        "mission_priority": 0.3753,
        "estimated_landing_time": 664.0,
        "wait_time": 0,
        "Landing_success_rate": 0.8685
    },
    {
        "model": 0,
        "sequence": 2,
        "status": 1,
        "fuel": 5806,
        "fault": 0.7402,
        "weapon": 0,
        "pilot_injury": 0.2017,
        "pilot_skill": 0.2921,
        "mission_priority": 0.0852,
        "estimated_landing_time": 194.0,
        "wait_time": 0,
        "Landing_success_rate": 0.856
    },
    {
        "model": 0,
        "sequence": 12,
        "status": 1,
        "fuel": 7362,
        "fault": 0.7193,
        "weapon": 1,
        "pilot_injury": 0.0179,
        "pilot_skill": 0.646,
        "mission_priority": 0.1625,
        "estimated_landing_time": 1134.0,
        "wait_time": 0,
        "Landing_success_rate": 0.8892
    },
    {
        "model": 1,
        "sequence": 6,
        "status": 1,
        "fuel": 7357,
        "fault": 0.3802,
        "weapon": 1,
        "pilot_injury": 0.1992,
        "pilot_skill": 0.7209,
        "mission_priority": 0.0119,
        "estimated_landing_time": 570.0,
        "wait_time": 0,
        "Landing_success_rate": 0.9363
    },
    {
        "model": 0,
        "sequence": 1,
        "status": 1,
        "fuel": 7192,
        "fault": 0.452,
        "weapon": 0,
        "pilot_injury": 0.5139,
        "pilot_skill": 0.9093,
        "mission_priority": 0.8296,
        "estimated_landing_time": 100.0,
        "wait_time": 0,
        "Landing_success_rate": 0.9195
    },
    {
        "model": 0,
        "sequence": 17,
        "status": 1,
        "fuel": 6377,
        "fault": 0.1848,
        "weapon": 1,
        "pilot_injury": 0.7106,
        "pilot_skill": 0.0477,
        "mission_priority": 0.2781,
        "estimated_landing_time": 1604.0,
        "wait_time": 0,
        "Landing_success_rate": 0.9036
    },
    {
        "model": 2,
        "sequence": 19,
        "status": 1,
        "fuel": 6210,
        "fault": 0.4135,
        "weapon": 0,
        "pilot_injury": 0.6793,
        "pilot_skill": 0.3214,
        "mission_priority": 0.3617,
        "estimated_landing_time": 1792.0,
        "wait_time": 0,
        "Landing_success_rate": 0.8812
    },
    {
        "model": 0,
        "sequence": 13,
        "status": 1,
        "fuel": 6910,
        "fault": 0.3649,
        "weapon": 0,
        "pilot_injury": 0.2246,
        "pilot_skill": 0.1768,
        "mission_priority": 0.724,
        "estimated_landing_time": 1228.0,
        "wait_time": 0,
        "Landing_success_rate": 0.9172
    },
    {
        "model": 1,
        "sequence": 21,
        "status": 1,
        "fuel": 6860,
        "fault": 0.0187,
        "weapon": 1,
        "pilot_injury": 0.319,
        "pilot_skill": 0.9566,
        "mission_priority": 0.9842,
        "estimated_landing_time": 1980.0,
        "wait_time": 0,
        "Landing_success_rate": 0.9501
    },
    {
        "model": 0,
        "sequence": 3,
        "status": 1,
        "fuel": 6686,
        "fault": 0.8876,
        "weapon": 0,
        "pilot_injury": 0.7483,
        "pilot_skill": 0.3956,
        "mission_priority": 0.0484,
        "estimated_landing_time": 288.0,
        "wait_time": 0,
        "Landing_success_rate": 0.86
    },
    {
        "model": 1,
        "sequence": 11,
        "status": 1,
        "fuel": 6771,
        "fault": 0.947,
        "weapon": 1,
        "pilot_injury": 0.2905,
        "pilot_skill": 0.3155,
        "mission_priority": 0.3491,
        "estimated_landing_time": 1040.0,
        "wait_time": 0,
        "Landing_success_rate": 0.8551
    },
    {
        "model": 1,
        "sequence": 15,
        "status": 1,
        "fuel": 6885,
        "fault": 0.9533,
        "weapon": 0,
        "pilot_injury": 0.4835,
        "pilot_skill": 0.1629,
        "mission_priority": 0.6488,
        "estimated_landing_time": 1416.0,
        "wait_time": 0,
        "Landing_success_rate": 0.8549
    },
    {
        "model": 0,
        "sequence": 10,
        "status": 1,
        "fuel": 5629,
        "fault": 0.2132,
        "weapon": 1,
        "pilot_injury": 0.8383,
        "pilot_skill": 0.4443,
        "mission_priority": 0.5683,
        "estimated_landing_time": 946.0,
        "wait_time": 0,
        "Landing_success_rate": 0.8576
    },
    {
        "model": 1,
        "sequence": 16,
        "status": 1,
        "fuel": 6371,
        "fault": 0.1258,
        "weapon": 0,
        "pilot_injury": 0.7673,
        "pilot_skill": 0.2492,
        "mission_priority": 0.0938,
        "estimated_landing_time": 1510.0,
        "wait_time": 0,
        "Landing_success_rate": 0.9071
    },
    {
        "model": 2,
        "sequence": 5,
        "status": 1,
        "fuel": 5886,
        "fault": 0.557,
        "weapon": 1,
        "pilot_injury": 0.6841,
        "pilot_skill": 0.6892,
        "mission_priority": 0.4531,
        "estimated_landing_time": 476.0,
        "wait_time": 0,
        "Landing_success_rate": 0.8628
    },
    {
        "model": 2,
        "sequence": 24,
        "status": 1,
        "fuel": 6855,
        "fault": 0.1868,
        "weapon": 1,
        "pilot_injury": 0.1977,
        "pilot_skill": 0.6495,
        "mission_priority": 0.6923,
        "estimated_landing_time": 2262.0,
        "wait_time": 0,
        "Landing_success_rate": 0.9326
    },
    {
        "model": 1,
        "sequence": 8,
        "status": 1,
        "fuel": 6314,
        "fault": 0.7269,
        "weapon": 1,
        "pilot_injury": 0.6879,
        "pilot_skill": 0.6953,
        "mission_priority": 0.7189,
        "estimated_landing_time": 758.0,
        "wait_time": 0,
        "Landing_success_rate": 0.8667
    },
    {
        "model": 2,
        "sequence": 23,
        "status": 1,
        "fuel": 7239,
        "fault": 0.0711,
        "weapon": 1,
        "pilot_injury": 0.338,
        "pilot_skill": 0.3243,
        "mission_priority": 0.675,
        "estimated_landing_time": 2168.0,
        "wait_time": 0,
        "Landing_success_rate": 0.9712
    },
    {
        "model": 0,
        "sequence": 4,
        "status": 1,
        "fuel": 5795,
        "fault": 0.8168,
        "weapon": 1,
        "pilot_injury": 0.5266,
        "pilot_skill": 0.173,
        "mission_priority": 0.2261,
        "estimated_landing_time": 382.0,
        "wait_time": 0,
        "Landing_success_rate": 0.8541
    },
    {
        "model": 0,
        "sequence": 9,
        "status": 1,
        "fuel": 7063,
        "fault": 0.2485,
        "weapon": 0,
        "pilot_injury": 0.5949,
        "pilot_skill": 0.581,
        "mission_priority": 0.9624,
        "estimated_landing_time": 852.0,
        "wait_time": 0,
        "Landing_success_rate": 0.9381
    },
    {
        "model": 0,
        "sequence": 14,
        "status": 1,
        "fuel": 7042,
        "fault": 0.3808,
        "weapon": 0,
        "pilot_injury": 0.7231,
        "pilot_skill": 0.0613,
        "mission_priority": 0.93,
        "estimated_landing_time": 1322.0,
        "wait_time": 0,
        "Landing_success_rate": 0.9216
    }
]